{"loss": [20406.158203125, 8869.3876953125, 7851.7412109375, 7430.521484375, 7168.80908203125, 6705.712890625, 6960.56396484375, 6658.61767578125, 6417.05908203125, 6133.28369140625, 6517.5322265625, 6304.14892578125, 6293.38232421875, 6213.74951171875, 6187.25634765625, 6330.3369140625, 6219.61669921875, 6193.93603515625, 6161.11767578125, 6343.28466796875, 5945.71923828125, 5984.158203125, 6049.81982421875, 6099.986328125, 5712.5888671875, 6041.16259765625, 5899.75927734375, 5782.1767578125, 5816.30126953125, 5863.576171875, 5846.5703125, 5660.68310546875, 5689.2841796875, 5642.25732421875, 5508.42138671875, 5815.041015625, 5528.71728515625, 5371.1005859375, 5510.67431640625, 5526.0400390625, 5503.37841796875, 5440.5263671875, 5369.48779296875, 5290.46923828125, 5329.03857421875], "val_loss": [9278.0205078125, 7855.79345703125, 7091.4638671875, 6741.47607421875, 6537.7119140625, 6403.90966796875, 6308.25537109375, 6277.4365234375, 6245.2578125, 6174.765625, 6173.54443359375, 6184.595703125, 6192.8046875, 6123.455078125, 6114.24072265625, 6168.73828125, 6139.6376953125, 6085.03662109375, 6030.3125, 6135.07421875, 6042.28564453125, 5976.8427734375, 6072.7802734375, 5966.14306640625, 6015.4912109375, 5895.904296875, 5932.84033203125, 5862.6513671875, 5872.93505859375, 5858.3115234375, 5861.89111328125, 5856.22705078125, 5847.9658203125, 5847.0087890625, 5827.13671875, 5910.87060546875, 5957.65380859375, 5817.2666015625, 6017.76123046875, 5863.82421875, 5878.91943359375, 5877.8203125, 5913.5947265625, 5903.8544921875, 5881.75048828125]}