{"loss": [13772.3095703125, 6526.16259765625, 6144.2734375, 6062.1787109375, 6010.5576171875, 5851.39013671875, 5840.73583984375, 5958.6220703125, 5791.9736328125, 5801.45654296875, 5755.30712890625, 5524.65234375, 5116.90576171875, 4303.109375, 3503.9169921875, 2997.704345703125, 2479.675537109375, 1885.22216796875, 1293.4874267578125, 1036.2666015625, 835.4425048828125, 707.1986083984375, 591.9763793945312, 480.3333435058594, 451.4350891113281, 378.4429626464844, 330.1272888183594, 289.1927185058594, 264.46844482421875, 243.72801208496094, 215.5140838623047, 206.8019256591797, 229.77134704589844, 192.0652618408203, 175.0078125, 158.20166015625, 147.1927490234375, 173.95216369628906, 165.07611083984375, 133.98313903808594, 172.2599334716797, 121.31211853027344], "val_loss": [7474.185546875, 6420.65478515625, 6396.85791015625, 6579.03662109375, 6343.4462890625, 6271.34521484375, 6389.9951171875, 6078.97314453125, 6085.130859375, 6342.384765625, 6108.8408203125, 5874.6455078125, 4633.52099609375, 3831.123779296875, 3572.5576171875, 2867.18359375, 1953.6248779296875, 1953.0516357421875, 1514.628662109375, 1544.987548828125, 1274.7913818359375, 1407.9383544921875, 1208.3126220703125, 1243.17138671875, 1074.180419921875, 1028.0833740234375, 942.5946655273438, 913.9635009765625, 982.0097045898438, 975.1481323242188, 951.0430297851562, 857.310302734375, 948.8645629882812, 895.8794555664062, 852.4134521484375, 920.8431396484375, 868.4346313476562, 908.923828125, 885.708984375, 879.400390625, 896.1840209960938, 878.1884765625]}