,width,size,polarization,pol_std_dev,pol_95%_ci_lower,pol_95%_ci_upper,quops_rate,quops_rate_std_dev,raw_quops_rate,raw_quops_rate_std_dev
0,2,4,0.8592546824188796,9.462580693344708e-06,0.859239116473639,1.0,,,,
1,2,5000004,0.7603766414954853,4.584725758331661e-05,0.7603012227567608,1.0,,,,
2,2,7500004,0.0,0.0,0.0,1.0,,,,
3,2,6250004,0.0,0.0,0.0,1.0,,,,
4,2,5625004,0.0,0.0,0.0,1.0,,,,
5,2,5312504,0.0,0.0,0.0,1.0,,,,
6,2,5156256,0.0,0.0,0.0,1.0,,,,
7,2,5078132,0.5321652709859609,0.34838395019763596,-0.04092632708915023,1.0,,,,
8,2,5039068,0.7602736656509606,5.312691915264406e-05,0.7601862718689545,1.0,,,,
9,2,5058600,0.6842255565038664,0.22807518826983506,0.3090418717999877,1.0,,,,
10,2,5068368,0.6842186964637265,0.2280729038096467,0.3090387696968576,1.0,,,,
11,2,5073252,0.684233057760863,0.2280776892912488,0.30904525887675866,1.0,,,,
12,2,5075692,0.5321525269815556,0.3483756061555793,-0.040925345144372294,1.0,,,,
13,2,5074472,0.5321687410987022,0.34838622230942895,-0.04092659460030845,1.0,,,,
14,2,5073864,0.760234191519136,3.268130557440151e-05,0.760180430771466,1.0,,,,
15,2,5074168,0.6081744584940849,0.3040872337480667,0.10795095897851525,1.0,,,,
16,2,5074320,0.7602562025779178,5.917523066859934e-05,0.7601588593234679,1.0,,,,
17,2,5074396,0.7602272983405134,4.0910849180197385e-05,0.760159999993612,1.0,,,,
18,2,5074436,0.45615200308021253,0.37244655306172625,-0.1565225767063272,1.0,,,,
19,2,5074416,0.5321729781030158,0.34838899607825646,-0.04092692044571611,1.0,,,,
20,2,5074408,0.5321647991404042,0.3483836414602594,-0.04092629106172263,1.0,,,,
21,2,5074404,0.45614232639090835,0.37243865005682114,-0.15651925295256242,1.0,,,,
22,2,5074400,0.5321712813851838,0.34838788388807757,-0.040926787610703785,1.0,,,,
23,3,6,0.8507912734957731,8.021785846696879e-06,0.8507780776580552,1.0,,,,
24,3,5000004,0.7601989926233078,3.726132448582976e-05,0.7601376977445287,1.0,,,,
25,3,7500006,0.0,0.0,0.0,1.0,,,,
26,3,6250008,0.0,0.0,0.0,1.0,,,,
27,3,5625006,0.0,0.0,0.0,1.0,,,,
28,3,5312508,0.0,0.0,0.0,1.0,,,,
29,3,5156256,0.0,0.0,0.0,1.0,,,,
30,3,5078130,0.5320425634803185,0.34830361749848293,-0.0409168873046859,1.0,,,,
31,3,5039070,0.7601142690395546,3.976201593251363e-05,0.7600488605233456,1.0,,,,
32,3,5058600,0.7600405131368603,3.0970933895265126e-05,0.7599895659506025,1.0,,,,
33,3,5068368,0.5320412600600022,0.34830276597798066,-0.04091678997377601,1.0,,,,
34,3,5063484,0.6840502041471035,0.22801673862420313,0.30896266911028936,1.0,,,,
35,3,5065926,0.760055360888047,3.531875690456829e-05,0.759997261532939,1.0,,,,
36,3,5067150,0.6840428872971297,0.22801429926577307,0.308959365004933,1.0,,,,
37,3,5067762,0.7600601650281991,4.975501641092318e-05,0.7599783180262031,1.0,,,,
38,3,5068068,0.6840499535014184,0.2280166533926691,0.3089625586704777,1.0,,,,
39,3,5068218,0.6080352573331701,0.3040176305478361,0.10792625508197973,1.0,,,,
40,3,5068296,0.6080233753272452,0.30401168815866164,0.10792414830624675,1.0,,,,
41,3,5068332,0.6080432159308942,0.30402160924791083,0.1079276687180808,1.0,,,,
42,3,5068350,0.608028338351229,0.3040141700849554,0.10792502856147745,1.0,,,,
43,3,5068362,0.760054694656346,3.703121821839964e-05,0.7599937783023767,1.0,,,,
44,4,8,0.8423406061889753,5.198383209273058e-06,0.8423320548485961,1.0,,,,
45,4,5000008,0.7599591960799209,5.052847592784709e-05,0.7598760767370196,1.0,,,,
46,4,7500008,0.0,0.0,0.0,1.0,,,,
47,4,6250008,0.0,0.0,0.0,1.0,,,,
48,4,5625008,0.0,0.0,0.0,1.0,,,,
49,4,5312512,0.0,0.0,0.0,1.0,,,,
50,4,5156264,0.0,0.0,0.0,1.0,,,,
51,4,5078136,0.4559087774236296,0.3722479600482219,-0.1564391168556954,1.0,,,,
52,4,5039072,0.7598861841483249,4.282869899941478e-05,0.7598157309384709,1.0,,,,
53,4,5058608,0.6078704966350853,0.30393524974487907,0.10789701080475922,1.0,,,,
54,4,5068376,0.6838709265886838,0.22795697782367713,0.3088816980687349,1.0,,,,
55,4,5073256,0.6078661620490031,0.3039330820432536,0.10789624208785098,1.0,,,,
56,4,5075696,0.5318874803410466,0.3482020920856897,-0.04090496113991293,1.0,,,,
57,4,5074480,0.4559114567377991,0.37225014903358844,-0.1564400384224539,1.0,,,,
58,4,5073872,0.6078542260995075,0.30392711441299275,0.10789412289013439,1.0,,,,
59,4,5074176,0.5318794114432103,0.3481968099457353,-0.04090434091752437,1.0,,,,
60,4,5074024,0.6838874782431175,0.22796249727546328,0.30888917022498036,1.0,,,,
61,4,5074104,0.6078711666774201,0.3039355878224685,0.10789712470945945,1.0,,,,
62,4,5074144,0.6838485793650834,0.2279495287950292,0.3088716044972603,1.0,,,,
63,4,5074160,0.5318795848679375,0.34819692330830754,-0.040904353974228425,1.0,,,,
64,4,5074152,0.5318968367288773,0.3482082180507338,-0.040905681964579776,1.0,,,,
65,5,10,0.8339524779819343,2.8679295809615487e-06,0.8339477602377736,1.0,,,,
66,5,5000010,0.7597594000268048,5.2153707929999514e-05,0.75967360717726,1.0,,,,
67,5,7500010,0.0,0.0,0.0,1.0,,,,
68,5,6250010,0.0,0.0,0.0,1.0,,,,
69,5,5625010,0.0,0.0,0.0,1.0,,,,
70,5,5312510,0.0,0.0,0.0,1.0,,,,
71,5,5156260,0.0,0.0,0.0,1.0,,,,
72,5,5078140,0.5317277390974376,0.3480975175550431,-0.04089267728060819,1.0,,,,
73,5,5039080,0.7596889812537875,3.4543205949179156e-05,0.759632157680001,1.0,,,,
74,5,5058610,0.6836733715212147,0.22789112904302558,0.30879246424543755,1.0,,,,
75,5,5068380,0.6836875285431405,0.22789584509101043,0.3087988633684284,1.0,,,,
76,5,5073260,0.683660995077178,0.22788700300844963,0.3087868751282784,1.0,,,,
77,5,5075700,0.5317442796376619,0.34810834517682204,-0.04089394817821035,1.0,,,,
78,5,5074480,0.6077089321051172,0.3038544678627221,0.10786833247093941,1.0,,,,
79,5,5075090,0.7596429067177524,4.713878913662146e-05,0.7595653634096227,1.0,,,,
80,5,5075400,0.683681287386265,0.2278937666545837,0.3087960412394748,1.0,,,,
81,5,5075550,0.45577090073495635,0.3721353827947801,-0.15639180396245694,1.0,,,,
82,5,5075480,0.6836534715467542,0.2278844919464636,0.30878348229482155,1.0,,,,
83,5,5075520,0.37979328958219066,0.37979329010267077,-0.24496667263670274,1.0,,,,
84,5,5075500,0.45576527023183216,0.3721307853518463,-0.156389871671955,1.0,,,,
85,5,5075490,0.3038453963567077,0.37213309211397555,-0.30831354017078205,1.0,,,,
86,6,12,0.8256364010660315,3.3588377842180815e-06,0.8256308757778765,1.0,,,,
87,6,5000016,0.7595140723179948,4.6955798329952404e-05,0.759436830029742,1.0,,,,
88,6,7500012,0.0,0.0,0.0,1.0,,,,
89,6,6250020,0.0,0.0,0.0,1.0,,,,
90,6,5625024,0.0,0.0,0.0,1.0,,,,
91,6,5312520,0.0,0.0,0.0,1.0,,,,
92,6,5156268,0.0,0.0,0.0,1.0,,,,
93,6,5078148,0.4556269693039809,0.3720178638605227,-0.15634241674657895,1.0,,,,
94,6,5039088,0.7594588944979519,3.301322841104147e-05,0.7594045877372158,1.0,,,,
95,6,5058624,0.7594402163196399,6.950048357881678e-05,0.7593258880241527,1.0,,,,
96,6,5068392,0.6075379441444333,0.3037689748191089,0.10783798056699911,1.0,,,,
97,6,5073276,0.6834739725964276,0.2278246624589051,0.3087024028515287,1.0,,,,
98,6,5075712,0.3796994051110879,0.37969940712233485,-0.24490611960515296,1.0,,,,
99,6,5074500,0.5315847586023863,0.34800391459632296,-0.04088168090856503,1.0,,,,
100,6,5073888,0.6074967360288996,0.30374836855183923,0.1078306697611241,1.0,,,,
101,6,5074200,0.5315774112527027,0.3479991039946716,-0.04088111481853207,1.0,,,,
102,6,5074044,0.6075216919040602,0.30376084713506807,0.10783509836687327,1.0,,,,
103,6,5074128,0.5315761097065128,0.3479982530989467,-0.04088101664125454,1.0,,,,
104,6,5074092,0.5315735523953575,0.3479965787134537,-0.04088081958827383,1.0,,,,
105,6,5074068,0.5315667295044001,0.34799211291994414,-0.04088029624890799,1.0,,,,
106,6,5074056,0.5315704865494804,0.347994572119145,-0.04088058458651311,1.0,,,,
107,7,14,0.817396175314658,2.2442436923550827e-06,0.8173924835337841,1.0,,,,
108,7,5000016,0.7592929066383787,4.7666362476363094e-05,0.7592144954721051,1.0,,,,
109,7,7500010,0.0,0.0,0.0,1.0,,,,
110,7,6250020,0.0,0.0,0.0,1.0,,,,
111,7,5625018,0.0,0.0,0.0,1.0,,,,
112,7,5312524,0.0,0.0,0.0,1.0,,,,
113,7,5156270,0.0,0.0,0.0,1.0,,,,
114,7,5078150,0.6073360128443788,0.30366800806971284,0.10780213956970114,1.0,,,,
115,7,5117210,0.0,0.0,0.0,1.0,,,,
116,7,5097680,0.3036724124199467,0.371921230356261,-0.30813801151610265,1.0,,,,
117,7,5087922,0.3795745083732836,0.3795745092020927,-0.2448255592641589,1.0,,,,
118,7,5083036,0.5314103102301148,0.3478897122605286,-0.04086826643845487,1.0,,,,
119,7,5080600,0.6073266249277894,0.303663314898967,0.10780047191898878,1.0,,,,
120,7,5081818,0.4555039000761253,0.37191737754576604,-0.15630018598665985,1.0,,,,
121,7,5081216,0.6073414940080315,0.3036707493585374,0.1078031113132375,1.0,,,,
122,7,5081524,0.6073421706330342,0.3036710866326785,0.10780323312227807,1.0,,,,
123,7,5081678,0.455496833281421,0.3719116083728355,-0.15629776249189342,1.0,,,,
124,7,5081608,0.30367596799447766,0.3719255846476801,-0.3081416187509561,1.0,,,,
125,7,5081566,0.5314003934809389,0.3478832191474346,-0.04086750201659095,1.0,,,,
126,7,5081552,0.6073358729458268,0.3036679391169811,0.10780211309839288,1.0,,,,
127,8,16,0.8092328016116254,3.819943616145595e-06,0.8092265178043768,1.0,,,,
128,8,5000016,0.7590878890751275,5.965417380563235e-05,0.7589897579592172,1.0,,,,
129,8,7500016,0.0,0.0,0.0,1.0,,,,
130,8,6250016,0.0,0.0,0.0,1.0,,,,
131,8,5625024,0.0,0.0,0.0,1.0,,,,
132,8,5312528,0.0,0.0,0.0,1.0,,,,
133,8,5156272,0.0,0.0,0.0,1.0,,,,
134,8,5078144,0.6830140964741729,0.22767136629255677,0.308494698922917,1.0,,,,
135,8,5117216,0.07588655982950113,0.22765967948850338,-0.29861361292908695,1.0,,,,
136,8,5097680,0.0758953415662121,0.22768602469863627,-0.2986481690630446,1.0,,,,
137,8,5087920,0.6830425572401247,0.2276808568168515,0.30850754777640405,1.0,,,,
138,8,5092800,0.3035668911866002,0.3717919939284216,-0.30803093882565336,1.0,,,,
139,8,5090368,0.5312305371985213,0.3477720220182167,-0.040854439021445144,1.0,,,,
140,8,5089152,0.3794628494481048,0.3794628508359846,-0.24475354017708983,1.0,,,,
141,8,5088544,0.4553575232762343,0.37179786190935443,-0.15624995956465376,1.0,,,,
142,8,5088240,0.3035662192156133,0.3717911716372875,-0.3080302581277246,1.0,,,,
143,8,5088080,0.3035665160704702,0.3717915338014728,-0.3080305570329525,1.0,,,,
144,8,5088000,0.3794674706353716,0.3794674709268331,-0.24475651903926882,1.0,,,,
145,8,5087968,0.3035833085114584,0.3718121009719941,-0.3080475975874718,1.0,,,,
146,8,5087952,0.30357876579588183,0.3718065375439802,-0.3080429884639656,1.0,,,,
147,8,5087936,0.6071336649421245,0.30356683590061495,0.10776621988561291,1.0,,,,
148,9,18,0.8011505959660832,2.6466539223690196e-06,0.8011462422203809,1.0,,,,
149,9,5000022,0.7588209673420685,5.568769132152555e-05,0.7587293610898446,1.0,,,,
150,9,7500024,0.0,0.0,0.0,1.0,,,,
151,9,6250032,0.0,0.0,0.0,1.0,,,,
152,9,5625036,0.0,0.0,0.0,1.0,,,,
153,9,5312538,0.0,0.0,0.0,1.0,,,,
154,9,5156280,0.0,0.0,0.0,1.0,,,,
155,9,5078160,0.5310599655212234,0.3476603579040914,-0.040841323231006976,1.0,,,,
156,9,5039100,0.758739003740119,2.9940874699512255e-05,0.7586897510012384,1.0,,,,
157,9,5058630,0.6828375576761009,0.22761252528160436,0.3084149535878617,1.0,,,,
158,9,5068404,0.6069728215894271,0.3034864145077103,0.10773766972424365,1.0,,,,
159,9,5073282,0.5310792879558154,0.3476730072492913,-0.04084280896926884,1.0,,,,
160,9,5070852,0.682831644647953,0.22761055387831286,0.3084122835181283,1.0,,,,
161,9,5072076,0.4552108784934136,0.37167812752578083,-0.15619964128649588,1.0,,,,
162,9,5071464,0.5310823158582804,0.3476749910523163,-0.04084304442277997,1.0,,,,
163,9,5071158,0.4552100930394034,0.3716774852324057,-0.15619937016790397,1.0,,,,
164,9,5071014,0.5310877110471413,0.34767852016528683,-0.04084345462475558,1.0,,,,
165,9,5070942,0.6828316137926048,0.22761053993798078,0.3084122755946264,1.0,,,,
166,9,5070978,0.6828249579818989,0.22760832091392108,0.3084092700784987,1.0,,,,
167,9,5070996,0.6069952785265172,0.30349764343324664,0.10774165507882649,1.0,,,,
168,10,20,0.7931478227032669,1.5733136289520563e-06,0.7931452346023473,1.0,,,,
169,10,5000020,0.7585997163963174,5.123735639197715e-05,0.7585154309450526,1.0,,,,
170,10,7500020,0.0,0.0,0.0,1.0,,,,
171,10,6250020,0.0,0.0,0.0,1.0,,,,
172,10,5625020,0.0,0.0,0.0,1.0,,,,
173,10,5312520,0.0,0.0,0.0,1.0,,,,
174,10,5156280,0.0,0.0,0.0,1.0,,,,
175,10,5078160,0.30337186662124443,0.37155313857024064,-0.3078330463268015,1.0,,,,
176,10,5039100,0.7584671237151863,4.835098590474716e-05,0.758387586343373,1.0,,,,
177,10,5058640,0.758438479534852,2.466892406193629e-05,0.7583978991547701,1.0,,,,
178,10,5068400,0.60674176656799,0.30337088533543566,0.10769666019119828,1.0,,,,
179,10,5073280,0.6825757677698483,0.22752525949908645,0.3082967158938511,1.0,,,,
180,10,5075720,0.6825930587246726,0.22753102254459864,0.3083045266388078,1.0,,,,
181,10,5076940,0.455043999532756,0.3715418723103774,-0.1561423804178148,1.0,,,,
182,10,5076340,0.5308751988507849,0.347539398573702,-0.04082711180295484,1.0,,,,
183,10,5076040,0.6067617706608275,0.3033808874037531,0.10770021088165366,1.0,,,,
184,10,5076200,0.5308759483909847,0.3475398903279648,-0.04082717119851731,1.0,,,,
185,10,5076120,0.3792055939401707,0.379205594429618,-0.24458760889655085,1.0,,,,
186,10,5076080,0.4550658179120955,0.37155968502703085,-0.15614986395737024,1.0,,,,
187,10,5076060,0.6067245446894811,0.3033622734867546,0.10769360480376977,1.0,,,,
188,11,22,0.7852222899996238,1.719125741616876e-06,0.7852194620377789,1.0,,,,
189,11,5000028,0.7583065792122131,4.603388778682656e-05,0.7582308534668037,1.0,,,,
190,11,7500020,0.0,0.0,0.0,1.0,,,,
191,11,6250024,0.0,0.0,0.0,1.0,,,,
192,11,5625026,0.0,0.0,0.0,1.0,,,,
193,11,5312538,0.0,0.0,0.0,1.0,,,,
194,11,5156294,0.0,0.0,0.0,1.0,,,,
195,11,5078172,0.45489642316467604,0.37142137531542696,-0.15609173922920128,1.0,,,,
196,11,5039100,0.7582543006187027,6.331148242299519e-05,0.7581501532301169,1.0,,,,
197,11,5058636,0.6823625819225507,0.22745420028930444,0.3082004224466449,1.0,,,,
198,11,5068404,0.6065377766037171,0.3032688901988387,0.10766045222662746,1.0,,,,
199,11,5073288,0.5307042096229924,0.3474274635250453,-0.040813967875707124,1.0,,,,
200,11,5070846,0.6065221972965991,0.30326110147084534,0.1076576853770585,1.0,,,,
201,11,5069636,0.6823252444381822,0.22744175008423978,0.30818356554960774,1.0,,,,
202,11,5070252,0.6823436633394486,0.22744789167290028,0.3081918815375277,1.0,,,,
203,11,5070560,0.6065087312770409,0.3032543669894339,0.10765529757942205,1.0,,,,
204,11,5070406,0.6065166029767624,0.303258303880859,0.10765669309274928,1.0,,,,
205,11,5070340,0.68234238234241,0.2274474631323315,0.3081913054897246,1.0,,,,
206,11,5070384,0.6823341286483201,0.2274447113891484,0.30818757841317096,1.0,,,,
207,12,24,0.7773741624656202,1.6030355970788444e-06,0.777371525472063,1.0,,,,
208,12,5000016,0.7579997255923993,5.4567542148065124e-05,0.7579099619855657,1.0,,,,
209,12,7500024,0.0,0.0,0.0,1.0,,,,
210,12,6250032,0.0,0.0,0.0,1.0,,,,
211,12,5625024,0.0,0.0,0.0,1.0,,,,
212,12,5312520,0.0,0.0,0.0,1.0,,,,
213,12,5156280,0.0,0.0,0.0,1.0,,,,
214,12,5078160,0.45469998941138884,0.3712609877473694,-0.1560243354330338,1.0,,,,
215,12,5039088,0.7579156595554382,6.389505690469832e-05,0.7578105521868299,1.0,,,,
216,12,5058624,0.6821171885762118,0.22737240255111532,0.30808958637962713,1.0,,,,
217,12,5068392,0.6820792929945527,0.22735976662790278,0.3080724768916526,1.0,,,,
218,12,5073288,0.6063088261930958,0.30315441564032586,0.10761981246475977,1.0,,,,
219,12,5070840,0.6820715316151602,0.2273571792144898,0.30806897180732445,1.0,,,,
220,12,5072064,0.6062869504202995,0.3031434795230623,0.10761592660486197,1.0,,,,
221,12,5071464,0.6820763192506798,0.22735877621081244,0.30807113238389333,1.0,,,,
222,12,5071776,0.6062825723662023,0.303141287189089,0.10761515494015089,1.0,,,,
223,12,5071632,0.757879826310097,3.320359658446788e-05,0.7578252063937155,1.0,,,,
224,12,5071704,0.6820893845002802,0.22736313221765475,0.3080770320022382,1.0,,,,
225,12,5071752,0.6062897421963516,0.3031448725236208,0.10761642689499529,1.0,,,,
226,12,5071728,0.6063036830083237,0.3031518430006023,0.10761890127233298,1.0,,,,
227,13,26,0.7696055292410076,1.103744430932372e-06,0.7696037135814187,1.0,,,,
228,13,5000034,0.7577462172158339,4.566600475966439e-05,0.7576710966380042,1.0,,,,
229,13,7500038,0.0,0.0,0.0,1.0,,,,
230,13,6250036,0.0,0.0,0.0,1.0,,,,
231,13,5625048,0.0,0.0,0.0,1.0,,,,
232,13,5312554,0.0,0.0,0.0,1.0,,,,
233,13,5156294,0.0,0.0,0.0,1.0,,,,
234,13,5078164,0.4545519597180922,0.3711401213868435,-0.1559735399632653,1.0,,,,
235,13,5039112,0.7576560261675126,3.920476517613802e-05,0.7575915343287979,1.0,,,,
236,13,5058638,0.7576016554208042,4.341638089630064e-05,0.7575302354742297,1.0,,,,
237,13,5068414,0.6060677169121857,0.3030338633032214,0.10757701177838652,1.0,,,,
238,13,5063526,0.7575835674341546,3.3123542751054205e-05,0.7575290792063291,1.0,,,,
239,13,5065970,0.6060832523441951,0.30304162838125276,0.10757977365703436,1.0,,,,
240,13,5064748,0.606064917149043,0.3030324625730971,0.10757651621629821,1.0,,,,
241,13,5064150,0.6060814301095498,0.3030407164098489,0.10757945161534838,1.0,,,,
242,13,5063838,0.6818417275925898,0.22728058149536143,0.3079651710327202,1.0,,,,
243,13,5063994,0.7575839987578477,7.43702919358755e-05,0.7574616596276131,1.0,,,,
244,13,5064072,0.7576117831530074,5.1365579674679426e-05,0.7575272867744425,1.0,,,,
245,13,5064124,0.6818152431471396,0.22727175162866634,0.30795321171798345,1.0,,,,
246,14,28,0.7687477185786056,1.9602373220817386e-06,0.7687444939882108,1.0,,,,
247,14,5000016,0.757399949384477,9.692185553176562e-05,0.7572405129321272,1.0,,,,
248,14,7500024,0.0,0.0,0.0,1.0,,,,
249,14,6250020,0.0,0.0,0.0,1.0,,,,
250,14,5625032,0.0,0.0,0.0,1.0,,,,
251,14,5312524,0.0,0.0,0.0,1.0,,,,
252,14,5156284,0.0,0.0,0.0,1.0,,,,
253,14,5078164,0.681540158330262,0.22718005438798997,0.30782896886201855,1.0,,,,
254,14,5117224,0.0,0.0,0.0,1.0,,,,
255,14,5097708,0.3028932278572737,0.3709669276864689,-0.3073473681869676,1.0,,,,
256,14,5087936,0.30292174616452844,0.3710018554288838,-0.3073763060159855,1.0,,,,
257,14,5083064,0.15145045173084784,0.30290090346173537,-0.3468215344637069,1.0,,,,
258,14,5080628,0.6815051016774148,0.2271683719297987,0.307813129852896,1.0,,,,
259,14,5081860,0.6815455318770703,0.22718184954211357,0.30783138938029353,1.0,,,,
260,14,5082476,0.6057889400381311,0.30289447135768666,0.10752753465473658,1.0,,,,
261,14,5082168,0.3786213917540295,0.3786213921993468,-0.2442107984138961,1.0,,,,
262,14,5082028,0.5301030946905209,0.34703393898952084,-0.04076773494724095,1.0,,,,
263,14,5081944,0.4543631649328437,0.37098597249689086,-0.15590875982454178,1.0,,,,
264,14,5081916,0.6057983523229847,0.3028991776314779,0.10752920511920361,1.0,,,,
265,14,5081888,0.45434127603274643,0.3709681013849575,-0.15590125074550865,1.0,,,,
266,15,30,0.7687843282745861,1.4971696853796746e-06,0.7687818654304537,1.0,,,,
267,15,5000040,0.7570886670398603,4.3452789921076287e-05,0.7570171872004402,1.0,,,,
268,15,7500030,0.0,0.0,0.0,1.0,,,,
269,15,6250050,0.0,0.0,0.0,1.0,,,,
270,15,5625060,0.0,0.0,0.0,1.0,,,,
271,15,5312550,0.0,0.0,0.0,1.0,,,,
272,15,5156310,0.0,0.0,0.0,1.0,,,,
273,15,5078190,0.6055584259411347,0.30277921763134696,0.10748661293756895,1.0,,,,
274,15,5039130,0.7570232022796405,4.901606697462276e-05,0.7569425708494673,1.0,,,,
275,15,5058660,0.7569626289002508,6.278593594175712e-05,0.7568593460356265,1.0,,,,
276,15,5068440,0.6055764808708345,0.3027882421091567,0.10748982260127166,1.0,,,,
277,15,5063550,0.756951444045798,5.782155035135949e-05,0.75685632759547,1.0,,,,
278,15,5066010,0.605539271786159,0.30276964008859114,0.10748321384042653,1.0,,,,
279,15,5064780,0.7569797690441573,6.620930981987906e-05,0.7568708547295037,1.0,,,,
280,15,5065410,0.7569651162540693,6.153439609433078e-05,0.7568638921724941,1.0,,,,
281,15,5065710,0.5298826054580432,0.3468896037183796,-0.040750792658691304,1.0,,,,
282,15,5065560,0.6812749495523203,0.22709165592097152,0.3077091755623221,1.0,,,,
283,15,5065650,0.6055856734125487,0.30279284230881565,0.10749144781454689,1.0,,,,
284,15,5065620,0.6055359779414944,0.30276799119573927,0.10748263242450329,1.0,,,,
285,15,5065590,0.5298940802682519,0.3468971103214005,-0.04075166621045201,1.0,,,,
286,16,32,0.7688147904099768,1.2014701907414021e-06,0.768812813991513,1.0,,,,
287,16,5000032,0.7567789974196432,4.722760741004864e-05,0.7567013080054537,1.0,,,,
288,16,7500032,0.0,0.0,0.0,1.0,,,,
289,16,6250048,0.0,0.0,0.0,1.0,,,,
290,16,5625056,0.0,0.0,0.0,1.0,,,,
291,16,5312544,0.0,0.0,0.0,1.0,,,,
292,16,5156288,0.0,0.0,0.0,1.0,,,,
293,16,5078176,0.6052852186679192,0.3026426126802069,0.1074381208089788,1.0,,,,
294,16,5039104,0.7566696612728612,5.615777012411207e-05,0.756577281741007,1.0,,,,
295,16,5058656,0.7566130932235225,5.7890504630769554e-05,0.756517863343405,1.0,,,,
296,16,5068416,0.680942824777687,0.22698094970812993,0.30755916250781323,1.0,,,,
297,16,5073312,0.6809396991445023,0.2269799051833403,0.30755775511790745,1.0,,,,
298,16,5075744,0.5296175953205544,0.3467161054635333,-0.04073039816695789,1.0,,,,
299,16,5074528,0.5295965683287677,0.3467023386799861,-0.04072877879980952,1.0,,,,
300,16,5073920,0.6809537656707232,0.22698459040343733,0.30756411445706877,1.0,,,,
301,16,5074240,0.6052548555893197,0.30262742927859904,0.10743273442602425,1.0,,,,
302,16,5074080,0.6052643052757443,0.30263215472917876,0.10743441074624521,1.0,,,,
303,16,5074016,0.4539779232801665,0.3706714242482868,-0.15577656960826525,1.0,,,,
304,16,5073984,0.5296161285167428,0.34671514434696216,-0.040730283934010014,1.0,,,,
305,16,5073952,0.7566042708929995,4.709057381358751e-05,0.7565268068990761,1.0,,,,
306,17,34,0.7688428074863367,1.5585169149620225e-06,0.7688402437260116,1.0,,,,
307,17,5000040,0.7564064155196094,5.764940744822449e-05,0.7563115822443571,1.0,,,,
308,17,7500026,0.0,0.0,0.0,1.0,,,,
309,17,6250050,0.0,0.0,0.0,1.0,,,,
310,17,5625062,0.0,0.0,0.0,1.0,,,,
311,17,5312568,0.0,0.0,0.0,1.0,,,,
312,17,5156304,0.0,0.0,0.0,1.0,,,,
313,17,5078172,0.5293627858293924,0.3465492943382118,-0.040710803356965974,1.0,,,,
314,17,5039106,0.7563194655905565,5.528431583489033e-05,0.7562285228910082,1.0,,,,
315,17,5058656,0.7563084111664592,3.652696690448524e-05,0.7562483243059013,1.0,,,,
316,17,5068414,0.605010277602165,0.30250514127285455,0.1073893202083192,1.0,,,,
317,17,5063552,0.6806406763782938,0.22688022833808025,0.30742270076215183,1.0,,,,
318,17,5066000,0.6050065771618587,0.30250329126709175,0.10738866302749278,1.0,,,,
319,17,5064776,0.6049931192175146,0.3024965635084605,0.10738627224609715,1.0,,,,
320,17,5064164,0.6806407513103437,0.22688025667364542,0.30742272908219703,1.0,,,,
321,17,5064470,0.6806388681479666,0.22687962948219656,0.30742187764975326,1.0,,,,
322,17,5064640,0.6806227371606155,0.2268742498466859,0.3074145961628172,1.0,,,,
323,17,5064708,0.7562481503262983,5.3177817787021345e-05,0.7561606728160387,1.0,,,,
324,17,5064742,0.6049983331531875,0.3024991681277889,0.10738720158297482,1.0,,,,
325,18,36,0.7688669871649252,1.4841288226092704e-06,0.768864545773012,1.0,,,,
326,18,5000040,0.7560141959517893,5.091371469107546e-05,0.7559304428911225,1.0,,,,
327,18,7500024,0.0,0.0,0.0,1.0,,,,
328,18,6250032,0.0,0.0,0.0,1.0,,,,
329,18,5625036,0.0,0.0,0.0,1.0,,,,
330,18,5312556,0.0,0.0,0.0,1.0,,,,
331,18,5156316,0.0,0.0,0.0,1.0,,,,
332,18,5078196,0.6046785374111784,0.3023392717169444,0.10733043543680482,1.0,,,,
333,18,5039136,0.6803562928002221,0.2267854336443992,0.30729425445518543,1.0,,,,
334,18,5058684,0.755920095358534,5.819635464297594e-05,0.7558243623551463,1.0,,,,
335,18,5068440,0.6046612821813436,0.3023306444274953,0.10732737209811388,1.0,,,,
336,18,5063580,0.6046845763198138,0.30234229660553374,0.10733149840371076,1.0,,,,
337,18,5061132,0.6803349874703208,0.22677833624552662,0.30728462434642956,1.0,,,,
338,18,5062356,0.6802962871955929,0.22676543703096955,0.307267143279648,1.0,,,,
339,18,5062968,0.6047221069273478,0.302361057563696,0.1073381672350679,1.0,,,,
340,18,5062680,0.6803310671036769,0.22677703170553964,0.30728284994806415,1.0,,,,
341,18,5062824,0.5291189630308644,0.34638967446556657,-0.04069205146499266,1.0,,,,
342,18,5062752,0.6802765180694136,0.22675884681776587,0.3072582150541887,1.0,,,,
343,18,5062788,0.6802759655404289,0.22675866665072697,0.30725795889998303,1.0,,,,
344,19,38,0.7688892911308615,1.0626208559358494e-06,0.7688875431195534,1.0,,,,
345,19,5000040,0.7556539664033205,7.08040591927826e-05,0.7555374937259484,1.0,,,,
346,19,7500022,0.0,0.0,0.0,1.0,,,,
347,19,6250050,0.0,0.0,0.0,1.0,,,,
348,19,5625064,0.0,0.0,0.0,1.0,,,,
349,19,5312552,0.0,0.0,0.0,1.0,,,,
350,19,5156296,0.0,0.0,0.0,1.0,,,,
351,19,5078168,0.37772666638458163,0.37772666680657185,-0.2436337005122291,1.0,,,,
352,19,5039104,0.7555123951750604,2.2956338660826628e-05,0.7554746319979634,1.0,,,,
353,19,5058636,0.6044110862893182,0.3022055458885294,0.10728296330268733,1.0,,,,
354,19,5048870,0.6799801842254688,0.22666007028286758,0.30712436861015163,1.0,,,,
355,19,5053772,0.7554913656801533,5.8961670647755354e-05,0.7553943737319377,1.0,,,,
356,19,5056204,0.7554863075958352,6.215661112465871e-05,0.7553840599705351,1.0,,,,
357,19,5057420,0.6799264050797468,0.22664214239380712,0.3071000808419341,1.0,,,,
358,19,5058028,0.755488933026798,6.654134748864251e-05,0.7553794725101791,1.0,,,,
359,19,5058332,0.6799555963756205,0.2266518702327574,0.3071132698427346,1.0,,,,
360,19,5058484,0.7554984158690438,6.200848258275557e-05,0.7553964119151951,1.0,,,,
361,19,5058560,0.7554771713540036,5.844674788888383e-05,0.7553810264537264,1.0,,,,
362,19,5058598,0.6043965200587355,0.3021982634728171,0.10728037664595136,1.0,,,,
363,20,40,0.7689088875978951,7.984026886546302e-07,0.7689075742254723,1.0,,,,
364,20,5000040,0.7552098385006278,6.297359858658062e-05,0.755106246930953,1.0,,,,
365,20,7500040,0.0,0.0,0.0,1.0,,,,
366,20,6250040,0.0,0.0,0.0,1.0,,,,
367,20,5625040,0.0,0.0,0.0,1.0,,,,
368,20,5312560,0.0,0.0,0.0,1.0,,,,
369,20,5156320,0.0,0.0,0.0,1.0,,,,
370,20,5078200,0.6040170156348952,0.30200851082579155,0.1072130153264681,1.0,,,,
371,20,5039120,0.755080535465653,6.7473318434434e-05,0.7549695418568284,1.0,,,,
372,20,5058680,0.75503440899043,3.769717386120859e-05,0.7549723971394282,1.0,,,,
373,20,5068440,0.6040442526910196,0.3020221332029194,0.1072178435722172,1.0,,,,
374,20,5063560,0.679579856469515,0.22652662233009802,0.3069435627365038,1.0,,,,
375,20,5066000,0.679539572669393,0.22651319789427643,0.3069253621333083,1.0,,,,
376,20,5067240,0.6040640584696002,0.30203203505421805,0.1072213608054115,1.0,,,,
377,20,5066640,0.6795471069202109,0.22651571313743948,0.30692875880912296,1.0,,,,
378,20,5066960,0.7550643765255721,5.88048746507868e-05,0.7549676425067716,1.0,,,,
379,20,5067120,0.5285439715309527,0.34601325160785407,-0.040647827363967326,1.0,,,,
380,20,5067040,0.679534649962422,0.22651155244255358,0.3069231461944213,1.0,,,,
381,20,5067080,0.6795317765012334,0.22651060677567697,0.3069218283552448,1.0,,,,
382,21,42,0.7689272501714928,9.835919116052597e-07,0.7689256321627982,1.0,,,,
383,21,5000058,0.7547969756647893,6.489322317188754e-05,0.7546902263126716,1.0,,,,
384,21,7500066,0.0,0.0,0.0,1.0,,,,
385,21,6250062,0.0,0.0,0.0,1.0,,,,
386,21,5625060,0.0,0.0,0.0,1.0,,,,
387,21,5312580,0.0,0.0,0.0,1.0,,,,
388,21,5156340,0.0,0.0,0.0,1.0,,,,
389,21,5078220,0.5282095982862698,0.34579435530579605,-0.0406221161917647,1.0,,,,
390,21,5039160,0.754730956605895,6.07226475969484e-05,0.754631067850598,1.0,,,,
391,21,5058690,0.754649434326961,4.78211237830214e-05,0.7545707685783379,1.0,,,,
392,21,5068476,0.6791531008768067,0.2263843745564851,0.30675080473138866,1.0,,,,
393,21,5073348,0.7546070786785399,5.895812139170049e-05,0.7545100925688506,1.0,,,,
394,21,5075784,0.45277180543547974,0.3696866353164553,-0.1553627096600892,1.0,,,,
395,21,5074566,0.6036848671450256,0.30184243497608226,0.10715406160937024,1.0,,,,
396,21,5073978,0.6791474308276377,0.22638248271862174,0.30674824675550494,1.0,,,,
397,21,5074272,0.5282209832901039,0.34580181228821943,-0.040622997924017024,1.0,,,,
398,21,5074146,0.6036840594188837,0.30184203159870593,0.10715391743901242,1.0,,,,
399,21,5074062,0.679175592855587,0.22639187228912724,0.30676096293997274,1.0,,,,
400,21,5074104,0.7545982227303337,5.6916776108885744e-05,0.7545045946336346,1.0,,,,
401,22,44,0.7689430720487332,6.963935363293948e-07,0.768941926481366,1.0,,,,
402,22,5000028,0.7543176346944295,7.431056417940493e-05,0.7541953938163544,1.0,,,,
403,22,7500020,0.0,0.0,0.0,1.0,,,,
404,22,6250024,0.0,0.0,0.0,1.0,,,,
405,22,5625048,0.0,0.0,0.0,1.0,,,,
406,22,5312560,0.0,0.0,0.0,1.0,,,,
407,22,5156316,0.0,0.0,0.0,1.0,,,,
408,22,5078172,0.527839619702468,0.3455521463752351,-0.040593661084793786,1.0,,,,
409,22,5039100,0.7541392111354523,6.85420966769834e-05,0.7540264593864187,1.0,,,,
410,22,5058636,0.6787181286756468,0.22623938108766506,0.30655434678643784,1.0,,,,
411,22,5068404,0.6033142703153118,0.30165713875200395,0.10708827706826529,1.0,,,,
412,22,5063520,0.6033271855665933,0.3016635953965454,0.10709057113927606,1.0,,,,
413,22,5061100,0.6787209405778665,0.22624032662198315,0.30655560328470416,1.0,,,,
414,22,5062332,0.7541346034844808,6.954925422259624e-05,0.7540201949612846,1.0,,,,
415,22,5062948,0.6033248797155162,0.30166244630175704,0.10709015554912588,1.0,,,,
416,22,5062640,0.6033144127426304,0.3016572118339562,0.10708829927577246,1.0,,,,
417,22,5062508,0.6033298087076426,0.30166491029598447,0.1070910312707482,1.0,,,,
418,22,5062420,0.7541228585792898,6.668889562451011e-05,0.7540131553459876,1.0,,,,
419,22,5062464,0.6787290784004995,0.22624303052507228,0.30655929318675557,1.0,,,,
420,23,46,0.7689575269352954,5.592637854041453e-07,0.7689566069463684,1.0,,,,
421,23,5000062,0.7538574436243323,4.396063675973294e-05,0.7537851283768625,1.0,,,,
422,23,7500070,0.0,0.0,0.0,1.0,,,,
423,23,6250066,0.0,0.0,0.0,1.0,,,,
424,23,5625064,0.0,0.0,0.0,1.0,,,,
425,23,5312586,0.0,0.0,0.0,1.0,,,,
426,23,5156324,0.0,0.0,0.0,1.0,,,,
427,23,5078216,0.6028897898381733,0.3014448999267646,0.10701292945864554,1.0,,,,
428,23,5039162,0.7536902034125528,5.1185880978670195e-05,0.7536060026383429,1.0,,,,
429,23,5058712,0.6029057440710879,0.30145287655954744,0.10701576213063235,1.0,,,,
430,23,5048960,0.7536980793859833,6.44107850340787e-05,0.7535921236446023,1.0,,,,
431,23,5053836,0.6783438071249376,0.226114610045138,0.30638527360068557,1.0,,,,
432,23,5056274,0.7536767905803516,2.7601457912231058e-05,0.753631386182086,1.0,,,,
433,23,5057516,0.7536451918421079,4.746869782457556e-05,0.7535671058341864,1.0,,,,
434,23,5058114,0.7536386040196671,0.00010045757080729956,0.753473351315689,1.0,,,,
435,23,5058436,0.7536803263226686,7.156461523589593e-05,0.7535626025306055,1.0,,,,
436,23,5058574,0.678291953027476,0.2260973408764064,0.3063618272857875,1.0,,,,
437,23,5058666,0.6783124472749587,0.22610416528056315,0.30637109538843227,1.0,,,,
438,24,48,0.7689709021049508,5.766749889404773e-07,0.768969953474594,1.0,,,,
439,24,5000064,0.7533488253371393,7.469239226364043e-05,0.7532259563518656,1.0,,,,
440,24,7500048,0.0,0.0,0.0,1.0,,,,
441,24,6250080,0.0,0.0,0.0,1.0,,,,
442,24,5625072,0.0,0.0,0.0,1.0,,,,
443,24,5312592,0.0,0.0,0.0,1.0,,,,
444,24,5156352,0.07530588463984875,0.2259176539195462,-0.2963286560578048,1.0,,,,
445,24,5078208,0.4518588340678452,0.36894119736134773,-0.1550494355915718,1.0,,,,
446,24,5039136,0.7531876528803778,7.351122678890945e-05,0.75306672691231,1.0,,,,
447,24,5058672,0.6778330725041163,0.22594438080943036,0.30615456607260333,1.0,,,,
448,24,5068464,0.677768067066636,0.22592269807731027,0.3061252287294605,1.0,,,,
449,24,5073360,0.37656019913016736,0.37656019950318714,-0.24288132905257553,1.0,,,,
450,24,5070912,0.6777771029774428,0.22592570596669803,0.3061293166622245,1.0,,,,
451,24,5072160,0.6024780949417339,0.3012390540419957,0.10693985104265097,1.0,,,,
452,24,5071536,0.5271874696717145,0.34512521651783323,-0.04054351150012114,1.0,,,,
453,24,5071248,0.6777532423015338,0.22591775531775404,0.3061185348038284,1.0,,,,
454,24,5071392,0.6778279136250878,0.2259426471505454,0.3061522590624406,1.0,,,,
455,24,5071488,0.6024873013878432,0.301243653711342,0.10694149103268569,1.0,,,,
456,24,5071440,0.6024844219502028,0.3012422120265625,0.10694098316650752,1.0,,,,
457,25,50,0.7689829831996197,5.861354659885602e-07,0.7689820190067781,1.0,,,,
458,25,5000050,0.7527444400440957,6.537287023976801e-05,0.7526369016725513,1.0,,,,
459,25,7500050,0.0,0.0,0.0,1.0,,,,
460,25,6250050,0.0,0.0,0.0,1.0,,,,
461,25,5625050,0.0,0.0,0.0,1.0,,,,
462,25,5312550,0.0,0.0,0.0,1.0,,,,
463,25,5156300,0.0,0.0,0.0,1.0,,,,
464,25,5078200,0.37624483301540296,0.3762448336409171,-0.24267791832390567,1.0,,,,
465,25,5039150,0.752625920470659,7.277991729140837e-05,0.7525061975067147,1.0,,,,
466,25,5058700,0.6773153395068969,0.22577178625563812,0.30592075111637224,1.0,,,,
467,25,5068450,0.602029593132303,0.30101480128196895,0.10686024502346403,1.0,,,,
468,25,5063600,0.7525449782582304,4.627886183835809e-05,0.7524688495305063,1.0,,,,
469,25,5066050,0.6020442529161858,0.30102212868955525,0.1068628512218674,1.0,,,,
470,25,5064850,0.6772978265681514,0.22576595118696824,0.3059128368655886,1.0,,,,
471,25,5065450,0.6020389165011143,0.301019468989151,0.1068618900139609,1.0,,,,
472,25,5065150,0.7525700749923209,5.470741270270281e-05,0.7524800812984249,1.0,,,,
473,25,5065300,0.6020199775118545,0.3010099950524397,0.10685853565059122,1.0,,,,
474,25,5065250,0.6773054056162457,0.2257684830583874,0.3059162509851985,1.0,,,,
475,26,52,0.7689943718212084,6.37728046457968e-07,0.768993322758572,1.0,,,,
476,26,5000060,0.7521837425162169,7.247019076837128e-05,0.752064529052403,1.0,,,,
477,26,7500064,0.0,0.0,0.0,1.0,,,,
478,26,6250088,0.0,0.0,0.0,1.0,,,,
479,26,5625100,0.0,0.0,0.0,1.0,,,,
480,26,5312580,0.0,0.0,0.0,1.0,,,,
481,26,5156320,0.0,0.0,0.0,1.0,,,,
482,26,5078216,0.7518987557803104,5.125929599337446e-05,0.7518144342384013,1.0,,,,
483,26,5117268,0.07519382178942416,0.22558146536827248,-0.29588768874138405,1.0,,,,
484,26,5097768,0.15037053112309554,0.30074106254037325,-0.34434851675581846,1.0,,,,
485,26,5087992,0.4511320217591421,0.3683477549398413,-0.15480003511689683,1.0,,,,
486,26,5083104,0.45114342016890435,0.3683570633104241,-0.15480394897674338,1.0,,,,
487,26,5080660,0.4511844494533973,0.3683905659528413,-0.15481803153902662,1.0,,,,
488,26,5079464,0.5263587838019884,0.34458272078214575,-0.04047979188464135,1.0,,,,
489,26,5078840,0.6015592546916813,0.3007796306943456,0.10677676219948273,1.0,,,,
490,26,5078528,0.3759550431043254,0.3759550441844164,-0.24249100457903955,1.0,,,,
491,26,5078372,0.3759615638675776,0.3759615649029092,-0.24249521039770805,1.0,,,,
492,26,5078320,0.5263413928150885,0.34457132627349574,-0.04047843890481195,1.0,,,,
493,26,5078268,0.45116718482986135,0.3683764670908707,-0.154812103534621,1.0,,,,
494,27,54,0.7690049689272762,3.9379936551899225e-07,0.76900432112732,1.0,,,,
495,27,5000076,0.7515314785269613,5.5536982068476886e-05,0.7514401201914587,1.0,,,,
496,27,7500060,0.0,0.0,0.0,1.0,,,,
497,27,6250068,0.0,0.0,0.0,1.0,,,,
498,27,5625072,0.0,0.0,0.0,1.0,,,,
499,27,5312574,0.0,0.0,0.0,1.0,,,,
500,27,5156352,0.07512956628632748,0.22538869885898247,-0.29563484333669865,1.0,,,,
501,27,5078214,0.4507506212896164,0.3680363431439842,-0.15466916318223767,1.0,,,,
502,27,5039172,0.6762248910177725,0.22540832001708166,0.3054282045896732,1.0,,,,
503,27,5058720,0.676253714024375,0.22541792048285436,0.3054412348300795,1.0,,,,
504,27,5068494,0.6010589918144444,0.30052950403687284,0.10668795767378864,1.0,,,,
505,27,5063634,0.6010926231633823,0.3005463237344357,0.10669392062023558,1.0,,,,
506,27,5061204,0.7513025687972106,8.114911212620615e-05,0.7511690785077629,1.0,,,,
507,27,5062446,0.5259396907811422,0.3443083585114592,-0.04044755897020813,1.0,,,,
508,27,5061852,0.6010768383407222,0.30053842824610255,0.10669112387588353,1.0,,,,
509,27,5061528,0.751288258221917,8.945426496130183e-05,0.7511411059560557,1.0,,,,
510,27,5061690,0.601074479933073,0.30053725115993773,0.10669070177497536,1.0,,,,
511,27,5061636,0.7512939004409531,3.476784208446811e-05,0.7512367073407241,1.0,,,,
512,28,56,0.7690141197831099,3.7461745891844195e-07,0.76901350353739,1.0,,,,
513,28,5000072,0.7508360598208081,8.693830730650468e-05,0.750693046305289,1.0,,,,
514,28,7500080,0.0,0.0,0.0,1.0,,,,
515,28,6250104,0.0,0.0,0.0,1.0,,,,
516,28,5625088,0.0,0.0,0.0,1.0,,,,
517,28,5312608,0.0,0.0,0.0,1.0,,,,
518,28,5156368,0.07505717708842102,0.22517153126526304,-0.2953499918429367,1.0,,,,
519,28,5078248,0.600447019731767,0.3002235180330624,0.10657933256737928,1.0,,,,
520,28,5039160,0.7507553757026789,7.940987728415209e-05,0.7506247464545465,1.0,,,,
521,28,5058704,0.5254446695432474,0.34398428382774493,-0.04040947735339295,1.0,,,,
522,28,5048960,0.750621104879966,9.825528474943021e-05,0.7504594749365532,1.0,,,,
523,28,5053832,0.7506438662824675,4.7806350037417525e-05,0.7505652248366559,1.0,,,,
524,28,5056296,0.6756138645819589,0.22520462839697492,0.3051522508689352,1.0,,,,
525,28,5057528,0.7506936653372565,8.85490712227795e-05,0.750548002115095,1.0,,,,
526,28,5058144,0.7506340162880281,0.00010395602951572005,0.7504630086194747,1.0,,,,
527,28,5058424,0.6755613513024815,0.22518713095379428,0.3051285208834899,1.0,,,,
528,28,5058592,0.6005255430850016,0.3002627742563839,0.10659327943325003,1.0,,,,
529,28,5058536,0.7506257061675333,8.685325046093081e-05,0.7504828325705251,1.0,,,,
530,29,58,0.7690233149223044,4.051576631183099e-07,0.7690226484379485,1.0,,,,
531,29,5000064,0.750136250135434,6.549878687410548e-05,0.750028504631026,1.0,,,,
532,29,7500038,0.0,0.0,0.0,1.0,,,,
533,29,6250080,0.0,0.0,0.0,1.0,,,,
534,29,5625072,0.0,0.0,0.0,1.0,,,,
535,29,5312568,0.0,0.0,0.0,1.0,,,,
536,29,5156316,0.0,0.0,0.0,1.0,,,,
537,29,5078190,0.44994260233992184,0.36737660785979237,-0.15439191758943666,1.0,,,,
538,29,5039156,0.7499727858095533,9.97281386389928e-05,0.7498087330214921,1.0,,,,
539,29,5058702,0.674891169686962,0.22496374006659167,0.30482581727741864,1.0,,,,
540,29,5068446,0.5999047064399828,0.2999523606282652,0.10648307320648659,1.0,,,,
541,29,5063574,0.6748805794245609,0.22496019999314296,0.30482105043584073,1.0,,,,
542,29,5066010,0.7498671837423816,6.445625951548387e-05,0.7497611531954786,1.0,,,,
543,29,5067228,0.7499054032328589,9.975502003954158e-05,0.7497413062248939,1.0,,,,
544,29,5067866,0.67486780256787,0.2249559443021185,0.3048152741908851,1.0,,,,
545,29,5068156,0.6749151882738975,0.22497176122828308,0.3048366410533718,1.0,,,,
546,29,5068330,0.7498505718519206,6.959847531453939e-05,0.7497360823600282,1.0,,,,
547,29,5068388,0.44992130550673454,0.3673592087105208,-0.15438459282207223,1.0,,,,
548,30,60,0.7690316304130829,3.8332858365284315e-07,0.7690309998375627,1.0,,,,
549,30,5000040,0.7493181716709778,0.00011414284139659527,0.7491304066968804,1.0,,,,
550,30,7500060,0.0,0.0,0.0,1.0,,,,
551,30,6250080,0.0,0.0,0.0,1.0,,,,
552,30,5625060,0.0,0.0,0.0,1.0,,,,
553,30,5312580,0.0,0.0,0.0,1.0,,,,
554,30,5156340,0.0,0.0,0.0,1.0,,,,
555,30,5078220,0.5243290785790095,0.3432539600488712,-0.04032368570138367,1.0,,,,
556,30,5039160,0.7491575472489787,0.0001124364396690771,0.748972589305723,1.0,,,,
557,30,5058720,0.6742311978751873,0.22474373775527817,0.30452774926775467,1.0,,,,
558,30,5068500,0.7490890370686001,6.752856318285505e-05,0.7489779525821643,1.0,,,,
559,30,5073360,0.5992569525914342,0.29962848611152604,0.10636809293797383,1.0,,,,
560,30,5070960,0.5992803898702379,0.29964020183746154,0.10637225784761367,1.0,,,,
561,30,5069760,0.7490699309214386,0.0001121959696813034,0.7488853685513128,1.0,,,,
562,30,5070360,0.5992671454724153,0.2996335756385425,0.10636991354701292,1.0,,,,
563,30,5070060,0.37453689073914553,0.37453689326885337,-0.24157629868811825,1.0,,,,
564,30,5069940,0.599243599890382,0.2996218078906817,0.1063657259102106,1.0,,,,
565,30,5069880,0.6741884925590125,0.22472951598802507,0.30450843875871125,1.0,,,,
566,31,62,0.7690394226347812,2.732705341409195e-07,0.7690389731047526,1.0,,,,
567,31,5000052,0.7484495888021164,0.00011205428887568961,0.7482652594969159,1.0,,,,
568,31,7500078,0.0,0.0,0.0,1.0,,,,
569,31,6250096,0.0,0.0,0.0,1.0,,,,
570,31,5625074,0.0,0.0,0.0,1.0,,,,
571,31,5312594,0.0,0.0,0.0,1.0,,,,
572,31,5156354,0.0,0.0,0.0,1.0,,,,
573,31,5078234,0.6733987329156156,0.22446625055426897,0.3041517507538431,1.0,,,,
574,31,5117294,0.22444620964721249,0.342847248392126,-0.3395375139578347,1.0,,,,
575,31,5097764,0.2992746341087082,0.3665350777840005,-0.30367556884597263,1.0,,,,
576,31,5088030,0.14963730962819483,0.2992746198258457,-0.34266943998532134,1.0,,,,
577,31,5083132,0.5237267478509601,0.3428596391266926,-0.04027735851244929,1.0,,,,
578,31,5080714,0.4489034312954864,0.3665281188572081,-0.15403532422462096,1.0,,,,
579,31,5079474,0.523738289784186,0.342867198233828,-0.04027825131046103,1.0,,,,
580,31,5078854,0.5238058447209972,0.3429114392595413,-0.040283472860948244,1.0,,,,
581,31,5078544,0.5237310390317427,0.3428624499641113,-0.04027769115922042,1.0,,,,
582,31,5078420,0.44892828160227943,0.366548409597147,-0.15404385218502742,1.0,,,,
583,31,5078358,0.5985627139152307,0.29928136817144735,0.10624486327319987,1.0,,,,
584,31,5078296,0.4489377488627205,0.3665561431044137,-0.15404710654404002,1.0,,,,
585,32,64,0.7690466518950283,4.921901932932599e-07,0.7690458422421603,1.0,,,,
586,32,5000064,0.7475456959724289,7.5989581162831e-05,0.7474206931114161,1.0,,,,
587,32,7500096,0.0,0.0,0.0,1.0,,,,
588,32,6250112,0.0,0.0,0.0,1.0,,,,
589,32,5625088,0.0,0.0,0.0,1.0,,,,
590,32,5312576,0.0,0.0,0.0,1.0,,,,
591,32,5156352,0.0,0.0,0.0,1.0,,,,
592,32,5078208,0.2988912860285414,0.3660655724807454,-0.30328658070228476,1.0,,,,
593,32,5039168,0.7474258831096139,4.2280368980091545e-05,0.7473563319026416,1.0,,,,
594,32,5058688,0.7473707082793151,9.108046088523555e-05,0.7472208809211589,1.0,,,,
595,32,5068480,0.6725627595144986,0.22418760613471678,0.3037741474228895,1.0,,,,
596,32,5073344,0.44839201590430794,0.3661105516872608,-0.15385984162123606,1.0,,,,
597,32,5070912,0.6725610780652536,0.22418705482684212,0.30377337287509826,1.0,,,,
598,32,5072128,0.7473211480618616,9.16861383083561e-05,0.7471703243643443,1.0,,,,
599,32,5072768,0.6725528441922536,0.22418428805648663,0.3037696903393331,1.0,,,,
600,32,5073088,0.5230740628686659,0.3424323604347918,-0.04022717004656662,1.0,,,,
601,32,5072960,0.5231291570391047,0.34246842677873923,-0.04023140501192135,1.0,,,,
602,32,5072896,0.6725836200642761,0.22419455197026336,0.30378358207319284,1.0,,,,
603,33,66,0.7690533114765434,2.974595155826558e-07,0.7690528221556403,1.0,,,,
604,33,5000094,0.7465480185813997,9.801810045321802e-05,0.7463867788061542,1.0,,,,
605,33,7500108,0.0,0.0,0.0,1.0,,,,
606,33,6250134,0.0,0.0,0.0,1.0,,,,
607,33,5625114,0.0,0.0,0.0,1.0,,,,
608,33,5312604,0.0,0.0,0.0,1.0,,,,
609,33,5156382,0.0,0.0,0.0,1.0,,,,
610,33,5078238,0.5223964730947035,0.341988774208749,-0.040175060478688684,1.0,,,,
611,33,5039166,0.7463663523050448,0.00011242645371918844,0.7461814107886767,1.0,,,,
612,33,5058702,0.5970902589503208,0.298545140026626,0.10598350360652092,1.0,,,,
613,33,5048934,0.7463805696031092,5.996415143613977e-05,0.7462819285739967,1.0,,,,
614,33,5053818,0.7463776718477383,9.967022770638649e-05,0.7462137143231613,1.0,,,,
615,33,5056260,0.7463284506344137,0.00011161545164744248,0.7461448432164536,1.0,,,,
616,33,5057514,0.7463497599398224,8.58056539003227e-05,0.7462086096391564,1.0,,,,
617,33,5058108,0.6717775286148105,0.2239258826633651,0.3034194516335749,1.0,,,,
618,33,5058438,0.7463807694879334,6.819941135186239e-05,0.7462685814562596,1.0,,,,
619,33,5058570,0.6717220494413338,0.22390737907580713,0.3033944108616311,1.0,,,,
620,33,5058636,0.6716422819869996,0.22388076878941657,0.30335841732840935,1.0,,,,
621,34,68,0.7690601899579045,1.6902813649073263e-07,0.7690599119066199,1.0,,,,
622,34,5000040,0.7455050769962498,7.860802373051909e-05,0.7453757667972131,1.0,,,,
623,34,7500060,0.0,0.0,0.0,1.0,,,,
624,34,6250084,0.0,0.0,0.0,1.0,,,,
625,34,5625096,0.0,0.0,0.0,1.0,,,,
626,34,5312568,0.0,0.0,0.0,1.0,,,,
627,34,5156304,0.0,0.0,0.0,1.0,,,,
628,34,5078172,0.670676021218575,0.22355868578168028,0.3029219831077109,1.0,,,,
629,34,5117272,0.14903476924087136,0.2980695394403623,-0.3412896231385246,1.0,,,,
630,34,5097756,0.22353175916280188,0.34145040278386696,-0.3381541534166592,1.0,,,,
631,34,5087964,0.3725755358865805,0.37257553867811477,-0.2403112252389183,1.0,,,,
632,34,5083068,0.4471294435652897,0.36507967010882925,-0.15342661376373434,1.0,,,,
633,34,5080620,0.37257654916122096,0.3725765533488899,-0.24031188109770296,1.0,,,,
634,34,5079396,0.5961288242411256,0.2980644245088379,0.10581284592408718,1.0,,,,
635,34,5078784,0.4470924221934928,0.36504944009864426,-0.15341390676877703,1.0,,,,
636,34,5078512,0.521643724305373,0.34149598540691883,-0.040117171689008524,1.0,,,,
637,34,5078376,0.44708930128622165,0.36504688687771425,-0.15341282762761826,1.0,,,,
638,34,5078308,0.5216529752454196,0.34150203978442045,-0.040117880199951994,1.0,,,,
639,34,5078240,0.5216145474619431,0.3414768836585483,-0.0401149261563688,1.0,,,,
640,35,70,0.7690660393348298,3.775598371690262e-07,0.7690654182488976,1.0,,,,
641,35,5000100,0.7443320215025065,7.880112882598928e-05,0.7442023936455878,1.0,,,,
642,35,7500080,0.0,0.0,0.0,1.0,,,,
643,35,6250090,0.0,0.0,0.0,1.0,,,,
644,35,5625130,0.0,0.0,0.0,1.0,,,,
645,35,5312650,0.0,0.0,0.0,1.0,,,,
646,35,5156410,0.0,0.0,0.0,1.0,,,,
647,35,5078290,0.7439796188042225,7.183368488305828e-05,0.7438614523925898,1.0,,,,
648,35,5117350,0.07439871101392558,0.22319613304177674,-0.2927589278397972,1.0,,,,
649,35,5097820,0.1487919947236868,0.29758398951541554,-0.3407336680291718,1.0,,,,
650,35,5088090,0.2231904678765952,0.3409290715193219,-0.3376378547726893,1.0,,,,
651,35,5083190,0.5952184350948768,0.2976092375991406,0.10565123924429054,1.0,,,,
652,35,5080740,0.5952053416255667,0.2976026822305629,0.10564892935629072,1.0,,,,
653,35,5079550,0.5208121657452167,0.3409516011523946,-0.04005321815047236,1.0,,,,
654,35,5078920,0.4463996046071223,0.36448375491275836,-0.15317617222436525,1.0,,,,
655,35,5078640,0.5952058220113463,0.29760292146067857,0.10564901620853007,1.0,,,,
656,35,5078500,0.5951995314469057,0.29759977939367344,0.10564789434431293,1.0,,,,
657,35,5078430,0.3719717270216818,0.3719717292849433,-0.23992176765204998,1.0,,,,
658,35,5078360,0.3720320687449335,0.37203208098511137,-0.23996070447557466,1.0,,,,
659,36,72,0.7690715920993412,3.042230153422592e-07,0.7690710916524809,1.0,,,,
660,36,5000040,0.7430569472411916,0.00016837705381460757,0.7427799669876666,1.0,,,,
661,36,7500024,0.0,0.0,0.0,1.0,,,,
662,36,6250032,0.0,0.0,0.0,1.0,,,,
663,36,5625072,0.0,0.0,0.0,1.0,,,,
664,36,5312592,0.0,0.0,0.0,1.0,,,,
665,36,5156352,0.0,0.0,0.0,1.0,,,,
666,36,5078232,0.6684048363712829,0.2228016429164899,0.301896133773657,1.0,,,,
667,36,5117328,0.14852400232303276,0.2970480053124776,-0.3401199664159929,1.0,,,,
668,36,5097816,0.22277573511381518,0.34029555673522016,-0.33701045571562194,1.0,,,,
669,36,5088024,0.44563012640415156,0.3638554949752844,-0.15291216283019127,1.0,,,,
670,36,5083128,0.44560793560989065,0.3638373605656283,-0.15290452252056796,1.0,,,,
671,36,5080680,0.5198664705299397,0.3403324964342654,-0.03998048610442684,1.0,,,,
672,36,5079456,0.4456151924688666,0.36384328439972247,-0.15290701036867682,1.0,,,,
673,36,5078880,0.44558678359286336,0.36382008770772384,-0.1528972606863424,1.0,,,,
674,36,5078592,0.5198801528422548,0.34034146675532,-0.03998155997024666,1.0,,,,
675,36,5078448,0.29709708992126277,0.363868138251276,-0.3014659975020863,1.0,,,,
676,36,5078376,0.5940917931495144,0.29704590326977187,0.10545128227073969,1.0,,,,
677,36,5078304,0.6684335086049629,0.22281119474620412,0.30190909324745707,1.0,,,,
678,37,74,0.7690772980993664,2.717708970543718e-07,0.7690768510362408,1.0,,,,
679,37,5000106,0.7414998476925614,0.00020928780227098253,0.7411555692578257,1.0,,,,
680,37,7500122,0.0,0.0,0.0,1.0,,,,
681,37,6250114,0.0,0.0,0.0,1.0,,,,
682,37,5625110,0.0,0.0,0.0,1.0,,,,
683,37,5312608,0.0,0.0,0.0,1.0,,,,
684,37,5156394,0.0,0.0,0.0,1.0,,,,
685,37,5078250,0.5930030726637957,0.2965015559652065,0.105258013101031,1.0,,,,
686,37,5039178,0.6672283335687155,0.22240950013100616,0.30136470585321035,1.0,,,,
687,37,5058714,0.7413142290600181,0.00011042506223635894,0.7411325798326392,1.0,,,,
688,37,5068482,0.667180982155594,0.22239369713408977,0.3013433503700163,1.0,,,,
689,37,5073366,0.5188951104271798,0.33969659477629005,-0.03990578797981725,1.0,,,,
690,37,5070924,0.5187978874368276,0.339632946715455,-0.03989830991009591,1.0,,,,
691,37,5069740,0.518878500686768,0.3396857230001906,-0.039904513648545525,1.0,,,,
692,37,5069148,0.6671389744935543,0.22237968610591646,0.3013243908493217,1.0,,,,
693,37,5069444,0.6671648559111225,0.22238830075409227,0.30133610117064075,1.0,,,,
694,37,5069592,0.7412506280713315,7.775024723765172e-05,0.7411227289146255,1.0,,,,
695,37,5069666,0.5930276937601301,0.2965138561307916,0.10526240042497786,1.0,,,,
696,38,76,0.7690820205644782,4.98805623351227e-07,0.7690812000292278,1.0,,,,
697,38,5000040,0.7400755219602168,0.00014853098608188863,0.739831188488112,1.0,,,,
698,38,7500060,0.0,0.0,0.0,1.0,,,,
699,38,6250088,0.0,0.0,0.0,1.0,,,,
700,38,5625064,0.0,0.0,0.0,1.0,,,,
701,38,5312552,0.0,0.0,0.0,1.0,,,,
702,38,5156296,0.0,0.0,0.0,1.0,,,,
703,38,5078168,0.3697851503279083,0.3697851524803442,-0.23851142550225796,1.0,,,,
704,38,5039104,0.7397752610842121,0.0001992536985044008,0.7394474887501724,1.0,,,,
705,38,5058636,0.6657035783596714,0.22190123822719357,0.300676041475938,1.0,,,,
706,38,5068440,0.7396370761962876,0.00012399051272891714,0.7394331118028485,1.0,,,,
707,38,5073304,0.5177972584233652,0.33897791247739845,-0.03982140760195518,1.0,,,,
708,38,5070872,0.5177277644905286,0.3389323938783807,-0.03981602343940771,1.0,,,,
709,38,5069656,0.5917471045938771,0.29587356816271304,0.10503508496621417,1.0,,,,
710,38,5069048,0.7396787685435381,0.00010150347024693371,0.7395117953349819,1.0,,,,
711,38,5069352,0.4437986823374781,0.3623601152130874,-0.15228370718805073,1.0,,,,
712,38,5069200,0.5917549746430479,0.2958774980764603,0.10503649030727075,1.0,,,,
713,38,5069124,0.5918458273080944,0.2959229232807172,0.10505261851131464,1.0,,,,
714,39,78,0.7690871512398448,3.955909870364238e-07,0.7690865004926711,1.0,,,,
715,39,5000112,0.7381878122137395,0.00013351314853049222,0.7379681830844068,1.0,,,,
716,39,7500090,0.0,0.0,0.0,1.0,,,,
717,39,6250140,0.0,0.0,0.0,1.0,,,,
718,39,5625126,0.0,0.0,0.0,1.0,,,,
719,39,5312658,0.0,0.0,0.0,1.0,,,,
720,39,5156424,0.0,0.0,0.0,1.0,,,,
721,39,5078268,0.5164767629462412,0.3381134263305815,-0.0397198233675653,1.0,,,,
722,39,5039190,0.7379993101111967,0.00020095966183618523,0.7376687314674761,1.0,,,,
723,39,5058768,0.6641255537540685,0.22137523119750002,0.2999632984341809,1.0,,,,
724,39,5068518,0.6641170936146559,0.22137238143851795,0.29995952614829385,1.0,,,,
725,39,5073432,0.6640443521659858,0.22134813193366798,0.29992667513510196,1.0,,,,
726,39,5075850,0.516493992894836,0.3381247045072515,-0.03972114601959276,1.0,,,,
727,39,5074680,0.5902694815598208,0.2951347576401203,0.10477280524182292,1.0,,,,
728,39,5074056,0.6640899106843965,0.221363315319998,0.2999472569829998,1.0,,,,
729,39,5074368,0.5903025206866088,0.29515127502938143,0.10477867326327633,1.0,,,,
730,39,5074212,0.44273160188569116,0.36148885848258583,-0.15191757031816255,1.0,,,,
731,39,5074134,0.44273241686832965,0.36148951478079705,-0.15191783494608146,1.0,,,,
732,40,80,0.7690917488337863,3.8864636742490633e-07,0.7690911095105119,1.0,,,,
733,40,5000080,0.7363498936906404,0.00015598780076117109,0.7360932937583883,1.0,,,,
734,40,7500080,0.0,0.0,0.0,1.0,,,,
735,40,6250080,0.0,0.0,0.0,1.0,,,,
736,40,5625120,0.0,0.0,0.0,1.0,,,,
737,40,5312640,0.0,0.0,0.0,1.0,,,,
738,40,5156400,0.0,0.0,0.0,1.0,,,,
739,40,5078240,0.367954610555158,0.36795461297571735,-0.23733072778989706,1.0,,,,
740,40,5039200,0.7360017523171105,0.00020688335312917054,0.735661429201213,1.0,,,,
741,40,5058720,0.6622823255004381,0.22076079455866188,0.2991308184514393,1.0,,,,
742,40,5068480,0.5886839914651464,0.29434202776149176,0.10449135579749241,1.0,,,,
743,40,5063600,0.7358170160442529,9.245635086469325e-05,0.7356649253470805,1.0,,,,
744,40,5066080,0.5150918589687189,0.33720678344524485,-0.03961329979870887,1.0,,,,
745,40,5064880,0.6623516379700685,0.2207839348433768,0.2991620651527136,1.0,,,,
746,40,5065520,0.588646932427878,0.294323476747472,0.10448481317828656,1.0,,,,
747,40,5065200,0.662226269859826,0.22074211792772166,0.2991054858687239,1.0,,,,
748,40,5065360,0.5150140344117411,0.33715583211875677,-0.03960730942361379,1.0,,,,
749,40,5065280,0.735904336368215,0.00015238788824201757,0.7356536582920569,1.0,,,,
750,41,82,0.7690962813521688,4.3330857197952786e-07,0.7690955685595678,1.0,,,,
751,41,5000114,0.7340768556827952,0.0001974944390372992,0.7337519773305788,1.0,,,,
752,41,7500130,0.0,0.0,0.0,1.0,,,,
753,41,6250122,0.0,0.0,0.0,1.0,,,,
754,41,5625118,0.0,0.0,0.0,1.0,,,,
755,41,5312616,0.0,0.0,0.0,1.0,,,,
756,41,5156406,0.0,0.0,0.0,1.0,,,,
757,41,5078260,0.5868367410896235,0.2934183941969486,0.10416348263564301,1.0,,,,
758,41,5039228,0.7337862952871756,0.00017091358759605818,0.7335051424355802,1.0,,,,
759,41,5058744,0.7337716659171613,0.0001823900682817453,0.7334716342548377,1.0,,,,
760,41,5068502,0.6602909492937619,0.2200969948854745,0.2982313927071563,1.0,,,,
761,41,5073422,0.5134629945367923,0.3361404510815477,-0.039488047492353684,1.0,,,,
762,41,5070962,0.5135592677809783,0.33620349225229124,-0.039495476974040766,1.0,,,,
763,41,5069732,0.5868970270205768,0.29344853331585347,0.10417418971599784,1.0,,,,
764,41,5069158,0.5134869980274102,0.3361561731785119,-0.039489906851241874,1.0,,,,
765,41,5068830,0.660222331873397,0.22007415873152567,0.29820034076003726,1.0,,,,
766,41,5068994,0.4400945932714067,0.3593357371400206,-0.15101269432392722,1.0,,,,
767,41,5068912,0.5867946509002785,0.29339733937690693,0.1041560276252666,1.0,,,,
768,42,84,0.7691002710698372,3.3552165502552804e-07,0.7690997191367147,1.0,,,,
769,42,5000100,0.7313797799091587,0.00012669434399131056,0.7311713677132929,1.0,,,,
770,42,7500108,0.0,0.0,0.0,1.0,,,,
771,42,6250104,0.0,0.0,0.0,1.0,,,,
772,42,5625144,0.0,0.0,0.0,1.0,,,,
773,42,5312664,0.0,0.0,0.0,1.0,,,,
774,42,5156424,0.0,0.0,0.0,1.0,,,,
775,42,5078304,0.584702441655389,0.2923512496417163,0.10378463599476562,1.0,,,,
776,42,5039244,0.7311914277623451,0.00012362340718796393,0.730988067257521,1.0,,,,
777,42,5058816,0.6579129648669995,0.21930437005951392,0.29715727611909903,1.0,,,,
778,42,5068560,0.5116271457090608,0.3349385910152211,-0.03934683651097792,1.0,,,,
779,42,5063688,0.7310733504124717,0.0001770935096618936,0.7307820315890778,1.0,,,,
780,42,5066124,0.5848501011001989,0.29242512951271615,0.10381076305178077,1.0,,,,
781,42,5064948,0.5848181955660634,0.29240911993815794,0.10380519326779358,1.0,,,,
782,42,5064360,0.731126512274826,0.00020812211020229985,0.7307841514035431,1.0,,,,
783,42,5064696,0.7310235320453231,0.00015996688117364088,0.7307603865257924,1.0,,,,
784,42,5064864,0.7310299256234204,0.00013715947276569056,0.7308042982907208,1.0,,,,
785,43,86,0.7691042147893745,3.634274913466657e-07,0.7691036169511513,1.0,,,,
786,43,5000126,0.7285743193888216,0.00018405489374235173,0.7282715490886154,1.0,,,,
787,43,7500146,0.0,0.0,0.0,1.0,,,,
788,43,6250136,0.0,0.0,0.0,1.0,,,,
789,43,5625174,0.0,0.0,0.0,1.0,,,,
790,43,5312650,0.0,0.0,0.0,1.0,,,,
791,43,5156388,0.0,0.0,0.0,1.0,,,,
792,43,5078300,0.4368307202397501,0.35667079871424984,-0.1498927436451909,1.0,,,,
793,43,5039256,0.7283337612203684,0.0001713536981378035,0.7280518843869317,1.0,,,,
794,43,5058778,0.6552948327822651,0.21843166041592205,0.29597475139807333,1.0,,,,
795,43,5068582,0.728044736861589,0.00011648011005160089,0.7278531270805542,1.0,,,,
796,43,5073484,0.5823793295913596,0.29118968554067004,0.10337229687695743,1.0,,,,
797,43,5071076,0.36396234962585755,0.36396235870896276,-0.23475573045038617,1.0,,,,
798,43,5069872,0.3640230984255682,0.3640231080871414,-0.23479491437777938,1.0,,,,
799,43,5069270,0.5824793988127852,0.29123976188676615,0.1033899905090549,1.0,,,,
800,43,5068926,0.5096125645708409,0.333619757208228,-0.03919193603669413,1.0,,,,
801,43,5068754,0.5824455287063692,0.29122280681943874,0.10338401148839249,1.0,,,,
802,43,5068668,0.6552616346080699,0.21842059405842096,0.2959597573819674,1.0,,,,
803,44,88,0.7691080710597664,1.347247943747846e-07,0.7691078494374797,1.0,,,,
804,44,5000072,0.7250371647840435,0.00016884874609821566,0.7247594085967118,1.0,,,,
805,44,7500064,0.0,0.0,0.0,1.0,,,,
806,44,6250112,0.0,0.0,0.0,1.0,,,,
807,44,5625136,0.0,0.0,0.0,1.0,,,,
808,44,5312648,0.0,0.0,0.0,1.0,,,,
809,44,5156360,0.0,0.0,0.0,1.0,,,,
810,44,5078216,0.579660559255219,0.2898303242261674,0.1028896759031736,1.0,,,,
811,44,5039144,0.7247120737387929,0.0001850595947611814,0.7244076507054107,1.0,,,,
812,44,5058680,0.7246482544615171,0.0001092266801196721,0.7244685765727202,1.0,,,,
813,44,5068448,0.652159717380659,0.21738666495279538,0.2945586535333106,1.0,,,,
814,44,5073376,0.7244939933863992,0.00014049674942016597,0.724262876233603,1.0,,,,
815,44,5075840,0.4347554358256094,0.3549763627351292,-0.1491806808736782,1.0,,,,
816,44,5074608,0.43465008865593885,0.3548903230610787,-0.14914449277953562,1.0,,,,
817,44,5073992,0.3622919484775777,0.3622919535092895,-0.2336783150452036,1.0,,,,
818,44,5073728,0.5071976133805848,0.3320387942035023,-0.03900620308417646,1.0,,,,
819,44,5073552,0.5796523341648483,0.2898262075744614,0.10288822270485926,1.0,,,,
820,44,5073464,0.5070919366745442,0.3319696210313245,-0.03899808992198461,1.0,,,,
821,45,90,0.7691116285899662,2.4276136901982923e-07,0.7691112292475142,1.0,,,,
822,45,5000130,0.7212223803957967,0.00024199350186967497,0.7208243010852211,1.0,,,,
823,45,7500150,0.0,0.0,0.0,1.0,,,,
824,45,6250140,0.0,0.0,0.0,1.0,,,,
825,45,5625180,0.0,0.0,0.0,1.0,,,,
826,45,5312700,0.0,0.0,0.0,1.0,,,,
827,45,5156460,0.0,0.0,0.0,1.0,,,,
828,45,5078340,0.5043855175993622,0.3301979047130044,-0.03879003565353001,1.0,,,,
829,45,5039280,0.7206881451456268,0.00019708979224884252,0.7203639324373775,1.0,,,,
830,45,5058810,0.7205395948720589,0.00026007424879104555,0.7201117727327976,1.0,,,,
831,45,5068620,0.5043844481648807,0.3301971670752869,-0.03878989167396629,1.0,,,,
832,45,5063760,0.5044900822510568,0.33026641037271576,-0.03879816281206061,1.0,,,,
833,45,5061330,0.7205832089219005,0.00018403008775181237,0.7202804794275488,1.0,,,,
834,45,5062590,0.7205426824298413,0.00020103470520893704,0.7202119803397726,1.0,,,,
835,45,5063220,0.6486808477423837,0.2162270760964512,0.29298730756372143,1.0,,,,
836,45,5063490,0.720594073714006,0.0001524938315911775,0.7203432213610385,1.0,,,,
837,45,5063670,0.5765975324307069,0.2882989193612715,0.10234581008141524,1.0,,,,
838,45,5063580,0.5042865298239819,0.33013306041932006,-0.03878235456579959,1.0,,,,
839,46,92,0.769115071181259,3.7390820239850765e-07,0.769114456102266,1.0,,,,
840,46,5000108,0.716406478011103,0.00023382693861664168,0.7160218326970786,1.0,,,,
841,46,7500116,0.0,0.0,0.0,1.0,,,,
842,46,6250112,0.0,0.0,0.0,1.0,,,,
843,46,5625156,0.0,0.0,0.0,1.0,,,,
844,46,5312632,0.0,0.0,0.0,1.0,,,,
845,46,5156416,0.0,0.0,0.0,1.0,,,,
846,46,5078308,0.5008996128308357,0.3279157862037587,-0.03852185547434739,1.0,,,,
847,46,5039208,0.7161156452157942,0.00022873567646157668,0.7157393750280149,1.0,,,,
848,46,5058804,0.7159089192209538,0.0002789091636664105,0.7154501136467225,1.0,,,,
849,46,5068556,0.5725205519333812,0.28626029250148444,0.10162237076843933,1.0,,,,
850,46,5063680,0.6441548972027004,0.21471835227315825,0.290943207713355,1.0,,,,
851,46,5066164,0.6440084572762317,0.2146695519360095,0.290877044341496,1.0,,,,
852,46,5067360,0.5011199429320726,0.32806006546387023,-0.038538864755993885,1.0,,,,
853,46,5066808,0.7156246783330686,0.00016585691377891352,0.7153518437099023,1.0,,,,
854,46,5067084,0.6441708530225513,0.21472371294951742,0.2909503452205951,1.0,,,,
855,46,5067268,0.6440199682819933,0.21467348644853573,0.290882083074152,1.0,,,,
856,47,94,0.7691183985016623,2.1619472958560013e-07,0.7691180428613321,1.0,,,,
857,47,5000048,0.7106863692626291,0.0002812185523281585,0.7102237647440492,1.0,,,,
858,47,7500072,0.0,0.0,0.0,1.0,,,,
859,47,6250060,0.0,0.0,0.0,1.0,,,,
860,47,5625054,0.0,0.0,0.0,1.0,,,,
861,47,5312598,0.0,0.0,0.0,1.0,,,,
862,47,5156370,0.0,0.0,0.0,1.0,,,,
863,47,5078256,0.4968201849396109,0.3252451713793494,-0.03820812197941881,1.0,,,,
864,47,5039152,0.7101047812802104,0.000304601483403129,0.7096037118400123,1.0,,,,
865,47,5058704,0.7099038890780395,0.00025428015060118816,0.7094855982303006,1.0,,,,
866,47,5068480,0.4259522360694393,0.3477885867740452,-0.14615998917386508,1.0,,,,
867,47,5063592,0.49693181090119304,0.32531826813753145,-0.03821674018504623,1.0,,,,
868,47,5061148,0.6388719936850524,0.21295740975015492,0.2885570546460476,1.0,,,,
869,47,5062370,0.567995554377407,0.2839978379418597,0.10081911096304785,1.0,,,,
870,47,5061806,0.6389555245804691,0.21298529445642086,0.2885947151996568,1.0,,,,
871,47,5062088,0.6389550522987864,0.21298508620491366,0.28859458549170336,1.0,,,,
872,47,5062276,0.6389961046116939,0.21299881052572403,0.28861306129687786,1.0,,,,
873,48,96,0.7691216071922444,2.5503896466460417e-07,0.7691211876531475,1.0,,,,
874,48,5000064,0.7033219038228526,0.0002483326046810323,0.7029133966881523,1.0,,,,
875,48,7500096,0.0,0.0,0.0,1.0,,,,
876,48,6250080,0.0,0.0,0.0,1.0,,,,
877,48,5625120,0.0,0.0,0.0,1.0,,,,
878,48,5312640,0.0,0.0,0.0,1.0,,,,
879,48,5156352,0.0,0.0,0.0,1.0,,,,
880,48,5078208,0.49168551543105066,0.32188374484018883,-0.03781324483105997,1.0,,,,
881,48,5039136,0.7028085913692126,0.00025277717395633787,0.7023927729180545,1.0,,,,
882,48,5058720,0.7026680390918578,0.00027833393552965843,0.7022101797679116,1.0,,,,
883,48,5068512,0.49178569982277837,0.32194941414470135,-0.037821086445255336,1.0,,,,
884,48,5063616,0.42151359111793996,0.3441644292717528,-0.14463689503409338,1.0,,,,
885,48,5061216,0.5620563923842681,0.2810282617178902,0.0997649018583387,1.0,,,,
886,48,5059968,0.7024803149510735,0.00028335602708645056,0.7020141942865163,1.0,,,,
887,48,5060640,0.4917995286783068,0.32195842559410703,-0.03782208142399934,1.0,,,,
888,48,5060352,0.6322370727350284,0.2107458890958994,0.2855600851722739,1.0,,,,
889,48,5060544,0.6324958210007923,0.21083204836744923,0.2856771014363383,1.0,,,,
890,49,98,0.7691246707477863,2.1967578230213225e-07,0.7691243093811244,1.0,,,,
891,49,5000058,0.6944727614344394,0.0003482821239625499,0.693899837340521,1.0,,,,
892,49,7500038,0.0,0.0,0.0,1.0,,,,
893,49,6250048,0.0,0.0,0.0,1.0,,,,
894,49,5625102,0.0,0.0,0.0,1.0,,,,
895,49,5312580,0.0,0.0,0.0,1.0,,,,
896,49,5156368,0.0,0.0,0.0,1.0,,,,
897,49,5078262,0.6239117984872019,0.20797074846305202,0.2817999172654813,1.0,,,,
898,49,5117364,0.13856945812048171,0.2771389163551183,-0.31732405928368784,1.0,,,,
899,49,5097862,0.41589702948492524,0.33957860005570634,-0.14270976760671172,1.0,,,,
900,49,5088062,0.4159700259405552,0.3396381395710012,-0.1427347136537418,1.0,,,,
901,49,5083162,0.48519750396123207,0.3176363721262023,-0.037314328186370815,1.0,,,,
902,49,5080712,0.27729826982801564,0.33961964684012025,-0.2813760492239822,1.0,,,,
903,49,5079536,0.4852339673434584,0.31766024423594574,-0.03731713442467238,1.0,,,,
904,49,5078948,0.5546284251614969,0.2773143062415153,0.09844639139420419,1.0,,,,
905,49,5078654,0.41599723248856063,0.3396604605047752,-0.14274422504179457,1.0,,,,
906,49,5078458,0.4853191599138045,0.3177160611967064,-0.03732376075477761,1.0,,,,
907,49,5078360,0.4852717404873884,0.31768502261569254,-0.03732012171542576,1.0,,,,
908,50,100,0.7691273447649442,2.509653078264249e-07,0.7691269319270128,1.0,,,,
909,50,5000100,0.6821386816945456,0.000561113269210337,0.6812156503666946,1.0,,,,
910,50,7500100,0.0,0.0,0.0,1.0,,,,
911,50,6250100,0.0,0.0,0.0,1.0,,,,
912,50,5625100,0.0,0.0,0.0,1.0,,,,
913,50,5312600,0.0,0.0,0.0,1.0,,,,
914,50,5156400,0.0,0.0,0.0,1.0,,,,
915,50,5078300,0.476788455439124,0.31213138368033966,-0.036667670715034684,1.0,,,,
916,50,5039200,0.6816190139818115,0.000280306303398555,0.6811579101127209,1.0,,,,
917,50,5058800,0.6815169675024242,0.0004329385394380242,0.6808047836050486,1.0,,,,
918,50,5068600,0.6130078324949355,0.20433610467357874,0.27687494030689846,1.0,,,,
919,50,5073500,0.47670714053093083,0.3120781404906271,-0.036661400576150804,1.0,,,,
920,50,5071100,0.544972985492788,0.2724866992046232,0.0967323653011829,1.0,,,,
921,50,5069900,0.47663535174691757,0.31203111233281416,-0.03665582804056172,1.0,,,,
922,50,5069300,0.681246440392283,0.00039445068466090584,0.6805975690160158,1.0,,,,
923,50,5069600,0.5449569930415668,0.27247876117763914,0.09672943090435038,1.0,,,,
924,50,5069500,0.4086497683026341,0.3336611849533502,-0.14022288094562696,1.0,,,,
925,50,5069400,0.6129154480316152,0.20430535151870424,0.27683314478334675,1.0,,,,
926,51,102,0.7691299546609065,2.0150228013882368e-07,0.7691296231896557,1.0,,,,
927,51,5000142,0.6660114414637947,0.00023334794793863271,0.6656275840894356,1.0,,,,
928,51,7500162,0.0,0.0,0.0,1.0,,,,
929,51,6250152,0.0,0.0,0.0,1.0,,,,
930,51,5625198,0.0,0.0,0.0,1.0,,,,
931,51,5312670,0.0,0.0,0.0,1.0,,,,
932,51,5156406,0.0,0.0,0.0,1.0,,,,
933,51,5078274,0.39876720854283365,0.32559217587451944,-0.1368319207707508,1.0,,,,
934,51,5039208,0.6650907335930595,0.00041083843824013224,0.6644149043621544,1.0,,,,
935,51,5058792,0.5983469358184502,0.19944922235839949,0.2702529650388831,1.0,,,,
936,51,5049000,0.6649989502561068,0.00044557766821119797,0.6642659749918993,1.0,,,,
937,51,5053896,0.6648235829914881,0.0005018276587416312,0.6639980764928581,1.0,,,,
938,51,5056344,0.6646717048079248,0.00047398620944139145,0.6638919974933937,1.0,,,,
939,51,5057568,0.5982540656405745,0.19941849406552556,0.27021064290278496,1.0,,,,
940,51,5056956,0.6648497801211313,0.00041172177202775107,0.6641724978061456,1.0,,,,
941,51,5057262,0.5980999224201513,0.19936672595961472,0.2701416582165851,1.0,,,,
942,51,5057160,0.5984524120587872,0.1994844380978137,0.2703005113878837,1.0,,,,
943,51,5057058,0.5317500080631319,0.2658752248643873,0.09438526316121476,1.0,,,,
944,52,104,0.7691325618262039,1.970520112769453e-07,0.7691322376756454,1.0,,,,
945,52,5000112,0.641759808132414,0.0005435060788252987,0.6408657406327464,1.0,,,,
946,52,7500064,0.0,0.0,0.0,1.0,,,,
947,52,6250088,0.0,0.0,0.0,1.0,,,,
948,52,5625152,0.0,0.0,0.0,1.0,,,,
949,52,5312632,0.0,0.0,0.0,1.0,,,,
950,52,5156424,0.0,0.0,0.0,1.0,,,,
951,52,5078320,0.4480108455684843,0.29329200480081924,-0.03445450232886332,1.0,,,,
952,52,5039216,0.6406658028496329,0.0004783256244625054,0.6398789571973921,1.0,,,,
953,52,5058768,0.6408988555146168,0.00035849721069071823,0.6403091276030306,1.0,,,,
954,52,5068544,0.6403806404611114,0.00031959460841520415,0.6398549073302684,1.0,,,,
955,52,5073432,0.5762842184998671,0.19209549171474924,0.26028713462910463,1.0,,,,
956,52,5071040,0.6403984105865645,0.0005340177551570145,0.6395199513793313,1.0,,,,
957,52,5072288,0.4481469500429503,0.29338110049441274,-0.03446496027035867,1.0,,,,
958,52,5071664,0.448386119864786,0.29353825930932614,-0.034484316699055495,1.0,,,,
959,52,5071352,0.5764302557170821,0.19214447484328182,0.26035259459988347,1.0,,,,
960,52,5071248,0.5764999214365469,0.19216707446223436,0.26038508394617144,1.0,,,,
961,52,5071144,0.3840825962435759,0.31360227872065866,-0.13179315225190757,1.0,,,,
962,53,106,0.7691348264965848,1.5364729241871925e-07,0.7691345737467888,1.0,,,,
963,53,5000126,0.603920087685421,0.0005159947945061153,0.6030712762484585,1.0,,,,
964,53,2500116,0.6859731396678463,0.00041402508406368754,0.6852920684045616,1.0,,,,
965,53,3750174,0.6435714220257837,0.0004322156138559242,0.6428604273409907,1.0,,,,
966,53,4375150,0.6231287956564617,0.0005583891092015519,0.6222102455718251,1.0,,,,
967,53,4687638,0.6135713984918821,0.0006104035963207607,0.6125672845759345,1.0,,,,
968,53,4843882,0.6082684289375956,0.000511768706845392,0.6074265694148349,1.0,,,,
969,53,4922004,0.6058137725259662,0.000618566685045011,0.6047962303290672,1.0,,,,
970,53,4882996,0.6073565284349638,0.0004926707113003291,0.6065460851148747,1.0,,,,
971,53,4902500,0.6069946549286158,0.0005495950538773742,0.6060905710649875,1.0,,,,
972,53,4912252,0.6063545038848699,0.0004570618702220061,0.6056026371083547,1.0,,,,
973,53,4907376,0.6070378093917183,0.0007320414419585686,0.6058336012196964,1.0,,,,
974,53,4909814,0.6070165923315608,0.000583617149412662,0.606056542120777,1.0,,,,
975,53,4911086,0.6065589979650712,0.0007435893258302924,0.6053357935240804,1.0,,,,
976,53,4911722,0.6070049000254698,0.00029746818313728036,0.606515564864209,1.0,,,,
977,53,4912040,0.6066828594720325,0.0007698664974469481,0.6054164290837323,1.0,,,,
978,53,4912146,0.6066838946663775,0.0005360253974004645,0.6058021328876537,1.0,,,,
979,54,108,0.7691365837234091,1.897319085107311e-07,0.7691362716144196,1.0,,,,
980,54,5000076,0.5345556700318392,0.001068597028722281,0.5327978279195911,1.0,,,,
981,54,2500092,0.6474371693955394,0.0006227726861767684,0.6464127083267787,1.0,,,,
982,54,3750084,0.588176441418064,0.000713230546532741,0.5870031771690176,1.0,,,,
983,54,3125088,0.6166862153459343,0.0004777483757242411,0.6159003192678679,1.0,,,,
984,54,3437640,0.6021376262434416,0.0007136668420339921,0.6009636442882956,1.0,,,,
985,54,3281364,0.609509126033368,0.0006223209926054732,0.6084854080005321,1.0,,,,
986,54,3359556,0.6060201886084273,0.0006261037359679289,0.6049902479627601,1.0,,,,
987,54,3320460,0.6073286461427577,0.000989242307650656,0.6057013425466724,1.0,,,,
988,54,3340008,0.6064857243371469,0.0006344415248944081,0.6054420680286956,1.0,,,,
989,54,3330288,0.6067700281680879,0.0004510518349522661,0.6060280478995914,1.0,,,,
990,54,3335148,0.606552470264833,0.0008107184569265945,0.6052188384031888,1.0,,,,
991,54,3337632,0.6069764201335582,0.0005569380313918766,0.6060602570719186,1.0,,,,
992,54,3338820,0.6065469203151668,0.0005099479368669023,0.6057080559590207,1.0,,,,
993,54,3339468,0.6065602753911531,0.0006011427791537773,0.6055713955194452,1.0,,,,
994,54,3339792,0.6064872046316172,0.0006666961020865822,0.6053904895436848,1.0,,,,
995,54,3339684,0.6066903500971665,0.0009013480034991391,0.6052076326314104,1.0,,,,
996,55,110,0.7691377419701193,1.2350877386029907e-07,0.7691375387981862,1.0,,,,
997,55,5000160,0.42190153699900057,0.001331733437571674,0.4197108354941952,1.0,,,,
998,55,2500190,0.5787311396496334,0.0008880412474176577,0.5772703117976313,1.0,,,,
999,55,1250150,0.677179815157849,0.0002602171029330318,0.6767517580235242,1.0,,,,
1000,55,1875170,0.6275244654275955,0.0004368499678610431,0.6268058472304642,1.0,,,,
1001,55,2187680,0.6051293390622088,0.0006490172080114136,0.60406170575503,1.0,,,,
1002,55,2031480,0.6162746538621915,0.0004644795076689306,0.6155105850720761,1.0,,,,
1003,55,2109580,0.6110754812383599,0.0009253168302165652,0.6095533350526536,1.0,,,,
1004,55,2148630,0.6080842624365553,0.0008851121843371382,0.6066282528933208,1.0,,,,
1005,55,2168210,0.6061833484134758,0.0008715586432073863,0.6047496344453996,1.0,,,,
1006,55,2158420,0.6076036824448285,0.000736952503500278,0.6063913955765706,1.0,,,,
1007,55,2163370,0.607304757877273,0.0005234118815865422,0.6064437453320631,1.0,,,,
1008,55,2165790,0.6067916629578036,0.0005954347829689573,0.6058121727398197,1.0,,,,
1009,55,2167000,0.6065809878081206,0.0008033283522832955,0.6052595126686147,1.0,,,,
1010,55,2167660,0.6063838398878177,0.0007036136707659468,0.6052263953994078,1.0,,,,
1011,55,2167330,0.6065006424340109,0.000870099765246287,0.6050693283201808,1.0,,,,
1012,55,2167220,0.6065549911270485,0.0007245955330735143,0.6053630314751426,1.0,,,,
1013,56,112,0.7691397602880002,1.467459034625969e-07,0.7691395188909891,1.0,,,,
1014,56,5000128,0.40215108257869375,0.0013398522382165811,0.3999470256468275,1.0,,,,
1015,56,2500176,0.5662338492236024,0.0008000187924173755,0.5649178183100758,1.0,,,,
1016,56,1250144,0.6705034695351673,0.00042650862595006953,0.6698018628454794,1.0,,,,
1017,56,1875216,0.6171550538764915,0.0005322956102400334,0.6162794275976466,1.0,,,,
1018,56,2187696,0.5945666996219481,0.0008910475945021651,0.593100926328992,1.0,,,,
1019,56,2031456,0.6054549355324996,0.0006003372732176415,0.6044673807180566,1.0,,,,
1020,56,1953392,0.6114392138561463,0.000980642145443064,0.6098260575268925,1.0,,,,
1021,56,1992480,0.6085611961924668,0.0007259527097146119,0.6073670039849863,1.0,,,,
1022,56,2011968,0.6071778656976351,0.000693092786452435,0.6060377280639209,1.0,,,,
1023,56,2021712,0.6061162492222509,0.0007835181514007486,0.6048273618631967,1.0,,,,
1024,56,2016896,0.6064272324391758,0.000738123000532268,0.6052130201033002,1.0,,,,
1025,56,2014432,0.6066630008034999,0.0009150620457731705,0.605157723738203,1.0,,,,
1026,56,2015664,0.6065356487251498,0.000642148954749494,0.6054793136945869,1.0,,,,
1027,56,2016336,0.6065871245590845,0.000919770636686369,0.6050741018617354,1.0,,,,
1028,56,2016672,0.6064386474428521,0.0007875530798811669,0.6051431226264476,1.0,,,,
1029,56,2016560,0.606969132159918,0.001000497282758561,0.6053233141297801,1.0,,,,
1030,57,114,0.7691416153226754,8.258275839956148e-08,0.7691414794740379,1.0,,,,
1031,57,5000154,0.3803937866826724,0.0010177902728337573,0.37871952168386086,1.0,,,,
1032,57,2500134,0.5513224900360202,0.000814839986699157,0.5499820782579,1.0,,,,
1033,57,1250124,0.6626384020618356,0.0004927464810414429,0.6618278341005224,1.0,,,,
1034,57,1875186,0.6057012204855149,0.0005008901377883027,0.6048772562088531,1.0,,,,
1035,57,1562712,0.6359959146678971,0.0005186999341618006,0.6351426532762009,1.0,,,,
1036,57,1719006,0.6205259191366248,0.001129214153290189,0.6186683618544624,1.0,,,,
1037,57,1797096,0.6139183723631747,0.0007834100379412769,0.6126296628507613,1.0,,,,
1038,57,1836198,0.6099878902365866,0.0011950063435385173,0.6080221048014658,1.0,,,,
1039,57,1855692,0.6073490625101005,0.001014251086671632,0.6056806194725256,1.0,,,,
1040,57,1865496,0.6067394819315999,0.00122846516685799,0.6047186567321184,1.0,,,,
1041,57,1870398,0.6060713273139846,0.0009666093786382503,0.6044812548861247,1.0,,,,
1042,57,1868004,0.6061394314220849,0.0006426186095977338,0.6050823238092966,1.0,,,,
1043,57,1866750,0.6070180796620815,0.0006610590699442747,0.6059306374920232,1.0,,,,
1044,57,1867434,0.6064305835401436,0.0007083696299355169,0.6052653154988996,1.0,,,,
1045,57,1867092,0.6064511476667794,0.0005795289004418628,0.6054978226255525,1.0,,,,
1046,57,1866978,0.6070091992511488,0.0010286027916551123,0.6053171476588761,1.0,,,,
1047,58,116,0.7691433202107385,1.1943778273877437e-07,0.7691431237355859,1.0,,,,
1048,58,5000064,0.3565539783806568,0.001738431538292209,0.3536942585001661,1.0,,,,
1049,58,2500148,0.5343435653316463,0.0005898154916998366,0.5333733188478,1.0,,,,
1050,58,1250132,0.6537282698203971,0.0003668598495530588,0.6531247853678823,1.0,,,,
1051,58,1875140,0.5926205257919945,0.0007119874068639993,0.5914493065077032,1.0,,,,
1052,58,1562636,0.6245765202269251,0.000650654232511928,0.623506194014443,1.0,,,,
1053,58,1718888,0.6082550236144701,0.0017361186635342818,0.6053991084129563,1.0,,,,
1054,58,1797072,0.6009686612613702,0.0007322677283046971,0.5997640808483089,1.0,,,,
1055,58,1757980,0.604101654048152,0.0004710433341542432,0.6033267877634683,1.0,,,,
1056,58,1738492,0.6061223193827325,0.0005837884641922985,0.6051619873591362,1.0,,,,
1057,58,1728748,0.6067554213368613,0.0005495169066698194,0.6058514660253895,1.0,,,,
1058,58,1733620,0.6061294066709504,0.0005525550411693751,0.6052204536282267,1.0,,,,
1059,58,1731184,0.6065153873096405,0.00089639877887167,0.6050408113183966,1.0,,,,
1060,58,1730024,0.6072006540175396,0.0005674427323370511,0.6062672107228452,1.0,,,,
1061,58,1730604,0.6071237750607892,0.00046908335515662565,0.6063521329415565,1.0,,,,
1062,58,1730952,0.6065077372175427,0.0006180318368735562,0.6054910748458857,1.0,,,,
1063,58,1730836,0.6070579317340887,0.0014617141517989478,0.6046534119543795,1.0,,,,
1064,59,118,0.7691449123740287,5.8246439524273275e-08,0.7691448165586356,1.0,,,,
1065,59,5000132,0.3281561498032136,0.0012073653435656733,0.3261700338130481,1.0,,,,
1066,59,2500184,0.5151163082598001,0.0010517899114013004,0.513386113855545,1.0,,,,
1067,59,1250210,0.6426962139866158,0.0006418093626045923,0.6416404375851312,1.0,,,,
1068,59,1875256,0.5769035692447299,0.0008667183532972564,0.5754778175535559,1.0,,,,
1069,59,1562792,0.6115501670356317,0.0008327582360387639,0.6101802797373479,1.0,,,,
1070,59,1719024,0.5933385872146679,0.0013790930737882666,0.5910699791082862,1.0,,,,
1071,59,1640908,0.6042734595542372,0.0007357248164703597,0.6030631922311435,1.0,,,,
1072,59,1601850,0.6078067080626692,0.0007545844674073079,0.6065654166137842,1.0,,,,
1073,59,1621438,0.6057440314573908,0.0009377556400715601,0.604201423429473,1.0,,,,
1074,59,1611644,0.6063607213320876,0.00042414378997910186,0.605663004797572,1.0,,,,
1075,59,1606806,0.6074554891684082,0.000736314546059772,0.6062442517401399,1.0,,,,
1076,59,1609284,0.6072617368641748,0.0009291199855592787,0.6057333344879299,1.0,,,,
1077,59,1610464,0.6071883688156934,0.0009556441146552892,0.6056163342470854,1.0,,,,
1078,59,1611054,0.6069663299446894,0.0006196349744919658,0.6059470304116501,1.0,,,,
1079,59,1611408,0.6067441616344535,0.0011491136803518486,0.6048538696302748,1.0,,,,
1080,59,1611526,0.6069215173020447,0.00043453641275247284,0.6062067049030668,1.0,,,,
1081,60,120,0.7691462248207572,5.559146689565374e-08,0.7691461333727941,1.0,,,,
1082,60,5000160,0.2989882867913417,0.0014875947882338006,0.2965411933646971,1.0,,,,
1083,60,2500200,0.4915535011606381,0.0006528018025217492,0.49047964219548984,1.0,,,,
1084,60,1250160,0.6298109479569247,0.0009045446749127036,0.6283229719666933,1.0,,,,
1085,60,1875240,0.5581448358145238,0.0008937628297264812,0.5566745959596238,1.0,,,,
1086,60,1562760,0.5955445651495486,0.0007449474855286794,0.5943191265358538,1.0,,,,
1087,60,1406520,0.6132773413302998,0.0005806586599025716,0.6123221578347601,1.0,,,,
1088,60,1484640,0.6047937151005512,0.0006712358655197256,0.6036895321017713,1.0,,,,
1089,60,1445640,0.609392644926151,0.0006326547369686974,0.6083519278838375,1.0,,,,
1090,60,1465200,0.6075228860999278,0.0008052412289731449,0.606198264278267,1.0,,,,
1091,60,1474920,0.606155748366524,0.0006221406000557365,0.6051323270794323,1.0,,,,
1092,60,1470120,0.6067051630832948,0.00040860138297595366,0.6060330138082993,1.0,,,,
1093,60,1472520,0.6064922467886176,0.00048205668241703154,0.6056992635460415,1.0,,,,
1094,60,1471320,0.6062610090105385,0.0005340870671784948,0.6053824357850298,1.0,,,,
1095,60,1470720,0.6066980245409279,0.0006192744274968428,0.6056793181076956,1.0,,,,
1096,60,1471080,0.6061060306535292,0.0006592082760899234,0.6050216330393613,1.0,,,,
1097,60,1470960,0.6064010782196984,0.0008575804976236798,0.6049903583011074,1.0,,,,
1098,60,1470840,0.6065245528967884,0.0007631158775536898,0.6052692272782126,1.0,,,,
1099,61,122,0.769147330931331,5.342728821531208e-08,0.769147243043442,1.0,,,,
1100,61,5000170,0.2646335434540624,0.0018553522072193014,0.2615814890731867,1.0,,,,
1101,61,2500146,0.4644045395454712,0.0011472866832639044,0.46251725295150203,1.0,,,,
1102,61,1250134,0.6139427210614099,0.0008022685559744955,0.6126229892868319,1.0,,,,
1103,61,1875140,0.5359416545362131,0.0006667275893319557,0.5348448876517621,1.0,,,,
1104,61,1562698,0.5765100263074381,0.0011048776427067634,0.5746925025851854,1.0,,,,
1105,61,1406416,0.5956729002538097,0.0010538825468471011,0.5939392634642462,1.0,,,,
1106,61,1328336,0.6048408202630254,0.0006730200206870228,0.6037337023289953,1.0,,,,
1107,61,1289296,0.6094209593476562,0.0006693688817372197,0.6083198475371985,1.0,,,,
1108,61,1308816,0.606526466917372,0.0004988767954575726,0.6057058145888443,1.0,,,,
1109,61,1299056,0.6085756950248568,0.0004864091668442113,0.607775551945398,1.0,,,,
1110,61,1303936,0.6074877776781806,0.0008134830129372534,0.6061495981218988,1.0,,,,
1111,61,1306376,0.6075395394069563,0.0006211997156662125,0.6065176658746854,1.0,,,,
1112,61,1307596,0.6073033964859385,0.0007160540364488083,0.6061254875959802,1.0,,,,
1113,61,1308206,0.6068971612686263,0.000823010596997091,0.605543308836566,1.0,,,,
1114,61,1308572,0.6074675839096956,0.0005976114043854831,0.6064845131494815,1.0,,,,
1115,61,1308694,0.6071186900261072,0.0005382293885024358,0.6062333026820207,1.0,,,,
1116,62,124,0.7691481640166605,4.381961664338595e-08,0.7691480919333912,1.0,,,,
1117,62,5000176,0.2256757722343738,0.0011825406926097572,0.22373049279503074,1.0,,,,
1118,62,2500212,0.4315343594463508,0.0015830903987885659,0.42893017574034364,1.0,,,,
1119,62,1250168,0.5941729497209133,0.0009594806330538236,0.5925946040795398,1.0,,,,
1120,62,625208,0.6796851420082992,0.0006438652067444518,0.6786259837432046,1.0,,,,
1121,62,937688,0.6358398656885098,0.0006790390899630758,0.6347228463855206,1.0,,,,
1122,62,1093928,0.6147158235365547,0.0008024801123387309,0.6133957437517575,1.0,,,,
1123,62,1172048,0.6045641270835926,0.0008933252541778418,0.6030946070404701,1.0,,,,
1124,62,1132988,0.6102106424643172,0.0009511439832315244,0.6086460106119014,1.0,,,,
1125,62,1152580,0.6071930125461316,0.0007236489227046928,0.6060026100682824,1.0,,,,
1126,62,1162376,0.6055641738138391,0.0008227447101248153,0.6042107587656838,1.0,,,,
1127,62,1157540,0.6057477637192442,0.0006703822191297461,0.6046449849687758,1.0,,,,
1128,62,1155060,0.606460706028146,0.0007491682000108691,0.6052283243391281,1.0,,,,
1129,62,1153820,0.6065946813884153,0.00041089841743548265,0.605918753491734,1.0,,,,
1130,62,1154440,0.6066001220351149,0.0007303593475877068,0.6053986809083332,1.0,,,,
1131,62,1154812,0.6066937320707024,0.0007235453165761918,0.6055035000249346,1.0,,,,
1132,62,1154936,0.6065108679614435,0.0007773147848956542,0.6052321851402901,1.0,,,,
1133,63,126,0.7691485254343557,2.2477221719529406e-08,0.769148488459326,1.0,,,,
1134,63,5000184,0.18480184022240106,0.0014342639757189374,0.18244247598234342,1.0,,,,
1135,63,2500218,0.391236589422495,0.0013143638964555845,0.3890744608128256,1.0,,,,
1136,63,1250172,0.5682183553605553,0.0007598990510917545,0.5669683214215093,1.0,,,,
1137,63,625212,0.665369632283599,0.00047957196709990036,0.6645807363977196,1.0,,,,
1138,63,937692,0.6157076908249766,0.0004707910649682918,0.6149332395231037,1.0,,,,
1139,63,1093932,0.592021849688389,0.0006971800566904438,0.5908749884951332,1.0,,,,
1140,63,1015812,0.6038580346139881,0.00040125173912814463,0.6031979755031224,1.0,,,,
1141,63,976752,0.6098078734371571,0.0007278210961249406,0.6086106077340316,1.0,,,,
1142,63,996282,0.6069932733230685,0.0006381959343165984,0.6059434410111177,1.0,,,,
1143,63,1006110,0.6049286057483625,0.0008789381496988036,0.6034827524921079,1.0,,,,
1144,63,1001196,0.6057181255218218,0.0006245465919166712,0.6046907463781189,1.0,,,,
1145,63,998802,0.6063209387185792,0.00086256606619809,0.6049020175396833,1.0,,,,
1146,63,997542,0.606523330031961,0.0007493685967833178,0.6052906186902525,1.0,,,,
1147,63,996912,0.6067331968012498,0.0007938448215931903,0.605427322069729,1.0,,,,
1148,63,997290,0.6067639578349322,0.0009633980632662569,0.6051791680208592,1.0,,,,
1149,63,997416,0.6065335703768843,0.0013367801449310289,0.6043345670384728,1.0,,,,
1150,64,128,0.7691482104955559,7.421732246028801e-08,0.7691480884080605,1.0,,,,
1151,64,5000192,0.13738767014087513,0.001340793638502878,0.1351820646055379,1.0,,,,
1152,64,2500224,0.34125247708881057,0.0009071358981006615,0.339760238536435,1.0,,,,
1153,64,1250176,0.535414078566243,0.0006562365045403438,0.5343345695162741,1.0,,,,
1154,64,625152,0.6462498165237186,0.0005825360739233779,0.6452915446821147,1.0,,,,
1155,64,937728,0.5883266071459023,0.0008383449589526059,0.5869475296884253,1.0,,,,
1156,64,781440,0.6169543985601893,0.0009708055511288457,0.6153574234285824,1.0,,,,
1157,64,859648,0.6028184499348,0.00045973886772145486,0.6020621794973983,1.0,,,,
1158,64,820608,0.6100532884639326,0.0008521323211683799,0.6086515307956106,1.0,,,,
1159,64,840192,0.6067014609071613,0.0011598082376772915,0.6047935763561821,1.0,,,,
1160,64,849920,0.6045866199795763,0.0005930524166881209,0.6036110487541243,1.0,,,,
1161,64,845056,0.6057043613579393,0.000735190530201122,0.6044949729357584,1.0,,,,
1162,64,842624,0.6058716154983202,0.0006838014470293242,0.604746762117957,1.0,,,,
1163,64,841472,0.6063131182503736,0.0007739176239653758,0.6050400237589506,1.0,,,,
1164,64,840832,0.6058496253158194,0.000494482607347513,0.6050362014267328,1.0,,,,
1165,64,840576,0.6060691869184872,0.0006583440570139573,0.6049862109446993,1.0,,,,
1166,64,840448,0.6061752357540134,0.0007303921742981064,0.604973740627293,1.0,,,,
1167,64,840320,0.6065520282283373,0.0007390757022728934,0.6053362486980984,1.0,,,,
1168,65,130,0.7691469256614385,7.341404313827407e-08,0.7691468048953375,1.0,,,,
1169,65,5000190,0.08887061665072248,0.0008732394977655478,0.08743413767689814,1.0,,,,
1170,65,2500160,0.2777415420318235,0.0021795663777097805,0.2741561553404909,1.0,,,,
1171,65,1250210,0.4875872633514284,0.0014232300336234484,0.4852460499461178,1.0,,,,
1172,65,625170,0.6190953469109681,0.0006037704000724664,0.618102144602849,1.0,,,,
1173,65,937690,0.5504408570282675,0.0006650221736891877,0.5493468955525488,1.0,,,,
1174,65,781430,0.5835180374991881,0.0009406610435167185,0.5819706500826031,1.0,,,,
1175,65,703300,0.6012647642504623,0.001124938035584138,0.5994142411819263,1.0,,,,
1176,65,664300,0.609352071996359,0.0009529404146959946,0.607784485014184,1.0,,,,
1177,65,683800,0.6054918047862078,0.0006612095425088069,0.6044041150887808,1.0,,,,
1178,65,674050,0.6076949198132908,0.0005793578872736109,0.6067418760887258,1.0,,,,
1179,65,678990,0.6066160345510493,0.0007751146463714072,0.6053409709577683,1.0,,,,
1180,65,681460,0.605400282063588,0.0005843276516171364,0.6044390630766778,1.0,,,,
1181,65,680290,0.606723105073038,0.0011373534878692897,0.604852158585493,1.0,,,,
1182,65,680940,0.6058059346563468,0.0008855408939419017,0.6043492198858124,1.0,,,,
1183,65,680680,0.6060605714909025,0.0005506236324864837,0.6051547956154623,1.0,,,,
1184,65,680550,0.6067300842793558,0.0009709816243638546,0.6051328195072773,1.0,,,,
1185,66,132,0.7691434734451905,2.2235154463897666e-07,0.7691431076768996,1.0,,,,
1186,66,5000160,0.04310973110087506,0.0004314290477576435,0.042400030317313736,1.0,,,,
1187,66,2500212,0.19712484694864227,0.0013407107931030112,0.19491937769398782,1.0,,,,
1188,66,1250172,0.41873958233649244,0.0019416588134704101,0.4155455535883336,1.0,,,,
1189,66,625152,0.5751995630521349,0.0005425611118400728,0.574307050023158,1.0,,,,
1190,66,312708,0.669728912495385,0.00045041654398010264,0.6689879772805377,1.0,,,,
1191,66,468996,0.620468197374552,0.0008664564928694172,0.6190428764437819,1.0,,,,
1192,66,547140,0.5973000969766703,0.0007408290017636683,0.5960814332687691,1.0,,,,
1193,66,508068,0.6083448514183585,0.000810119430914182,0.6070122049545047,1.0,,,,
1194,66,527604,0.6030561864616601,0.0005524796825748447,0.6021473573838245,1.0,,,,
1195,66,517836,0.6057104498831739,0.0006223064518365764,0.6046867557699027,1.0,,,,
1196,66,512952,0.6073397241708254,0.0007652570944968771,0.606080876250378,1.0,,,,
1197,66,515460,0.6063191669819765,0.0008096533112055333,0.6049872872850435,1.0,,,,
1198,66,514272,0.6064429583756954,0.0007139747430678523,0.6052684699233488,1.0,,,,
1199,66,513612,0.607074259785434,0.0011962938655318916,0.605106356376634,1.0,,,,
1200,66,514008,0.6068280365574151,0.0009346634485453008,0.6052905151845581,1.0,,,,
1201,66,514140,0.6067803080184682,0.0006934212808113173,0.6056396300115335,1.0,,,,
1202,67,134,0.7691348493966922,4.021236858550907e-07,0.769134187903229,1.0,,,,
1203,67,5000076,0.010085791158394614,0.00023187082747484455,0.009704363647198495,1.0,,,,
1204,67,2500172,0.09878489463394965,0.0013083787931137004,0.09663261151927761,1.0,,,,
1205,67,1250220,0.30850306749341716,0.001926823723409118,0.30533344246840916,1.0,,,,
1206,67,625244,0.4958486267589116,0.0011094157015983565,0.4940236379297823,1.0,,,,
1207,67,312756,0.6242175846787584,0.0007302289251162885,0.6230163580969421,1.0,,,,
1208,67,469000,0.5569576553052079,0.0011127620108170883,0.5551271617974138,1.0,,,,
1209,67,390878,0.5914627534247375,0.001096608450780038,0.5896588325232044,1.0,,,,
1210,67,351884,0.6070980268032623,0.0007898842399101169,0.6057986672286102,1.0,,,,
1211,67,371448,0.599176948963691,0.000969951949824006,0.5975813780062306,1.0,,,,
1212,67,361666,0.603531371600213,0.0007904472319828106,0.6022310859036013,1.0,,,,
1213,67,356842,0.6055867773115067,0.0009396274562544821,0.6040410901459681,1.0,,,,
1214,67,354430,0.6066081741280958,0.0006169024377850277,0.6055933696179394,1.0,,,,
1215,67,355636,0.6054767598253872,0.0010447417741560206,0.6037581596069005,1.0,,,,
1216,67,355100,0.6059446961424371,0.0009613349380555539,0.6043633001693357,1.0,,,,
1217,67,354832,0.6063800589911218,0.0007658777803718069,0.6051201900424101,1.0,,,,
1218,67,354698,0.6068344244659556,0.0008030783763031714,0.6055133605369368,1.0,,,,
1219,68,136,0.7691282034052213,4.793344312130414e-07,0.769127414900082,1.0,,,,
1220,68,5000176,0.0026902189073274687,4.113857886900153e-05,0.002622545945087961,1.0,,,,
1221,68,2500224,0.05367971495774777,0.0005023668499133629,0.05285332148964029,1.0,,,,
1222,68,1250248,0.23835315275940122,0.0016046973032497575,0.23571342569555537,1.0,,,,
1223,68,625192,0.4380226372314385,0.0009587891386499689,0.4364454290983593,1.0,,,,
1224,68,312664,0.5895890546790361,0.0008670313257336296,0.5881627881482043,1.0,,,,
1225,68,156400,0.6811856909340797,0.0009831559224153473,0.6795683994417064,1.0,,,,
1226,68,234600,0.6360080551394568,0.0004368625966995613,0.635289416167886,1.0,,,,
1227,68,273632,0.6119142423388706,0.0006979761200036356,0.6107660716214646,1.0,19186.0,,51239.315219830205,
1228,68,293216,0.6009711779645226,0.0018319659558290523,0.5979575939671838,1.0,,,,
1229,68,283424,0.606717222191082,0.0008702075972695224,0.6052857306935737,1.0,,,,
1230,68,288320,0.6040906823662417,0.000995179444643943,0.6024536121798024,1.0,,,,
1231,68,285872,0.6056190191567047,0.0009777179698308891,0.6040106730963328,1.0,,,,
1232,68,284648,0.6053602620221041,0.0006407623161303354,0.6043062080120697,1.0,,,,
1233,68,284104,0.6064343326485838,0.0008186413715204537,0.6050876675924327,1.0,,,,
1234,68,283832,0.6060274265204111,0.0010188258875590197,0.6043514579353765,1.0,,,,
1235,68,283696,0.6068308573976949,0.0004945658317018657,0.6060172966045454,1.0,,,,
1236,69,138,0.7691263963336532,5.041584414146251e-07,0.769125566993017,1.0,,,,
1237,69,5000154,0.0019242496313647602,6.23175805640166e-05,0.0018217372113369529,1.0,,,,
1238,69,2500146,0.04560958649971243,0.0003330669364140272,0.045061691389311355,1.0,,,,
1239,69,1250142,0.22297822745185006,0.0015185890351674526,0.2204801484889996,1.0,,,,
1240,69,625140,0.4237662383936366,0.0014516540594103147,0.4213782674659066,1.0,,,,
1241,69,312708,0.579871800174492,0.0005285278162550896,0.5790023719167524,1.0,,,,
1242,69,156492,0.6762936919353816,0.0004192446945873065,0.6756040344127855,1.0,,,,
1243,69,234600,0.6288719922140296,0.0006862891032653425,0.627743046639158,1.0,,,,
1244,69,273654,0.603921361670013,0.0006192786775841777,0.602902648245387,1.0,,,,
1245,69,254196,0.6162521641297757,0.0012913078059307373,0.6141279627890196,1.0,,,,
1246,69,263994,0.6091335051128837,0.00034420269621105663,0.6085672916776165,1.0,,,,
1247,69,268824,0.6061438346183619,0.0010441876816823998,0.6044261458819943,1.0,,,,
1248,69,266478,0.6075860574512828,0.0006638431075097953,0.6064940355394292,1.0,,,,
1249,69,267720,0.6068096511009118,0.0010921383072068998,0.6050130835855564,1.0,,,,
1250,69,268272,0.606123595907245,0.0009935987126556962,0.6044891260249263,1.0,,,,
1251,69,267996,0.6065032450163766,0.0007023518663609482,0.6053478761962129,1.0,,,,
1252,69,267858,0.60723436820491,0.0009498774125830588,0.6056718198612108,1.0,,,,
1253,70,140,0.7691246360181629,8.259330261831161e-07,0.7691232773583349,1.0,,,,
1254,70,5000100,0.001280853786726198,3.106332110267375e-05,0.0012297546235122997,1.0,,,,
1255,70,2500120,0.03804932797978622,0.000425171422681635,0.03734992098947493,1.0,,,,
1256,70,1250200,0.2047940442620675,0.0017228182975822283,0.20196000816254472,1.0,,,,
1257,70,625240,0.40729001711307894,0.0017019606338688827,0.4044902918703646,1.0,,,,
1258,70,312760,0.5686754655355066,0.0007887794507678916,0.5673779233389934,1.0,,,,
1259,70,156520,0.6706932196757818,0.0006260757056473757,0.6696633251399918,1.0,,,,
1260,70,234640,0.6200831025601777,0.0008082895778311612,0.6187534662046454,1.0,,,,
1261,70,273700,0.594380281465617,0.0008346664321544877,0.593007255184723,1.0,,,,
1262,70,254240,0.60753254478398,0.001452812511524185,0.6051426682025227,1.0,,,,
1263,70,264040,0.6005472795583807,0.001454522424692397,0.5981545901697617,1.0,,,,
1264,70,259140,0.6038370711671612,0.0014026779247858791,0.6015296659808884,1.0,,,,
1265,70,256760,0.6057014209324039,0.0012227089577208426,0.6036900646969531,1.0,,,,
1266,70,255500,0.6064140893519359,0.0009124304868094398,0.6049131412011344,1.0,,,,
1267,70,254940,0.6069784642597227,0.0014223580848728825,0.6046386852101068,1.0,,,,
1268,70,255220,0.6064226211627529,0.0016754081397000813,0.6036665747729463,1.0,,,,
1269,70,255080,0.6064095556836093,0.0009940609225499474,0.6047743254660146,1.0,,,,
1270,71,142,0.7691224554381526,7.440797179681975e-07,0.7691212314270166,1.0,,,,
1271,71,5000104,0.0008263842169460797,1.4001500797297324e-05,0.0008033517481345256,1.0,,,,
1272,71,2500194,0.030738288647642296,0.0004399961364868892,0.030014495003121363,1.0,,,,
1273,71,1250168,0.18716147107643813,0.0006982600019725607,0.18601283337319327,1.0,,,,
1274,71,625226,0.3902517058686382,0.0017438191894206326,0.3873831233020413,1.0,,,,
1275,71,312684,0.557986683672876,0.001263662202376546,0.5559079593499665,1.0,,,,
1276,71,156484,0.6644132452616675,0.0007945053047095646,0.6631062840354203,1.0,,,,
1277,71,234584,0.6118491274738629,0.001176216492122764,0.609914251344321,1.0,,,,
1278,71,273634,0.5841729151963467,0.0010320889215317504,0.582475128920427,1.0,,,,
1279,71,254180,0.597090575099003,0.0013240012976785975,0.5949125929643216,1.0,,,,
1280,71,244382,0.6035770169371152,0.0008621806143335453,0.6021587298265365,1.0,,,,
1281,71,239554,0.6078353704393472,0.0013446768601787472,0.6056233770043532,1.0,,,,
1282,71,241968,0.6056227031960236,0.0007706036404806215,0.604355060207433,1.0,,,,
1283,71,240832,0.6070033833512263,0.001499038612369084,0.6045374648338792,1.0,,,,
1284,71,241400,0.6062957684898669,0.0017546730545850776,0.6034093313150745,1.0,,,,
1285,71,241116,0.6065268966349742,0.0014992188931957924,0.6040606815556671,1.0,,,,
1286,71,240974,0.6058744222410078,0.0005507956423007758,0.6049683634094231,1.0,,,,
1287,72,144,0.7691194121320529,7.560086352588626e-07,0.769118168497848,1.0,,,,
1288,72,5000112,0.000501121337595815,2.290271628137544e-05,0.0004634463693129524,1.0,,,,
1289,72,2500128,0.023938053788944785,0.00042696221512050406,0.023235700945071557,1.0,,,,
1290,72,1250208,0.16910907606426834,0.001232237283454113,0.16708204573298632,1.0,,,,
1291,72,625248,0.3714363492467474,0.0020164129815109857,0.36811934989216183,1.0,,,,
1292,72,312768,0.5443209636869322,0.0011639590276182287,0.5424062510865002,1.0,,,,
1293,72,156528,0.6569264225436434,0.0005686137639452205,0.6559910529019535,1.0,,,,
1294,72,234720,0.6013734382887187,0.001282048769715523,0.5992644680625366,1.0,,,,
1295,72,195696,0.6282707604193076,0.0005707874657209147,0.6273318150381967,1.0,,,,
1296,72,215280,0.6144486102474097,0.0006632168248338282,0.613357618570558,1.0,,,,
1297,72,225072,0.6081299783187883,0.0009891138306851346,0.6065028860673113,1.0,,,,
1298,72,229968,0.6043523016502524,0.0016072618343774183,0.6017083559327016,1.0,,,,
1299,72,227520,0.6061221292222766,0.0009652405493295886,0.6045343085186294,1.0,,,,
1300,72,226368,0.6072191606806486,0.0009671272719761024,0.6056282363182479,1.0,,,,
1301,72,226944,0.6067796780437572,0.0011212754593081743,0.6049351799131952,1.0,,,,
1302,72,227232,0.6060547568151271,0.0009851790590552358,0.6044341372629812,1.0,,,,
1303,72,227088,0.6065586063829966,0.0006670254291712914,0.6054613495520098,1.0,,,,
1304,73,146,0.7691158920183323,6.876098010419624e-07,0.7691147609002096,1.0,,,,
1305,73,5000208,0.00027994725910925413,1.244028866202809e-05,0.00025948298426021793,1.0,,,,
1306,73,2500250,0.01856691685956615,0.00026690719769538056,0.01812785451935725,1.0,,,,
1307,73,1250198,0.15052660875177173,0.001469801717917947,0.1481087849257967,1.0,,,,
1308,73,625172,0.35149222466468905,0.0015197591098058407,0.34899222092905846,1.0,,,,
1309,73,312732,0.5303646013616562,0.0012146629266014378,0.5283664808473968,1.0,,,,
1310,73,156512,0.6491689782352856,0.0006903437792846357,0.6480333627183624,1.0,,,,
1311,73,234622,0.5898187039228721,0.001323259801857766,0.587641941548816,1.0,,,,
1312,73,195640,0.6178660189846722,0.0005373056789593521,0.6169821511427841,1.0,,,,
1313,73,215204,0.6036268373814228,0.0005809905558882023,0.6026711079169866,1.0,,,,
1314,73,205422,0.6108384114576478,0.0006757448369896485,0.6097268112007999,1.0,,,,
1315,73,210386,0.6071319800925173,0.0010063444854441995,0.6054765434139616,1.0,,,,
1316,73,212868,0.6055577726350435,0.0009131987678016707,0.6040555606620097,1.0,,,,
1317,73,211700,0.6062668744269275,0.0007446640055319958,0.6050419021378274,1.0,,,,
1318,73,211116,0.6064239084090917,0.0005587051577264642,0.6055048384246317,1.0,,,,
1319,73,210824,0.6064111396599088,0.0009601560877443985,0.6048316828955692,1.0,,,,
1320,73,210678,0.607730914577966,0.0012463661084470428,0.6056806423295706,1.0,,,,
1321,74,148,0.7691112957029554,9.498832343311386e-07,0.769109733145035,1.0,,,,
1322,74,5000180,0.00014189545869972865,3.4206751920523982e-06,0.00013626844800880246,1.0,,,,
1323,74,2500164,0.01338076741468402,0.0002679483283455195,0.01293999241455564,1.0,,,,
1324,74,1250156,0.13021320463240615,0.0010345517823863212,0.12851136695038065,1.0,,,,
1325,74,625152,0.32796794817772534,0.0012580588741676285,0.32589844132971957,1.0,,,,
1326,74,312724,0.5134785950002432,0.0009095220659204633,0.511982431201804,1.0,,,,
1327,74,156436,0.6399310359528024,0.0008807015150874521,0.6384822819604836,1.0,,,,
1328,74,234580,0.5771152411788096,0.0009970571687273615,0.5754750821362531,1.0,,,,
1329,74,195508,0.6073091741024761,0.0009638381847907312,0.6057236602884953,1.0,,,,
1330,74,215044,0.5913341623544737,0.0013704791353635355,0.5890797241768007,1.0,,,,
1331,74,205276,0.5997751128329998,0.0007702404966697467,0.598508067215978,1.0,,,,
1332,74,200392,0.6030423611992461,0.0012049270375762086,0.6010602562224333,1.0,,,,
1333,74,198024,0.6050429961784309,0.0008387681345584752,0.6036632225970823,1.0,,,,
1334,74,196840,0.6060821326501136,0.0008973753236892764,0.6046059502426447,1.0,,,,
1335,74,196248,0.6060949859119321,0.0014779576993243638,0.6036637454965436,1.0,,,,
1336,74,195952,0.6061094746323193,0.0014210079218946103,0.6037719166008028,1.0,,,,
1337,74,195804,0.6062648082527738,0.0010156159640986318,0.6045941199918315,1.0,,,,
1338,74,195656,0.6064199556047465,0.0009429358743380156,0.6048688260914604,1.0,,,,
1339,75,150,0.7691051874747404,1.0800310509509338e-06,0.7691034108236616,1.0,,,,
1340,75,5000100,6.338539580876452e-05,2.2443776883336315e-06,5.96933945114557e-05,1.0,,,,
1341,75,2500200,0.009051572571361407,0.00012062557469309349,0.008853143500991268,1.0,,,,
1342,75,1250250,0.11029978035973968,0.0013921190585724878,0.10800974450838793,1.0,,,,
1343,75,625200,0.30321520138174385,0.001584242645435183,0.30060912223000297,1.0,,,,
1344,75,312750,0.4945575447016898,0.0017162641052217884,0.49173429024859994,1.0,,,,
1345,75,156450,0.6293138112330118,0.0006889605538513073,0.6281804711219264,1.0,,,,
1346,75,234600,0.5618764754272384,0.001305511949110173,0.5597289082709521,1.0,,,,
1347,75,195600,0.5935663259565528,0.0015019313177216129,0.5910956489389008,1.0,,,,
1348,75,176100,0.6107339554072515,0.0012069324181938582,0.6087485515793226,1.0,,,,
1349,75,185850,0.6025052079557024,0.0015839155069251492,0.5998996669468105,1.0,,,,
1350,75,181050,0.6072284000380824,0.0013441370359988769,0.6050172946138642,1.0,,,,
1351,75,183450,0.6047550967369006,0.0011907010257410885,0.6027963935495566,1.0,,,,
1352,75,182250,0.6056898724679202,0.000777370244628674,0.604411098415506,1.0,,,,
1353,75,181650,0.6067638732032992,0.0008179910617645392,0.6054182779066964,1.0,,,,
1354,75,181950,0.6064833706926429,0.0013214602876989786,0.6043095685193781,1.0,,,,
1355,75,181800,0.6065390632624034,0.0015674966638465934,0.6039605312503757,1.0,,,,
1356,76,152,0.7690977972135602,1.3919146546761336e-06,0.7690955075139533,1.0,,,,
1357,76,5000192,2.4002638316633625e-05,1.0882990469739112e-06,2.221238638436154e-05,1.0,,,,
1358,76,2500248,0.005704911084159913,0.00011807521402420715,0.005510677357090093,1.0,,,,
1359,76,1250200,0.09109326913708389,0.0007972066495717442,0.08978186419853837,1.0,,,,
1360,76,625176,0.27521906370505866,0.0019805576196849795,0.27196104642067687,1.0,,,,
1361,76,312664,0.473458928780376,0.0014498499325182991,0.4710739256413834,1.0,,,,
1362,76,156408,0.6166286928204326,0.0014013705673637349,0.6143234382371193,1.0,,,,
1363,76,234536,0.5432086229989415,0.001573861443540173,0.5406196209243179,1.0,,,,
1364,76,195472,0.5787512950725882,0.0012197923389013709,0.5767447366750954,1.0,,,,
1365,76,176016,0.5968728085649865,0.0010239749144569416,0.5951883698307048,1.0,,,,
1366,76,166288,0.6072426014025192,0.0009420144922988017,0.6056929875626876,1.0,,,,
1367,76,171152,0.6024777735331692,0.0016151054302184044,0.5998209251004599,1.0,,,,
1368,76,168720,0.6054804025949774,0.0010622365696210997,0.6037330234379507,1.0,,,,
1369,76,167504,0.6064923975021469,0.0011277024807328177,0.6046373269213414,1.0,,,,
1370,76,166896,0.606224732716726,0.0011764951597535824,0.6042893981789313,1.0,,,,
1371,76,166592,0.6076090828527463,0.001545770444241836,0.6050662904719685,1.0,,,,
1372,76,166744,0.6067229396057756,0.001062760819900253,0.6049746980570397,1.0,,,,
1373,77,154,0.7690884493208296,1.41787300355383e-06,0.7690861169197388,1.0,,,,
1374,77,5000226,7.064845957721204e-06,4.028784372049737e-07,6.402110928519022e-06,1.0,,,,
1375,77,2500190,0.00337040142025076,0.00010376980003041137,0.0031997000992007333,1.0,,,,
1376,77,1250172,0.07036759098156543,0.0009592731432972297,0.06878958666084149,1.0,,,,
1377,77,625240,0.24560108408617531,0.0012891739625790224,0.24348039291773282,1.0,,,,
1378,77,312774,0.44693026328844365,0.0020204252549716373,0.4436066637440153,1.0,,,,
1379,77,156464,0.6012498894706009,0.0013602918122291635,0.5990122094394839,1.0,,,,
1380,77,78386,0.6862475037531672,0.0008903241276270736,0.6847829205632207,1.0,,,,
1381,77,117502,0.6420046254707511,0.00046676740035880404,0.6412367930971609,1.0,,,,
1382,77,137060,0.6213219838540311,0.000895341229560765,0.6198491475314036,1.0,,,,
1383,77,146762,0.6107365134255109,0.0008289196932403919,0.6093729405301305,1.0,,,,
1384,77,151690,0.6053784089509417,0.0013266780082830958,0.6031960236273161,1.0,,,,
1385,77,149226,0.6083605277447457,0.0007305569259694178,0.607158761601526,1.0,,,,
1386,77,150458,0.6072448449702464,0.0012106035916554666,0.6052534020619732,1.0,,,,
1387,77,151074,0.6064414800395873,0.0014045179504373938,0.6041310480111178,1.0,,,,
1388,77,150766,0.6065194465262321,0.0010640218066234276,0.6047691306543366,1.0,,,,
1389,77,150612,0.6072746635142199,0.0007390175377157653,0.6060589796646775,1.0,,,,
1390,78,156,0.7690773783033339,1.2002589217738558e-06,0.7690754038774076,1.0,,,,
1391,78,5000112,1.693229302068854e-06,9.695871927337075e-08,1.533732208864159e-06,1.0,,,,
1392,78,2500212,0.0016574085469982726,2.9673892416274574e-05,0.001608594993973501,1.0,,,,
1393,78,1250184,0.05219109976120077,0.00040785558643857955,0.051520177321509306,1.0,,,,
1394,78,625248,0.2115867558321008,0.0018330857668212878,0.20857132974567977,1.0,,,,
1395,78,312780,0.41808859058700243,0.0018495539037499708,0.4150460744153337,1.0,,,,
1396,78,156468,0.5823132002447673,0.0008197332060859864,0.5809647391207559,1.0,,,,
1397,78,78312,0.6765079063432732,0.0006745735914052781,0.6753982327854114,1.0,,,,
1398,78,117468,0.62846149020766,0.000842455278008434,0.627075651275336,1.0,,,,
1399,78,136968,0.6036132854201947,0.0010211104800213146,0.6019335586805596,1.0,,,,
1400,78,127296,0.6169464651769561,0.0012514288528088946,0.6148878647140854,1.0,,,,
1401,78,132132,0.61052062054505,0.001753536988284543,0.6076360521993219,1.0,,,,
1402,78,134628,0.6074217491329973,0.0013810021337636955,0.605150000622956,1.0,,,,
1403,78,135876,0.6056240065942787,0.0011870462113754456,0.6036713155765662,1.0,,,,
1404,78,135252,0.6063682785217535,0.0010743592851990146,0.6046009574976011,1.0,,,,
1405,78,134940,0.6063465849634176,0.0006227791380391847,0.6053221132813432,1.0,,,,
1406,78,134784,0.6065743622847839,0.0009754788504719101,0.6049696995757576,1.0,,,,
1407,79,158,0.7690625627345747,1.7720027946256671e-06,0.7690596477899776,1.0,,,,
1408,79,5000226,2.4391548076589105e-07,1.9795839865338768e-08,2.1135132418740877e-07,1.0,,,,
1409,79,2500192,0.00067882963504143,3.1085311992977126e-05,0.0006276942968129827,1.0,,,,
1410,79,1250254,0.03557616598490478,0.0007649632794472092,0.03431780139021412,1.0,,,,
1411,79,625206,0.17710646524591883,0.0016032674555476853,0.1744690902815429,1.0,,,,
1412,79,312682,0.38225513043256276,0.0016137117261839182,0.37960057464299024,1.0,,,,
1413,79,156420,0.5590760788114059,0.0009815320863192963,0.5574614585294106,1.0,,,,
1414,79,78368,0.6639397245764846,0.0007776318696021107,0.6626605201509892,1.0,,,,
1415,79,117394,0.6104827947805541,0.0007743141322676944,0.6092090480329737,1.0,,,,
1416,79,136986,0.5839397813265718,0.0010287569994084187,0.5822474760625449,1.0,,,,
1417,79,127190,0.5969461174133391,0.0010763981758540654,0.5951754424140592,1.0,,,,
1418,79,122292,0.6033795298143426,0.00128810056606868,0.6012606043831596,1.0,,,,
1419,79,119922,0.6063625210929062,0.0006632158816404051,0.6052715309676078,1.0,,,,
1420,79,118658,0.6089860763371144,0.0009430141077724197,0.6074348181298288,1.0,,,,
1421,79,119290,0.6072087622826828,0.0012900776416147478,0.6050865845622265,1.0,,,,
1422,79,119606,0.6073275894603306,0.000809884631950238,0.6059953292407725,1.0,,,,
1423,79,119764,0.6070269671306688,0.0012839966194235749,0.6049147926917171,1.0,,,,
1424,80,160,0.7690424706291107,1.2469312354436864e-06,0.7690404194272283,1.0,,,,
1425,80,5000160,1.8881878059911035e-08,1.2065217909135312e-09,1.6897149713858275e-08,1.0,,,,
1426,80,2500160,0.00020098454463668525,8.373770449872679e-06,0.0001872096922466447,1.0,,,,
1427,80,1250240,0.021146317751998663,0.0003521385308320835,0.020567049868779885,1.0,,,,
1428,80,625280,0.1370420221333743,0.001746553074928501,0.13416894232511692,1.0,,,,
1429,80,312800,0.33930318421701566,0.0017699199430638902,0.33639166591067554,1.0,,,,
1430,80,156480,0.5296062016814613,0.0014773167606905316,0.5271760156101254,1.0,,,,
1431,80,78400,0.647328380146077,0.0008046120695721965,0.6460047932916307,1.0,,,,
1432,80,117440,0.5869914138329678,0.0011018423035769713,0.5851788832435837,1.0,,,,
1433,80,97920,0.6157888690196666,0.000857156029510658,0.6143788473511216,1.0,,,,
1434,80,107680,0.6008515876360133,0.0013273030917648754,0.5986681740500601,1.0,,,,
1435,80,102880,0.6086737628517528,0.0013738768219059639,0.6064137354797174,1.0,,,,
1436,80,105280,0.6047668922272392,0.001128982523340971,0.6029097159763434,1.0,,,,
1437,80,104160,0.6072586537118994,0.001140735768556452,0.605382143372624,1.0,,,,
1438,80,104800,0.6055930040014434,0.0009741450904334179,0.6039905353276804,1.0,,,,
1439,80,104480,0.6063873756212901,0.0010017924479086753,0.6047394270444804,1.0,,,,
1440,80,104320,0.6071187379636996,0.0009292009442629683,0.6055902024103871,1.0,,,,
1441,81,162,0.7690102354378003,2.395600861226145e-06,0.7690062946743836,1.0,,,,
1442,81,5000130,5.578927654338612e-10,5.622333316325446e-11,4.6540538238030764e-10,1.0,,,,
1443,81,2500146,3.8984979724451894e-05,1.5634321440359848e-06,3.6413133847512696e-05,1.0,,,,
1444,81,1250154,0.01019756435881527,0.0003117373631215553,0.009684756396480311,1.0,,,,
1445,81,625158,0.09650208611469666,0.0007942054209336451,0.09519561819726081,1.0,,,,
1446,81,312660,0.287836407257112,0.0018714143360942857,0.28475793067423694,1.0,,,,
1447,81,156492,0.4923672052397047,0.0016653163127284783,0.4896277599052663,1.0,,,,
1448,81,78408,0.6244589463812444,0.0008027028635650982,0.6231385001706798,1.0,,,,
1449,81,117450,0.5554432215888926,0.0010911900909764472,0.5536482138892364,1.0,,,,
1450,81,98010,0.5896139582688918,0.0012343529638080251,0.5875834476434276,1.0,,,,
1451,81,88290,0.6070334872314677,0.0010076341347845198,0.6053759290797471,1.0,,,,
1452,81,93150,0.5977176806483964,0.0012989130683952513,0.5955809686508862,1.0,,,,
1453,81,90720,0.6022315651615451,0.002027644052561377,0.5988960906950817,1.0,,,,
1454,81,89586,0.6040885087328316,0.0010392969927420915,0.6023788651797709,1.0,,,,
1455,81,88938,0.6063259329525429,0.0013477853408482014,0.6041088260668476,1.0,,,,
1456,81,88614,0.6057590553057752,0.0013450304466637675,0.6035464802210133,1.0,,,,
1457,81,88452,0.6063976826904371,0.0010422313556730373,0.604683212110355,1.0,,,,
1458,82,164,0.7689646972083104,2.901620727519719e-06,0.7689599240422136,1.0,,,,
1459,82,5000196,2.793836480242751e-12,3.6640330026232795e-13,2.1911030513112214e-12,1.0,,,,
1460,82,2500180,3.1994300236540327e-06,2.963543144955874e-07,2.7119271763087915e-06,1.0,,,,
1461,82,1250172,0.003386385092554356,0.00014202048081358326,0.0031527614016160117,1.0,,,,
1462,82,625168,0.05710755280651375,0.0007737204287045969,0.05583478270129469,1.0,,,,
1463,82,312748,0.22379541544279874,0.0021458585679755924,0.22026547809847888,1.0,,,,
1464,82,156456,0.4393980330304307,0.0018665195022325345,0.43632760844925816,1.0,,,,
1465,82,78392,0.5931240866810132,0.000875061374742439,0.5916846107195619,1.0,,,,
1466,82,39360,0.6803231999880313,0.0006445800362748863,0.679262865828359,1.0,,,,
1467,82,58876,0.6352729057845998,0.0007886207581622943,0.6339756246374229,1.0,,,,
1468,82,68716,0.6146769186724957,0.0015174538223966388,0.6121807071346532,1.0,,,,
1469,82,73636,0.603864508521833,0.0012234305759981335,0.6018519652243162,1.0,,,,
1470,82,71176,0.6082761714972944,0.0011262543341883442,0.6064234831175546,1.0,,,,
1471,82,72488,0.6055844724674622,0.0009555933344299514,0.6040125214323249,1.0,,,,
1472,82,71832,0.6070695890389943,0.0009871623907354169,0.6054457069062346,1.0,,,,
1473,82,72160,0.6065085806274159,0.0013652396677481372,0.6042627613739702,1.0,,,,
1474,82,71996,0.6070108298561692,0.0011102284256363335,0.6051845040959974,1.0,,,,
1475,83,166,0.7688900202436184,5.193046337232383e-06,0.7688814776823937,1.0,,,,
1476,83,5000086,4.106097422067579e-16,1.550244464288128e-16,1.5559452783136083e-16,1.0,,,,
1477,83,2500126,4.697074476708339e-08,2.8147806870934375e-09,4.2340430536814686e-08,1.0,,,,
1478,83,1250146,0.0005610725928112299,2.0221824846123802e-05,0.0005278076909393562,1.0,,,,
1479,83,625156,0.024102126563666754,0.0005004748987581688,0.023278845355209566,1.0,,,,
1480,83,312744,0.14870665816074785,0.0012776384340480252,0.14660494293673884,1.0,,,,
1481,83,156538,0.36449207705160935,0.0017450982882753268,0.36162139036739643,1.0,,,,
1482,83,78352,0.544908511497088,0.0017943831134236983,0.541956751275506,1.0,,,,
1483,83,39342,0.6525024258658362,0.0008854065007364076,0.6510459321721248,1.0,,,,
1484,83,58930,0.597487142886447,0.0009407558857519562,0.595939599454385,1.0,,,,
1485,83,49136,0.6240444611188318,0.0009790800553854165,0.6224338744277228,1.0,,,,
1486,83,54116,0.6105955473285836,0.0013227877746355872,0.608419561439308,1.0,,,,
1487,83,56606,0.6031643340918755,0.001067721284244079,0.601407932579294,1.0,,,,
1488,83,55444,0.605911274790321,0.001398823646574838,0.6036102098917054,1.0,,,,
1489,83,54780,0.607960569053285,0.0010801700697059635,0.6061836892886187,1.0,,,,
1490,83,55112,0.6068015825476193,0.000761639167690477,0.6055486861167685,1.0,,,,
1491,83,55278,0.6065357227279833,0.0013241385056831467,0.6043575148861345,1.0,,,,
1492,84,168,0.7688007459076728,7.635355737165639e-06,0.7687881857474851,1.0,,,,
1493,84,5000184,1.3474956249732457e-21,3.2137690261017696e-22,8.188306201795045e-22,1.0,,,,
1494,84,2500176,1.4948649427896762e-10,1.2239467478965593e-11,1.2935257027606922e-10,1.0,,,,
1495,84,1250256,5.25614177197887e-05,3.3983571276458897e-06,4.697112024481121e-05,1.0,,,,
1496,84,625296,0.007673893564190651,0.00017653434944921083,0.007383494559346699,1.0,,,,
1497,84,312816,0.08702760133246329,0.0009780795123824316,0.0854186605345942,1.0,,,,
1498,84,156576,0.28917144798848765,0.0019759889139045177,0.2859209462251147,1.0,,,,
1499,84,78456,0.48756460808169433,0.0021773882120012878,0.4839828044729522,1.0,,,,
1500,84,39312,0.6211826501137928,0.0015908365212200838,0.6185657240363858,1.0,,,,
1501,84,58968,0.550951545611616,0.00129336537394416,0.5488239595714778,1.0,,,,
1502,84,49224,0.5857485639654947,0.0008857758219591014,0.584291462738372,1.0,,,,
1503,84,44352,0.6026898449644017,0.0009516366291772821,0.601124402709405,1.0,,,,
1504,84,41832,0.611926070795856,0.0007365121603764035,0.6107145082920369,1.0,,,,
1505,84,43176,0.606410053780683,0.0009003851407433743,0.6049289202241602,1.0,,,,
1506,84,42504,0.6089069390717807,0.0012389221286322122,0.6068689121701807,1.0,,,,
1507,84,42840,0.6085532402657344,0.0015533118634620422,0.6059980422503394,1.0,,,,
1508,84,43008,0.608041795793872,0.0015034180506871891,0.6055686731004916,1.0,,,,
1509,85,170,0.7687818131633246,5.1750087549192906e-06,0.7687733002739228,1.0,,,,
1510,85,5000210,1.9100034861293795e-22,1.4716376643962337e-23,1.667919090336199e-22,1.0,,,,
1511,85,2500190,6.05253060064579e-11,7.168742613072864e-12,4.873272440795304e-11,1.0,,,,
1512,85,1250180,3.47163071044816e-05,2.1233087912934286e-06,3.122346414280391e-05,1.0,,,,
1513,85,625260,0.006335238960386775,0.00015659484672189553,0.006077640437529257,1.0,,,,
1514,85,312800,0.07978029794073466,0.0007390208440482269,0.07856460865227533,1.0,,,,
1515,85,156570,0.2766081346503669,0.002655561594304262,0.27223973582773636,1.0,,,,
1516,85,78370,0.4809903915516361,0.0016674186557301593,0.47824748786295995,1.0,,,,
1517,85,39270,0.616349394386601,0.000599192824698426,0.615363722189972,1.0,,,,
1518,85,58820,0.54518647254184,0.0017880564139336288,0.5422451197409193,1.0,,,,
1519,85,49130,0.5798111699409989,0.001694713808704474,0.57702336572568,1.0,,,,
1520,85,44200,0.5968486325896454,0.0012847574725194293,0.5947352065473509,1.0,,,,
1521,85,41820,0.6065390063263385,0.0009372838306434076,0.6049971744249301,1.0,,,,
1522,85,43010,0.6009766152697662,0.0012016631757100816,0.5989998793457231,1.0,,,,
1523,85,42500,0.603851522622264,0.001256776687505202,0.601784124971318,1.0,,,,
1524,85,42160,0.6054949015039838,0.0010750944320662332,0.6037263711632348,1.0,,,,
1525,85,41990,0.6061448461484646,0.0008433391886568782,0.6047575531831241,1.0,,,,
1526,86,172,0.7687622604032558,8.691287419541138e-06,0.7687479632354507,1.0,,,,
1527,86,5000212,3.0287637258183135e-23,1.1661175321270837e-23,1.1105003854692608e-23,1.0,,,,
1528,86,2500192,2.297317889298652e-11,3.1887274767507844e-12,1.772772219373148e-11,1.0,,,,
1529,86,1250268,2.334255058152965e-05,1.3381891956346784e-06,2.1141229354710604e-05,1.0,,,,
1530,86,625220,0.005091126176094185,0.00013754295673901513,0.004864868012258505,1.0,,,,
1531,86,312696,0.07257798139354812,0.0010103283074831277,0.07091599132773838,1.0,,,,
1532,86,156520,0.2656564209746082,0.003301798028373476,0.2602249632179338,1.0,,,,
1533,86,78432,0.47158465516371617,0.0021457013551940455,0.46805497643442195,1.0,,,,
1534,86,39388,0.6096570823572014,0.0009942983850748106,0.6080214615137534,1.0,,,,
1535,86,58996,0.536863008839546,0.002144760017783995,0.5333348786102913,1.0,,,,
1536,86,49192,0.572141940454492,0.0013579228591016873,0.5699081573512697,1.0,,,,
1537,86,44376,0.5901904021611332,0.0011957482427908158,0.5882233963017423,1.0,,,,
1538,86,41968,0.5999837486745959,0.0010820550680715085,0.5982037680876183,1.0,,,,
1539,86,40764,0.6040045477331853,0.0013758833971424665,0.601741219544886,1.0,,,,
1540,86,40076,0.6076439841963415,0.001380225362115414,0.6053735134756616,1.0,,,,
1541,86,40420,0.6062385089281854,0.0006612256618464125,0.605150792714448,1.0,,,,
1542,86,40248,0.6069246234706321,0.0008594510585538084,0.6055108264793111,1.0,,,,
1543,87,174,0.7687348748735474,8.66595115537173e-06,0.7687206193838968,1.0,,,,
1544,87,5000238,2.1585886997294664e-24,5.986302139815683e-25,1.1738419977297865e-24,1.0,,,,
1545,87,2500206,8.125250666689749e-12,1.1552481884757863e-12,6.224867396647081e-12,1.0,,,,
1546,87,1250190,1.5124640379542674e-05,7.972439417863621e-07,1.3813174095304108e-05,1.0,,,,
1547,87,625182,0.004238611949591894,0.00011488266097396774,0.0040496299722897165,1.0,,,,
1548,87,312678,0.06529389987461652,0.0011388897842984644,0.06342042617944554,1.0,,,,
1549,87,156426,0.25445670431061873,0.0013868534682900877,0.25217533035528156,1.0,,,,
1550,87,78300,0.4615075700883284,0.0016892258985218272,0.45872879348525997,1.0,,,,
1551,87,39324,0.6045765673726315,0.000597146172692771,0.6035942619185519,1.0,,,,
1552,87,19836,0.6867483236853366,0.000856129735020164,0.6853399902712284,1.0,,,,
1553,87,29580,0.6444660198076235,0.0008779778011845699,0.6430217463246749,1.0,,,,
1554,87,34452,0.6236162094381283,0.0010252363182324834,0.6219296956946359,1.0,,,,
1555,87,36888,0.614762415907885,0.0012806514744251225,0.6126557442324557,1.0,,,,
1556,87,38106,0.6085827081469319,0.0006728322872445969,0.6074758990344146,1.0,,,,
1557,87,38802,0.606253058327293,0.0013667410133737278,0.6040047693602932,1.0,,,,
1558,87,38454,0.6080247450692433,0.0011659828736514046,0.6061067032420867,1.0,,,,
1559,87,38628,0.6072196382769894,0.0007214837752231862,0.6060327974667473,1.0,,,,
1560,88,176,0.7687141474549783,1.1527830134320496e-05,0.7686951841744074,1.0,,,,
1561,88,5000160,2.073719922466822e-25,9.243023571395033e-26,5.53242544972339e-26,1.0,,,,
1562,88,2500256,2.359452987025892e-12,3.676001325872505e-13,1.7547507689198649e-12,1.0,,,,
1563,88,1250304,8.951355040638974e-06,6.746483308953699e-07,7.841558536316091e-06,1.0,,,,
1564,88,625328,0.0032913058562770207,0.00010169878737425016,0.003124011351046379,1.0,,,,
1565,88,312752,0.058602642902574345,0.0005296388739689382,0.05773138695489544,1.0,,,,
1566,88,156464,0.2421636760984069,0.002194072471250651,0.23855442688319956,1.0,,,,
1567,88,78320,0.44977109020071165,0.0015518578278019004,0.4472182840739775,1.0,,,,
1568,88,39248,0.5986704205817059,0.0008951940001102954,0.5971978264515245,1.0,,,,
1569,88,19712,0.6837633208226769,0.0007803758709976876,0.6824796025148857,1.0,,,,
1570,88,29568,0.639895250172726,0.001182318847596774,0.6379503356684293,1.0,,,,
1571,88,34496,0.6182062619380572,0.0014600122800392343,0.6158045417373926,1.0,,,,
1572,88,36960,0.6078251078234104,0.0008436199551714896,0.6064373529971533,1.0,,,,
1573,88,38192,0.6023849253951143,0.00120447246380346,0.6004035681921577,1.0,,,,
1574,88,37664,0.6041585447532449,0.0010664108361904024,0.6024042989277117,1.0,,,,
1575,88,37312,0.6059239604679696,0.0012448174284983937,0.6038762357980897,1.0,,,,
1576,88,37136,0.6065206444727727,0.0010148205560041056,0.6048512646581459,1.0,,,,
1577,89,178,0.7686810692891342,1.0539695760102669e-05,0.7686637314896088,1.0,,,,
1578,89,5000198,1.4600538559760017e-26,5.617812393726468e-27,5.359237172079977e-27,1.0,,,,
1579,89,2500188,6.629620120672997e-13,1.0874420525855656e-13,4.840777944169742e-13,1.0,,,,
1580,89,1250272,5.207486466990708e-06,2.8335132097185826e-07,4.741373543992001e-06,1.0,,,,
1581,89,625314,0.002587744265109804,9.628903541713355e-05,0.002429348801848619,1.0,,,,
1582,89,312746,0.051280871051566645,0.0007650362136420864,0.050022386480125414,1.0,,,,
1583,89,156462,0.2274357443659866,0.0015659461658416975,0.224859762923177,1.0,,,,
1584,89,78320,0.4376409388374635,0.0020607086843253894,0.43425107305174826,1.0,,,,
1585,89,39338,0.5909308622567293,0.0008796834680195819,0.5894837829518371,1.0,,,,
1586,89,19758,0.6803567749078299,0.000742064480570493,0.6791360788372914,1.0,,,,
1587,89,29548,0.6348428933132468,0.0009076352729704138,0.6333498332892105,1.0,,,,
1588,89,34532,0.6111764936915628,0.0011453361340833864,0.6092924157509956,1.0,,,,
1589,89,37024,0.6014643019220897,0.0021876277765740288,0.5978656542296253,1.0,,,,
1590,89,35778,0.6062257764567087,0.0010783491147651767,0.6044518921629201,1.0,,,,
1591,89,35244,0.6088203686155091,0.0012798764780319397,0.6067149718091466,1.0,,,,
1592,89,35600,0.6066391239085916,0.0014669208496764109,0.6042260391108739,1.0,,,,
1593,90,180,0.7686475335823919,5.963985208082205e-06,0.7686377228267246,1.0,,,,
1594,90,5000220,6.562519178655776e-28,2.073479470410643e-28,3.1516454498302678e-28,1.0,,,,
1595,90,2500200,1.6363767662579203e-13,1.650163809641459e-14,1.3649248195719002e-13,1.0,,,,
1596,90,1250280,2.8037566928031073e-06,2.0357391203021485e-07,2.468877607513404e-06,1.0,,,,
1597,90,625320,0.0019231565864630221,6.52076006683297e-05,0.0018158900833636197,1.0,,,,
1598,90,312840,0.04509851133571273,0.0007040923489893105,0.04394027942162532,1.0,,,,
1599,90,156600,0.2149057963747827,0.0022841327567125185,0.2111483979899906,1.0,,,,
1600,90,78480,0.4262873608011445,0.0016892706161509995,0.4235085106375761,1.0,,,,
1601,90,39420,0.5823623420432112,0.0013003005068637603,0.5802233477094204,1.0,,,,
1602,90,19800,0.6757573036806803,0.0007809207091303258,0.6744726891141609,1.0,,,,
1603,90,29700,0.6272171879963773,0.0009527816190068905,0.6256498622331109,1.0,,,,
1604,90,34560,0.6048329803366688,0.0008836582917039317,0.6033793624468158,1.0,,,,
1605,90,32220,0.6153240249990171,0.0013689844418214214,0.6130720455922208,1.0,,,,
1606,90,33480,0.6099769183956084,0.0012820413549403172,0.6078679603667316,1.0,,,,
1607,90,34020,0.6072743268305032,0.0008035519187692615,0.6059524839241278,1.0,,,,
1608,90,34380,0.6054121238784858,0.0013756704720626325,0.6031491459519427,1.0,,,,
1609,90,34200,0.6060558951501981,0.0016123793833082234,0.603403531064656,1.0,,,,
1610,91,182,0.7686137967965736,6.311847340477445e-06,0.7686034138076985,1.0,,,,
1611,91,5000268,2.688464042010164e-29,6.766190627016119e-30,1.5754256838660124e-29,1.0,,,,
1612,91,2500316,3.759305920908747e-14,7.175470171364394e-15,2.5789410777193042e-14,1.0,,,,
1613,91,1250340,1.5387417791447156e-06,1.3265150019788672e-07,1.3205300613191919e-06,1.0,,,,
1614,91,625352,0.001418452459824542,3.824595287679797e-05,0.0013555378673422093,1.0,,,,
1615,91,312858,0.0387809504350548,0.0006041487080896096,0.037787125810247395,1.0,,,,
1616,91,156520,0.2005980816905204,0.001723497000184321,0.1977629291252172,1.0,,,,
1617,91,78442,0.41455671640570985,0.001876533217083315,0.4114698192636078,1.0,,,,
1618,91,39312,0.5747477200744174,0.0018510970615096085,0.5717026654082341,1.0,,,,
1619,91,19838,0.6710028296323869,0.0010906437439027156,0.6692087206736669,1.0,,,,
1620,91,29666,0.6204154091220998,0.0011517247223290967,0.6185208219538685,1.0,,,,
1621,91,34580,0.5970021496297238,0.0009641669032319328,0.5954160950739072,1.0,,,,
1622,91,32214,0.6085350094247886,0.0009122062226606119,0.6070344301885119,1.0,,,,
1623,91,33488,0.6022930060212012,0.0008494176868136272,0.6008957139263927,1.0,,,,
1624,91,32942,0.6049576412504687,0.0013693448429302525,0.6027050689838485,1.0,,,,
1625,91,32578,0.6068206673039052,0.0008714295041548539,0.6053871657695704,1.0,,,,
1626,91,32760,0.6056187017631509,0.0013525440596253533,0.6033937667850672,1.0,,,,
1627,92,184,0.7685790006453898,8.26131396432979e-06,0.7685654107839184,1.0,,,,
1628,92,5000200,7.20572836402669e-31,1.6955442745140037e-31,4.416558032451153e-31,1.0,,,,
1629,92,2500192,6.380091958506971e-15,8.417093126636427e-16,4.995480139175278e-15,1.0,,,,
1630,92,1250280,7.508862609058506e-07,2.438234081745592e-08,7.107773102611356e-07,1.0,,,,
1631,92,625232,0.0009978210205739888,6.669883493322556e-05,0.0008881014371088327,1.0,,,,
1632,92,312800,0.03288230017123256,0.0004922303269808431,0.03207258128334907,1.0,,,,
1633,92,156584,0.18720524859826065,0.0010275166650237477,0.18551498368429659,1.0,,,,
1634,92,78384,0.40215054933183386,0.0019398623212035543,0.39895947581345403,1.0,,,,
1635,92,39376,0.5649502575869814,0.0011610426494182637,0.5630403424286883,1.0,,,,
1636,92,19872,0.6658055348956862,0.0009344183082130971,0.6642684167786757,1.0,,,,
1637,92,29624,0.6143068607440314,0.00082455592618845,0.6129504662454514,1.0,,,,
1638,92,34592,0.5886659467257214,0.0010271768197474827,0.5869762408572368,1.0,,,,
1639,92,32200,0.6007482095192604,0.0014563739936302846,0.5983524742997386,1.0,,,,
1640,92,30912,0.6073840723827446,0.0015492492529303524,0.6048355573616742,1.0,,,,
1641,92,31648,0.6036418194043301,0.0011675243365125642,0.601721241870767,1.0,,,,
1642,92,31280,0.6053510627487582,0.0013330535579904855,0.6031581896458638,1.0,,,,
1643,92,31096,0.6071854613033862,0.0014403494739590632,0.6048160864187235,1.0,,,,
1644,93,186,0.7685337417334789,1.0374255024014877e-05,0.7685166760839643,1.0,,,,
1645,93,5000238,1.358544286292311e-32,5.217747455188905e-33,5.0022482991373614e-33,1.0,,,,
1646,93,2500212,9.745044122160114e-16,1.3648270507287712e-16,7.499903623711285e-16,1.0,,,,
1647,93,1250292,3.4224003129769897e-07,2.131364463006029e-08,3.071790858812498e-07,1.0,,,,
1648,93,625332,0.0006803027790829883,2.3028138334219585e-05,0.000642421491523197,1.0,,,,
1649,93,312852,0.027447028601912747,0.0004249105658754835,0.026748050721047578,1.0,,,,
1650,93,156612,0.17169568821649311,0.00145323453008508,0.16930511741450316,1.0,,,,
1651,93,78492,0.38598519222966665,0.001925633725573741,0.38281752475109787,1.0,,,,
1652,93,39432,0.5552726853939515,0.0012196133579162516,0.5532664214201792,1.0,,,,
1653,93,19902,0.66038952523495,0.0011150268390520911,0.6585553060847092,1.0,,,,
1654,93,29760,0.6060326381532739,0.0011237514543077263,0.6041840670109377,1.0,,,,
1655,93,24924,0.6324864663338118,0.0009654777668850861,0.6308982554072858,1.0,,,,
1656,93,27342,0.6192747833265617,0.0010095851021995447,0.6176140158334434,1.0,,,,
1657,93,28644,0.6114002133028387,0.0012643414648903807,0.609320371593094,1.0,,,,
1658,93,29202,0.608354281618942,0.0010286032275021386,0.606662229309701,1.0,,,,
1659,93,29574,0.6064714445498377,0.0015029410320380394,0.6039991065521352,1.0,,,,
1660,93,29388,0.6080118091695419,0.0010282615078948587,0.6063203189890548,1.0,,,,
1661,94,188,0.7684846398931559,9.63494988517248e-06,0.7684687904005948,1.0,,,,
1662,94,5000236,1.282791963640156e-34,6.93526266501368e-35,1.4194125524540571e-35,1.0,,,,
1663,94,2500212,1.1985179503026375e-16,1.5612413202309893e-17,9.416937531246397e-17,1.0,,,,
1664,94,1250200,1.3506045980921477e-07,1.1313645936626905e-08,1.1644951224346352e-07,1.0,,,,
1665,94,625288,0.0004406313708656412,1.7835069452070656e-05,0.000411292681616985,1.0,,,,
1666,94,312832,0.022627806605431577,0.00036611219840371347,0.02202555203905747,1.0,,,,
1667,94,156604,0.15695790817069494,0.0011165697756962678,0.15512115088967457,1.0,,,,
1668,94,78396,0.36963874895771653,0.0027144392209594434,0.36517349643923824,1.0,,,,
1669,94,39292,0.5446552718863162,0.0012325595389238617,0.5426277114447865,1.0,,,,
1670,94,19740,0.6545324066305445,0.0011116837251087639,0.6527036869027405,1.0,,,,
1671,94,29516,0.5989655478427788,0.0007856639848006567,0.5976731305877817,1.0,,,,
1672,94,24628,0.6266905760654872,0.0009874160063896755,0.6250662767349762,1.0,,,,
1673,94,27072,0.6127093694851814,0.0013328375028387172,0.6105168517930117,1.0,,,,
1674,94,28388,0.6050914106033636,0.0014483018400240056,0.6027089540765241,1.0,,,,
1675,94,27824,0.608278106269809,0.0012031021455455014,0.6062990032403867,1.0,,,,
1676,94,28200,0.6053831244802714,0.0009745996739767864,0.6037799080165797,1.0,,,,
1677,94,28012,0.6071535751589617,0.001762329427064045,0.6042545432514413,1.0,,,,
1678,95,190,0.7684260347956355,1.387075303564504e-05,0.7684032174068919,1.0,,,,
1679,95,5000230,9.095484575547619e-37,2.659989328892131e-37,4.7198021295200635e-37,1.0,,,,
1680,95,2500210,1.144065105309688e-17,1.6973921802590758e-18,8.6484409165707e-18,1.0,,,,
1681,95,1250200,5.090639148685251e-08,6.08125758389902e-09,4.090272276133862e-08,1.0,,,,
1682,95,625290,0.00027016898429610837,8.03775403135575e-06,0.00025694687891452816,1.0,,,,
1683,95,312740,0.01790953534093816,0.00047382315021500185,0.017130096258834483,1.0,,,,
1684,95,156560,0.14209527704582284,0.0017675920183663767,0.13918758817561014,1.0,,,,
1685,95,78470,0.35200161861042994,0.0016687290559923762,0.3492565593133225,1.0,,,,
1686,95,39330,0.5331026509002997,0.0011658858489549306,0.5311847686787688,1.0,,,,
1687,95,19760,0.6482620584063852,0.0009517760925071941,0.6466963867342108,1.0,,,,
1688,95,29640,0.5878026254736138,0.0015367587458434133,0.5852746573367015,1.0,,,,
1689,95,24700,0.6179099510398581,0.0011749337120027545,0.6159771850836135,1.0,,,,
1690,95,27170,0.6033089771525482,0.0008986714591971114,0.6018306626021689,1.0,,,,
1691,95,26030,0.6096212066169636,0.001588981752860048,0.6070073316335088,1.0,,,,
1692,95,26600,0.6070498484237266,0.0008771998588150382,0.6056068546559759,1.0,,,,
1693,95,26980,0.6035387402857346,0.0007854010227893591,0.6022467556032461,1.0,,,,
1694,95,26790,0.606066679488521,0.0014057905767902018,0.6037541539897011,1.0,,,,
1695,96,192,0.7683696664610943,1.2134344140014723e-05,0.7683497054649839,1.0,,,,
1696,96,5000256,2.8824690691925245e-39,1.2377835800738268e-39,8.463150799710792e-40,1.0,,,,
1697,96,2500224,8.273784818389207e-19,2.2406646184329905e-19,4.587891521066937e-19,1.0,,,,
1698,96,1250304,1.5079842849365996e-08,1.0719187613359017e-09,1.3316536486968438e-08,1.0,,,,
1699,96,625344,0.0001626839865431742,6.062969878792107e-06,0.00015271040109256118,1.0,,,,
1700,96,312768,0.013973204619303056,0.00019639077216084002,0.013650141799098474,1.0,,,,
1701,96,156480,0.1268156541370155,0.0011444373329064024,0.12493305472438448,1.0,,,,
1702,96,78336,0.334965740129218,0.001914855753634897,0.3318158024144886,1.0,,,,
1703,96,39360,0.5201572711371463,0.0012417475252601274,0.5181145964580933,1.0,,,,
1704,96,19776,0.639985752796162,0.0009295330383062109,0.6384566709481483,1.0,,,,
1705,96,29568,0.5778981596266665,0.0013097874536968036,0.5757435592653353,1.0,,,,
1706,96,24768,0.6085263419091914,0.0007858373239083083,0.6072336395113622,1.0,,,,
1707,96,27264,0.5925521493865227,0.001630344957905828,0.5898702319307676,1.0,,,,
1708,96,26112,0.5999466941100058,0.0011031337225402965,0.598132039136427,1.0,,,,
1709,96,25536,0.6029381025253914,0.001104137110601015,0.6011217969784527,1.0,,,,
1710,96,25152,0.6051746396453577,0.0008009525206069813,0.6038570727489592,1.0,,,,
1711,96,24960,0.6077144639491187,0.0007599205085283343,0.6064643947125895,1.0,,,,
1712,97,194,0.768300236123092,1.3869198001123295e-05,0.7682774212923801,1.0,,,,
1713,97,5000156,3.6025967870071364e-42,1.4618712894506386e-42,1.197818515860836e-42,1.0,,,,
1714,97,2500272,4.165859681055775e-20,1.3070212264578667e-20,2.0158097635325844e-20,1.0,,,,
1715,97,1250330,4.284305435856083e-09,4.138231395562041e-10,3.603566371286127e-09,1.0,,,,
1716,97,625262,8.591795394372929e-05,3.5537732352360323e-06,8.007199697176602e-05,1.0,,,,
1717,97,312728,0.010257972150895547,0.0002538107867208981,0.009840453406739669,1.0,,,,
1718,97,156558,0.11061398829584719,0.0009262364093000707,0.10909032940254858,1.0,,,,
1719,97,78376,0.3155020496702732,0.001962157150615969,0.3122743011575099,1.0,,,,
1720,97,39382,0.5047768852770883,0.0019526571056938478,0.501564764338222,1.0,,,,
1721,97,19788,0.6318229983842156,0.0010555825960720455,0.6300865650136771,1.0,,,,
1722,97,29682,0.5649660866817688,0.001727813714335094,0.5621238331216876,1.0,,,,
1723,97,24832,0.5974158631043304,0.001008382350230446,0.5957570741382013,1.0,,,,
1724,97,22310,0.6147257011264144,0.0016169369386492864,0.6120658398623364,1.0,,,,
1725,97,23668,0.604574484671035,0.0006700679969563858,0.6034722228160417,1.0,,,,
1726,97,23086,0.6104245679929495,0.0009751968664223323,0.6088203691476848,1.0,,,,
1727,97,23474,0.6069355227145952,0.0010705571585631218,0.6051744561887589,1.0,,,,
1728,98,196,0.7682133634403876,1.2124021861084289e-05,0.7681934194244261,1.0,,,,
1729,98,5000156,1.64120720419607e-45,7.739107953186969e-46,3.681239458968136e-46,1.0,,,,
1730,98,2500176,9.571964696828483e-22,2.0661806802594223e-22,6.173097477801734e-22,1.0,,,,
1731,98,1250284,9.46657646402551e-10,1.2156198832967338e-10,7.466881756002383e-10,1.0,,,,
1732,98,625240,4.098260987977564e-05,1.7807255685549643e-06,3.805331631950272e-05,1.0,,,,
1733,98,312816,0.0073042021739235605,0.00020160355289364118,0.0069725643294135204,1.0,,,,
1734,98,156604,0.09569132461350399,0.0013331571202421769,0.09349828115070562,1.0,,,,
1735,98,78400,0.29341982352244317,0.0013446784226946477,0.2912078275171105,1.0,,,,
1736,98,39396,0.48795149123280207,0.0014957774083324982,0.4854909373960951,1.0,,,,
1737,98,19796,0.6223436969910596,0.0010680675675959796,0.6205867258423642,1.0,,,,
1738,98,29596,0.5519401656111939,0.0014189366701426065,0.5496060147888092,1.0,,,,
1739,98,24696,0.586169815818263,0.0018467594649973428,0.5831318964983424,1.0,,,,
1740,98,22344,0.6034097543722756,0.0008667339287283861,0.6019839770595174,1.0,,,,
1741,98,21168,0.612570085578544,0.0010550612511719952,0.610834509820366,1.0,,,,
1742,98,21756,0.607321443975018,0.0018138158721072366,0.6043377168654016,1.0,,,,
1743,98,22148,0.6052483983720173,0.001090028599878546,0.6034553013252171,1.0,,,,
1744,98,21952,0.6062276277941038,0.0010538335858067682,0.6044940715454516,1.0,,,,
1745,99,198,0.7681292634161488,1.548492646011676e-05,0.768103790712122,1.0,,,,
1746,99,5000292,2.9322137182159838e-49,1.9733932775517545e-49,-3.1401822335665245e-50,1.0,,,,
1747,99,2500344,1.7218019659894564e-23,2.168808139731653e-24,1.3650330270035994e-23,1.0,,,,
1748,99,1250370,1.7101017620118414e-10,1.8764272462866023e-11,1.4014294799976954e-10,1.0,,,,
1749,99,625284,1.7530695279719696e-05,1.1306977980052223e-06,1.5670697402001106e-05,1.0,,,,
1750,99,312840,0.004930263270028833,0.0001625606033823884,0.0046628510774648045,1.0,,,,
1751,99,156618,0.07951056499370175,0.0010583821907445387,0.07776952628992699,1.0,,,,
1752,99,78408,0.27016598715639656,0.0019524104748470255,0.2669542719252732,1.0,,,,
1753,99,39402,0.47027639023109435,0.0008182945652839282,0.4689302956712023,1.0,,,,
1754,99,19800,0.6105885620520974,0.0015200115379946746,0.6080881430720962,1.0,,,,
1755,99,29700,0.5351298789253535,0.0011724323352460514,0.5332012277338737,1.0,,,,
1756,99,24750,0.5730496233469767,0.001630375494828786,0.5703676556579834,1.0,,,,
1757,99,22374,0.5914010292499435,0.0010757984751597898,0.5896313407583057,1.0,,,,
1758,99,21186,0.5995885899916807,0.0013957539228325717,0.5972925747886212,1.0,,,,
1759,99,20592,0.6046351766588575,0.0008523997368172061,0.6032329790917932,1.0,,,,
1760,99,20196,0.6084892140042446,0.0013177364023210097,0.6063215376224266,1.0,,,,
1761,99,20394,0.6065048608226897,0.001335781061984062,0.6043075009757259,1.0,,,,
1762,100,200,0.768020219275287,2.2422282864615492e-05,0.7679833346199747,1.0,,,,
1763,100,5000200,9.623758345188187e-54,6.458506713771559e-54,-1.0004851989660283e-54,1.0,,,,
1764,100,2500200,1.1496864756621485e-25,1.1827354031108638e-26,9.551265018504114e-26,1.0,,,,
1765,100,1250200,2.0902055690697815e-11,3.2381592221433507e-12,1.5575283770272005e-11,1.0,,,,
1766,100,625200,6.599541479993216e-06,3.654756008413609e-07,5.998334116609177e-06,1.0,,,,
1767,100,312800,0.0030838125988951167,0.00014560965729132095,0.002844284712650894,1.0,,,,
1768,100,156600,0.06432017985136054,0.0008628312283289377,0.06290082248075944,1.0,,,,
1769,100,78400,0.24628964349704577,0.0024266266580905867,0.24229784264448676,1.0,,,,
1770,100,39400,0.4474587349482938,0.0018483730607574515,0.44441816126334777,1.0,,,,
1771,100,19800,0.5982611024302569,0.0009872534917192684,0.5966370704363787,1.0,,,,
1772,100,10000,0.6824964110571189,0.0011909562914979004,0.6805372879576048,1.0,,,,
1773,100,15000,0.6394397137989252,0.000901990311339751,0.6379559397367712,1.0,,,,
1774,100,17400,0.6187022661395869,0.0011749546423237812,0.6167694657529643,1.0,,,,
1775,100,18600,0.6085525945272117,0.0015812505106517166,0.6059514374371896,1.0,,,,
1776,100,19200,0.6030025054493026,0.0015760645770456197,0.6004098792200625,1.0,,,,
1777,100,19000,0.6045463259595156,0.0007800528449086069,0.603263139029641,1.0,,,,
1778,100,18800,0.6065702872618963,0.0014192173145364689,0.6042356747794838,1.0,,,,
1779,101,202,0.7678691790638429,2.4814416151566505e-05,0.7678283593492735,1.0,,,,
1780,101,5000106,2.2930632676666232e-59,1.115840804091983e-59,4.575051449353113e-60,1.0,,,,
1781,101,2500154,3.3893722316937106e-28,1.187673631960973e-28,1.43564910711791e-28,1.0,,,,
1782,101,1250178,1.7882969023896527e-12,2.405595369743794e-13,1.3925764640667985e-12,1.0,,,,
1783,101,625190,2.0149896930324464e-06,8.930801726398047e-08,1.8680780046331986e-06,1.0,,,,
1784,101,312696,0.0017398012865695027,5.409687895142323e-05,0.0016508119206944116,1.0,,,,
1785,101,156550,0.050074525026315174,0.0011217487219616546,0.04822924837868825,1.0,,,,
1786,101,78376,0.21903362777116026,0.0018979042910556338,0.21591157521237372,1.0,,,,
1787,101,39390,0.4244557940498993,0.0010914903401785883,0.4226602924403055,1.0,,,,
1788,101,19796,0.5833729488221578,0.0018383567427567836,0.5803488519803229,1.0,,,,
1789,101,10100,0.6729077225969606,0.0007362054580866129,0.6716966646184082,1.0,,,,
1790,101,14948,0.6272336960441234,0.0015887373293795215,0.624620223137294,1.0,,,,
1791,101,17372,0.6056854000188882,0.0016351525117011664,0.6029955741371398,1.0,,,,
1792,101,16160,0.6165519217831269,0.001117137895475296,0.6147142299450701,1.0,,,,
1793,101,16766,0.6104485604897408,0.0013601114055838183,0.6082111772275555,1.0,,,,
1794,101,17170,0.6073051055558477,0.0014635434025195432,0.604897576658703,1.0,,,,
1795,102,204,0.7677209445539266,2.6532796628809027e-05,0.7676772981034722,1.0,,,,
1796,102,5000244,4.0972568128611737e-66,2.58076313478923e-66,-1.4809854386710917e-67,1.0,,,,
1797,102,2500224,2.4334057192269045e-31,8.674690309086818e-32,1.006419163382123e-31,1.0,,,,
1798,102,1250316,8.761285122560219e-14,1.0923267296574414e-14,6.964407652273728e-14,1.0,,,,
1799,102,625260,4.7263453005342463e-07,4.191938212051581e-08,4.0367714646517614e-07,1.0,,,,
1800,102,312732,0.00085990084975171,3.340009481042087e-05,0.0008049576937885676,1.0,,,,
1801,102,156468,0.036628434483585964,0.0008563984008806002,0.03521965911413738,1.0,,,,
1802,102,78336,0.1887665877504828,0.0010564841299264215,0.18702867135675383,1.0,,,,
1803,102,39372,0.3977005186707294,0.002419898553450101,0.393719785550304,1.0,,,,
1804,102,19788,0.56600548047832,0.0015178512377656897,0.5635086151921954,1.0,,,,
1805,102,9996,0.6639867298961376,0.0009125531831414784,0.6624855799098699,1.0,,,,
1806,102,14892,0.6133916134470065,0.0010258455984991936,0.6117040974374753,1.0,,,,
1807,102,17340,0.5890123429481023,0.0011204823686099957,0.5871691494517389,1.0,,,,
1808,102,16116,0.6020559705244384,0.0008107254750871134,0.6007223271179201,1.0,,,,
1809,102,15504,0.6076134802461821,0.0011846242967341804,0.6056647732780543,1.0,,,,
1810,102,15912,0.6034719099214925,0.0007345091491802385,0.602263642371091,1.0,,,,
1811,102,15708,0.6059030287799099,0.0011597258665008363,0.6039952797295159,1.0,,,,
1812,103,206,0.767513407351996,2.195977876887498e-05,0.7674772835159213,1.0,,,,
1813,103,5000238,2.8959870948022576e-74,1.505467871674833e-74,4.194924458971574e-75,1.0,,,,
1814,103,2500222,3.139307988697358e-35,8.136894272394356e-36,1.8007888808884866e-35,1.0,,,,
1815,103,1250214,1.8817994834563274e-15,4.820557501681789e-16,1.0888177744296731e-15,1.0,,,,
1816,103,625210,7.574165373227994e-08,5.209367140604081e-09,6.717224478598622e-08,1.0,,,,
1817,103,312708,0.00036301250370427183,1.7079999840554524e-05,0.0003349159039665596,1.0,,,,
1818,103,156560,0.024876017836538953,0.0005767194078922898,0.023927314410556136,1.0,,,,
1819,103,78486,0.15814895141765967,0.0018906549406494174,0.15503882404029137,1.0,,,,
1820,103,39346,0.3636277547418841,0.002485721735254252,0.3595387424873908,1.0,,,,
1821,103,19776,0.5445181975389001,0.0015920709415909557,0.541899240839983,1.0,,,,
1822,103,10094,0.6510149643535658,0.0008794912509000677,0.6495682012458351,1.0,,,,
1823,103,15038,0.5956554907160772,0.0014520256869359103,0.5932669084610676,1.0,,,,
1824,103,12566,0.622769979185068,0.0013874894730959003,0.6204875590018253,1.0,,,,
1825,103,13802,0.6078581481079237,0.0012770440254286166,0.6057574106860937,1.0,,,,
1826,103,14420,0.6021717349699286,0.0013833565818606958,0.5998961133927677,1.0,,,,
1827,103,14214,0.6034547027520729,0.0015219594397464392,0.60095107947369,1.0,,,,
1828,103,14008,0.6070513531404261,0.0009066037011141717,0.6055599900520933,1.0,,,,
1829,104,208,0.7672523856951192,2.662671533216858e-05,0.7672085847483978,1.0,,,,
1830,104,5000112,8.214267036208247e-85,9.870691002689574e-85,-8.023019663216101e-85,1.0,,,,
1831,104,2500160,3.843302808494715e-40,1.5557777027332324e-40,1.2840484874985475e-40,1.0,,,,
1832,104,1250288,1.5161276543317187e-17,3.054372594445178e-18,1.0136833625454868e-17,1.0,,,,
1833,104,625248,7.337333894938297e-09,9.310940702304295e-10,5.80568414940924e-09,1.0,,,,
1834,104,312832,0.00012445533891969476,8.845161254135916e-06,0.00010990504865664117,1.0,,,,
1835,104,156624,0.01518206410774416,0.0005439181080135465,0.014287318820061876,1.0,,,,
1836,104,78416,0.12711957047702097,0.001367859661199004,0.1248694413343486,1.0,,,,
1837,104,39312,0.3288356442212832,0.002518369331613668,0.3246929266707787,1.0,,,,
1838,104,19760,0.5178354174022309,0.001663824511487817,0.5150984260808334,1.0,,,,
1839,104,9984,0.6362399616232217,0.0008126904597208008,0.634903085816981,1.0,,,,
1840,104,14976,0.5749460936419737,0.0019083662546398325,0.5718068311530912,1.0,,,,
1841,104,12480,0.604772760269451,0.0013805396769723686,0.6025017725008315,1.0,,,,
1842,104,11232,0.620680753237363,0.0010680030815699093,0.6189238881681806,1.0,,,,
1843,104,11856,0.6131649283005759,0.0016008981715377498,0.6105314508083963,1.0,,,,
1844,104,12272,0.6084453871390381,0.0019570654044493265,0.6052260145487189,1.0,,,,
1845,105,210,0.7668830745019519,4.0609342470033144e-05,0.7668162721335887,1.0,,,,
1846,105,5000310,3.777083729290979e-99,2.687350412849148e-99,-6.436076998458694e-100,1.0,,,,
1847,105,2500260,5.775024739765105e-47,2.0665283179381162e-47,2.3755856567569036e-47,1.0,,,,
1848,105,1250340,2.2716789169347e-20,5.47547345136054e-21,1.370963534185891e-20,1.0,,,,
1849,105,625380,3.2222954184803507e-10,3.6536139686992024e-11,2.621275920629332e-10,1.0,,,,
1850,105,312900,2.8019582228740755e-05,2.003559015819324e-06,2.472372764771797e-05,1.0,,,,
1851,105,156660,0.007959527549776363,0.0002413582133329274,0.007562493288843697,1.0,,,,
1852,105,78540,0.09299824161584688,0.0011928687602144625,0.09103597250529409,1.0,,,,
1853,105,39480,0.2841165333199206,0.0022316407187830275,0.28044548433752253,1.0,,,,
1854,105,19950,0.4815165093946752,0.002695403362416461,0.47708257086350014,1.0,,,,
1855,105,10080,0.6161674675811167,0.001331042995862303,0.6139779018529232,1.0,,,,
1856,105,15120,0.5443771749169262,0.0016572349154981877,0.5416510234809316,1.0,,,,
1857,105,12600,0.5799140073482136,0.0012596372870427887,0.5778419040110282,1.0,,,,
1858,105,11340,0.5969618830571282,0.001920557214045938,0.5938025664400226,1.0,,,,
1859,105,10710,0.6064179016719995,0.001598978657220498,0.6037875817808718,1.0,,,,
1860,105,10500,0.6095350487651161,0.0011616449055773684,0.6076241428954413,1.0,,,,
1861,106,212,0.7663550933584701,5.671683748669008e-05,0.7662617941608044,1.0,,,,
1862,106,5000232,3.3215081256895764e-119,3.5033492318056805e-119,-2.4415013606307682e-119,1.0,,,,
1863,106,2500328,3.4697898449041416e-56,1.6152956036223282e-56,8.126285769454116e-57,1.0,,,,
1864,106,1250376,2.220179921647807e-24,4.215625055408488e-25,1.5267096000331109e-24,1.0,,,,
1865,106,625400,4.327456862535393e-12,1.1879140065067505e-12,2.3733383218317883e-12,1.0,,,,
1866,106,312912,3.4927948321874113e-06,2.1556881295059998e-07,3.1381841348836744e-06,1.0,,,,
1867,106,156668,0.0031687618029695675,0.0001392935552805389,0.002939623904533081,1.0,,,,
1868,106,78440,0.060667858090592476,0.0016914808720705338,0.05788537205603645,1.0,,,,
1869,106,39432,0.23231041754517934,0.00165028065286187,0.22959570587122155,1.0,,,,
1870,106,19928,0.4377586837327935,0.0017808600921892668,0.43482916888114215,1.0,,,,
1871,106,10176,0.5859540103575022,0.0010050123467007929,0.5843007650471793,1.0,,,,
1872,106,5300,0.6752589255007097,0.0006769640538286135,0.6741453196321616,1.0,,,,
1873,106,7844,0.6263386669316958,0.0011902653550722733,0.624380680422602,1.0,,,,
1874,106,9116,0.6039048522079894,0.001259212160081555,0.6018334482046552,1.0,,,,
1875,106,8480,0.6154876527443749,0.0015259594512305357,0.6129774494471006,1.0,,,,
1876,106,8904,0.6087081540388313,0.0008425913025249246,0.6073220913461778,1.0,,,,
1877,107,214,0.765603130020897,7.35068729892383e-05,0.7654822112148296,1.0,,,,
1878,107,5000110,8.864555667699607e-149,1.0489820964497856e-148,-8.391199818899365e-149,1.0,,,,
1879,107,2500162,4.4883590676028546e-70,5.757131423274106e-70,-4.9821221236830494e-70,1.0,,,,
1880,107,1250188,2.4442035466556728e-30,6.69850720646918e-31,1.3422991111914926e-30,1.0,,,,
1881,107,625308,6.012501321031057e-15,9.888934128495073e-16,4.385771656893618e-15,1.0,,,,
1882,107,312868,1.6202454783336646e-07,1.6702567112510498e-08,1.345488249332867e-07,1.0,,,,
1883,107,156648,0.0007828121528949134,4.2369706219894386e-05,0.0007131139861631872,1.0,,,,
1884,107,78538,0.03194450051419774,0.0005942037926805611,0.030967035275238218,1.0,,,,
1885,107,39376,0.173316339959885,0.002207163748216483,0.16968555559406887,1.0,,,,
1886,107,19902,0.38000136704844445,0.002314923260985346,0.37619331828412356,1.0,,,,
1887,107,10058,0.5500761713798247,0.0018512566071345856,0.5470308542610883,1.0,,,,
1888,107,5136,0.6575210572945437,0.000683030210407597,0.6563974725984232,1.0,,,,
1889,107,7704,0.5982681724352991,0.0010965445545647516,0.5964643566430401,1.0,,,,
1890,107,6420,0.6281224108729117,0.0017057844506158414,0.6253163954516486,1.0,,,,
1891,107,7062,0.6124455167795805,0.0008390939872726278,0.611065207170517,1.0,,,,
1892,107,7490,0.6028338553940267,0.0010899219501300365,0.6010409337860627,1.0,,,,
1893,107,7276,0.607075142634409,0.0012681067170623153,0.6049891070848414,1.0,,,,
1894,108,216,0.7649753853674548,0.0001035643786041203,0.764805021964651,1.0,,,,
1895,108,5000184,1.3013815161490413e-189,0.0,1.3013815161490413e-189,1.0,,,,
1896,108,2500200,1.9787844301683788e-88,2.4529884662377662e-88,-2.0563815967927465e-88,1.0,,,,
1897,108,1250208,2.839918438977593e-37,1.4271898172584234e-37,4.921911895874864e-38,1.0,,,,
1898,108,625320,2.556503792662544e-18,6.788499752583065e-19,1.4397955833626298e-18,1.0,,,,
1899,108,312768,4.263336025340245e-09,4.3770202186522145e-10,3.5433161993719554e-09,1.0,,,,
1900,108,156600,0.0001706908427865573,1.4712992263861525e-05,0.00014648797051250507,1.0,,,,
1901,108,78408,0.016556073989674024,0.0006813113041630632,0.015435316894325785,1.0,,,,
1902,108,39312,0.12715790425259327,0.0018535468217803274,0.12410881973076462,1.0,,,,
1903,108,19872,0.33085011327467784,0.002524008942555622,0.32669811856417386,1.0,,,,
1904,108,10152,0.5125235209802629,0.0021242439211140137,0.5090291397300303,1.0,,,,
1905,108,5184,0.635520054911382,0.0010589372949755598,0.6337781030611471,1.0,,,,
1906,108,7776,0.5667724764669846,0.002139396289823096,0.5632531695702256,1.0,,,,
1907,108,6480,0.6013319485827247,0.000980983368956786,0.5997182309407907,1.0,,,,
1908,108,5832,0.6193805350800229,0.0013671310981947877,0.6171316044234925,1.0,,,,
1909,108,6264,0.6073683072734116,0.001350425132910119,0.6051468579297745,1.0,,,,
1910,109,218,0.7647849772060344,8.837381109854242e-05,0.7646396022867773,1.0,,,,
1911,109,5000266,1.1032880403313263e-194,0.0,1.1032880403313263e-194,1.0,,,,
1912,109,2500242,3.436217014538174e-91,2.1664086570070775e-91,-1.2752522623846871e-92,1.0,,,,
1913,109,1250230,2.333155876137087e-38,3.649408715392429e-39,1.7328281424550324e-38,1.0,,,,
1914,109,625224,8.628706282525461e-19,2.187512869498184e-19,5.030247612200948e-19,1.0,,,,
1915,109,312830,2.765961487430903e-09,2.1184856878430523e-10,2.4174705917807208e-09,1.0,,,,
1916,109,156524,0.00014351344615103767,8.629362723410776e-06,0.00012931814447102695,1.0,,,,
1917,109,78480,0.014845530258427535,0.00047988857731408953,0.014056113548745858,1.0,,,,
1918,109,39458,0.11878393301429191,0.0015738220038166934,0.11619499581801344,1.0,,,,
1919,109,19838,0.3231186701497634,0.002997813064277204,0.31818726765902744,1.0,,,,
1920,109,10028,0.5104338849790014,0.0024685734125767475,0.5063730817153127,1.0,,,,
1921,109,5232,0.6318279853070848,0.0010007335938203158,0.6301817785452504,1.0,,,,
1922,109,7630,0.5657211731288465,0.0020387065374276097,0.562367500874778,1.0,,,,
1923,109,6540,0.5954449441226422,0.0017609611269228094,0.5925481630688542,1.0,,,,
1924,109,5886,0.6137347031876013,0.001161042838088673,0.6118247877189454,1.0,,,,
1925,109,6322,0.6012767138861289,0.001102619018036044,0.5994629056014597,1.0,,,,
1926,109,6104,0.6085514321448924,0.0009680957137570964,0.6069589146957619,1.0,,,,
1927,110,220,0.7646310546960017,5.51354376875654e-05,0.7645403569010056,1.0,,,,
1928,110,5000160,2.2788661190314467e-200,0.0,2.2788661190314467e-200,1.0,,,,
1929,110,2500300,1.0249887115170366e-93,7.339846194311601e-94,-1.8241598744722183e-94,1.0,,,,
1930,110,1250260,3.171023134811834e-39,1.748149949151643e-39,2.9531646845738146e-40,1.0,,,,
1931,110,625240,2.488980994204313e-19,6.241677441144264e-20,1.4622250551360818e-19,1.0,,,,
1932,110,312840,1.4480742892790087e-09,1.555528380802543e-10,1.1921898706369905e-09,1.0,,,,
1933,110,156640,0.00010101394991634234,5.22149347399346e-06,9.24245931516231e-05,1.0,,,,
1934,110,78540,0.013526899008853111,0.0003603435088747872,0.012934133936754086,1.0,,,,
1935,110,39380,0.11355638454020253,0.001973893234501255,0.11030933016944797,1.0,,,,
1936,110,19800,0.3179806456756207,0.002922218639831739,0.31317359601309747,1.0,,,,
1937,110,10120,0.5010233596129876,0.0014285097218431353,0.49867346112055566,1.0,,,,
1938,110,5280,0.6272979077987091,0.0014276133877225343,0.6249494837759055,1.0,,,,
1939,110,7700,0.5589808024488477,0.00206500742512701,0.5555838652345138,1.0,,,,
1940,110,6600,0.5899097429031325,0.0017299462617744162,0.5870639813025136,1.0,,,,
1941,110,5940,0.6090779977097025,0.001516421128565862,0.6065834849532117,1.0,,,,
1942,110,6380,0.5957615610948017,0.0017185284578839534,0.5929345817815826,1.0,,,,
1943,110,6160,0.6022771259640429,0.0013265579519129943,0.6000949381331461,1.0,,,,
1944,111,222,0.7644879994786163,7.373485719226003e-05,0.764366705638535,1.0,,,,
1945,111,5000328,3.464662815377525e-206,0.0,3.464662815377525e-206,1.0,,,,
1946,111,2500386,3.5308392975708377e-96,2.5915121854586146e-96,-7.321982475085831e-97,1.0,,,,
1947,111,1250304,1.7246390289069421e-40,1.0068721139455007e-40,6.833440146659354e-42,1.0,,,,
1948,111,625374,6.666339834811665e-20,7.464088024653377e-21,5.438497354756184e-20,1.0,,,,
1949,111,312798,8.47740145796237e-10,7.763538155021027e-11,7.200299431461411e-10,1.0,,,,
1950,111,156510,8.44722189368494e-05,5.230523050564429e-06,7.586800851867092e-05,1.0,,,,
1951,111,78366,0.011727301508945022,0.00038250177832921454,0.011098086083593464,1.0,,,,
1952,111,39294,0.10831565869778448,0.0018070632336084187,0.10534303967849863,1.0,,,,
1953,111,19758,0.31004432418824196,0.0023490782602380842,0.3061800904501503,1.0,,,,
1954,111,9990,0.49824144159806905,0.002089954369965547,0.4948034666594757,1.0,,,,
1955,111,5106,0.6288128495353493,0.0009698871664773109,0.6272173851464942,1.0,,,,
1956,111,7548,0.5594904188999708,0.002086357888843373,0.5560583601728234,1.0,,,,
1957,111,6438,0.5904601338742216,0.000906489534693342,0.588968958589651,1.0,,,,
1958,111,5772,0.6094489593093162,0.0012611567432729881,0.6073743564666322,1.0,,,,
1959,111,6216,0.5974032313004447,0.0008049568323239442,0.5960790773112719,1.0,,,,
1960,111,5994,0.6032055045840023,0.0017095557151577752,0.6003932854325678,1.0,,,,
1961,112,224,0.7642554807844164,5.0425003331482204e-05,0.7641725316539362,1.0,,,,
1962,112,5000128,4.6831716108355476e-212,0.0,4.6831716108355476e-212,1.0,,,,
1963,112,2500288,2.9837058682716e-99,2.5448512722922076e-99,-1.202574474649081e-99,1.0,,,,
1964,112,1250368,1.2132531406254588e-41,6.881104317074466e-42,8.131148046670912e-43,1.0,,,,
1965,112,625408,2.0205562376116887e-20,5.581331223202882e-21,1.1024272513948146e-20,1.0,,,,
1966,112,312928,4.2306554844285865e-10,4.680781903640729e-11,3.4606668612796865e-10,1.0,,,,
1967,112,156576,6.292270050466006e-05,3.1887054577213526e-06,5.7677280026708436e-05,1.0,,,,
1968,112,78400,0.01049292898607001,0.0004049372612714774,0.00982680719127843,1.0,,,,
1969,112,39424,0.10118203782890475,0.0016828789554248775,0.09841370194723083,1.0,,,,
1970,112,19936,0.299562398787338,0.003001748353853727,0.2946245227452486,1.0,,,,
1971,112,10080,0.4895292972566061,0.0018722740243087303,0.4864494064866182,1.0,,,,
1972,112,5152,0.6238073559179673,0.0013130520034746946,0.6216473853722515,1.0,,,,
1973,112,7616,0.5501667867803909,0.0014121224543182213,0.5478438453430374,1.0,,,,
1974,112,6496,0.5840566788240771,0.0015288541603030966,0.5815417137303784,1.0,,,,
1975,112,5824,0.6040366935110857,0.0012828748364773752,0.6019263644050804,1.0,,,,
1976,112,5600,0.6098490050523948,0.0009428309936533595,0.608298048067835,1.0,,,,
1977,113,226,0.7640524812495108,8.522845889212934e-05,0.7639122804346332,1.0,,,,
1978,113,5000250,7.179612925492086e-218,0.0,7.179612925492086e-218,1.0,,,,
1979,113,2500238,2.1265504376088e-102,2.7217353541371774e-102,-2.350704219946857e-102,1.0,,,,
1980,113,1250232,1.3408971189925291e-42,1.6417748274215026e-42,-1.3598224721158428e-42,1.0,,,,
1981,113,625342,5.415375195221138e-21,1.0216391988019965e-21,3.734778713191854e-21,1.0,,,,
1982,113,312784,2.2053682750020887e-10,2.3669807446960393e-11,1.8159999424995902e-10,1.0,,,,
1983,113,156618,4.573257412465535e-05,3.938945032078318e-06,3.925300954688652e-05,1.0,,,,
1984,113,78422,0.009063548753620932,0.00024678669951056826,0.008657584632926048,1.0,,,,
1985,113,39324,0.09648856387237251,0.0018802085754986127,0.09339562076567728,1.0,,,,
1986,113,19888,0.29268481114478595,0.002247138749499859,0.28898826790185866,1.0,,,,
1987,113,10170,0.48163335309463484,0.00180020484558581,0.4786720161236462,1.0,,,,
1988,113,5198,0.6177844150925076,0.0009518372317760984,0.616218642846236,1.0,,,,
1989,113,7684,0.5435661073874462,0.0016833522667107415,0.540796992908707,1.0,,,,
1990,113,6554,0.5771430804552449,0.002068228084815333,0.5737408452557237,1.0,,,,
1991,113,5876,0.5970337621821229,0.0012260095669063542,0.595016976444562,1.0,,,,
1992,113,5650,0.6046450134063694,0.0015145999725231262,0.6021534964515689,1.0,,,,
1993,113,5424,0.611725776059724,0.001576720819382084,0.6091320703118405,1.0,,,,
1994,114,228,0.7637952968684397,7.848071016282891e-05,0.7636661961002219,1.0,,,,
1995,114,5000268,3.040165311909093e-225,0.0,3.040165311909093e-225,1.0,,,,
1996,114,2500248,6.473469303119996e-106,3.9084512680709645e-106,4.406696714325983e-108,1.0,,,,
1997,114,1250352,3.360753278235183e-44,2.0931738129037644e-44,-8.251764399150956e-46,1.0,,,,
1998,114,625404,1.4672682270507532e-21,5.604111676813809e-22,5.453918562148815e-22,1.0,,,,
1999,114,312816,1.1221748179984215e-10,1.6038196411094333e-11,8.583464870359197e-11,1.0,,,,
2000,114,156636,3.3705326232175216e-05,3.031219456916253e-06,2.871897022554798e-05,1.0,,,,
2001,114,78432,0.008089001036081686,0.00013553256684319616,0.007866049963624628,1.0,,,,
2002,114,39444,0.09007051252928294,0.0024429657227978134,0.08605183391528054,1.0,,,,
2003,114,19836,0.2819808274170795,0.0016865431274733752,0.2792064639723858,1.0,,,,
2004,114,10032,0.4772592149255841,0.002092903204494259,0.47381638915419105,1.0,,,,
2005,114,5244,0.6127472731929111,0.0008594240913697946,0.6113335205626078,1.0,,,,
2006,114,7752,0.535123182739999,0.0016256372531568055,0.5324490094585561,1.0,,,,
2007,114,6612,0.5701131096085519,0.0017079099339641767,0.5673035977671808,1.0,,,,
2008,114,5928,0.5918446713413095,0.002027399782116616,0.5885095986997276,1.0,,,,
2009,114,5700,0.5979035312514519,0.0004189713897401575,0.5972143233153293,1.0,,,,
2010,114,5472,0.605107956701042,0.0008318742515231732,0.6037395235572864,1.0,,,,
2011,115,230,0.7636262725816426,0.00010757750692243173,0.7634493075827552,1.0,,,,
2012,115,5000200,7.611477272455579e-233,0.0,7.611477272455579e-233,1.0,,,,
2013,115,2500330,1.1026486811691256e-108,1.3591441860861811e-108,-1.1331435049426423e-108,1.0,,,,
2014,115,1250280,1.0924840123761553e-45,4.577795536938777e-46,3.394366465497264e-46,1.0,,,,
2015,115,625370,2.6479763342211225e-22,4.0287274386589675e-23,1.9852506705617223e-22,1.0,,,,
2016,115,312800,5.916888337660266e-11,8.308589411831321e-12,4.550125379414014e-11,1.0,,,,
2017,115,156630,2.4893800523425042e-05,1.1598255461116805e-06,2.298588750007133e-05,1.0,,,,
2018,115,78430,0.006963435949655548,0.0002480815317715773,0.006555341829891303,1.0,,,,
2019,115,39330,0.0850662472995544,0.0025033504038177693,0.08094823588527418,1.0,,,,
2020,115,19780,0.2748333699098812,0.0019831916041388327,0.27157101972107284,1.0,,,,
2021,115,10120,0.4669291914301592,0.001649583701449,0.4642156262412756,1.0,,,,
2022,115,5290,0.6066447129802313,0.0011856614984808638,0.6046942998152303,1.0,,,,
2023,115,7820,0.5275629660444938,0.0016797719498815534,0.5247997411869386,1.0,,,,
2024,115,6670,0.5633481075740586,0.0014559455391469106,0.5609530771621619,1.0,,,,
2025,115,5980,0.5850190862322812,0.001230145253143619,0.5829954972908599,1.0,,,,
2026,115,5750,0.59301136794082,0.001218450596117793,0.5910070167102062,1.0,,,,
2027,115,5520,0.5997655671102023,0.002110420792491551,0.5962939249065538,1.0,,,,
2028,116,232,0.7633765533169254,8.134714557384319e-05,0.7632427372624565,1.0,,,,
2029,116,5000296,2.8820444336066804e-240,0.0,2.8820444336066804e-240,1.0,,,,
2030,116,2500264,1.1344563333308134e-112,9.577988251575965e-113,-4.411227340534328e-113,1.0,,,,
2031,116,1250248,4.895214426177632e-47,2.589846564094826e-47,6.349168282416434e-48,1.0,,,,
2032,116,625240,5.0440057710327566e-23,1.108043140927704e-23,3.221274804206683e-23,1.0,,,,
2033,116,312736,2.6857197843056208e-11,4.3860325815942615e-12,1.9642174246333647e-11,1.0,,,,
2034,116,156600,1.8211409173837467e-05,6.444928893187413e-07,1.7151218370908137e-05,1.0,,,,
2035,116,78416,0.0060807611031985205,0.00046708640900934345,0.0053124039603781505,1.0,,,,
2036,116,39440,0.07771605971476242,0.0010231937917522282,0.07603290592733,1.0,,,,
2037,116,19952,0.2641135951985684,0.0014142947252021457,0.2617870803756109,1.0,,,,
2038,116,10208,0.45904705753599206,0.0020001280256574014,0.45575684693378565,1.0,,,,
2039,116,5336,0.6003782223417421,0.0015458014241189156,0.5978353789990665,1.0,,,,
2040,116,2784,0.6825310990239505,0.0010294405371713566,0.6808376693403037,1.0,,,,
2041,116,4176,0.637653454202499,0.0010327721914745703,0.6359545439475233,1.0,,,,
2042,116,4872,0.6158776066436296,0.0011995510283735098,0.6139043452019551,1.0,,,,
2043,116,5104,0.6077523288017913,0.0012879378929614557,0.6056336709678697,1.0,,,,
2044,117,234,0.7631804437976178,8.625896115836194e-05,0.7630385478065124,1.0,,,,
2045,117,5000346,6.552106918832279e-249,0.0,6.552106918832279e-249,1.0,,,,
2046,117,2500290,1.9935921766349952e-116,2.0805830963158682e-116,-1.428967016804608e-116,1.0,,,,
2047,117,1250262,1.2093264254530816e-48,6.024492801150575e-49,2.1829735966381196e-49,1.0,,,,
2048,117,625248,9.512297777390485e-24,5.572180243542508e-24,3.4606127676305848e-25,1.0,,,,
2049,117,312858,1.1551468382515122e-11,1.897206954291037e-12,8.430562942706366e-12,1.0,,,,
2050,117,156546,1.2990939208785244e-05,9.803667929420247e-07,1.1378235834395613e-05,1.0,,,,
2051,117,78390,0.004981964694251979,0.00015128001406687505,0.00473310907111197,1.0,,,,
2052,117,39312,0.07276145522771506,0.0019822407539286995,0.06950066918750235,1.0,,,,
2053,117,19890,0.254358089108218,0.001810493758030452,0.25137982687625793,1.0,,,,
2054,117,10062,0.4555914527696234,0.0023153836804160957,0.4517826466153389,1.0,,,,
2055,117,5148,0.6014444767764483,0.0013218161182102343,0.5992700892619924,1.0,,,,
2056,117,2808,0.6790845759432509,0.0011683668229187636,0.6771626125195496,1.0,,,,
2057,117,3978,0.6404524736784636,0.001603607814917487,0.6378145388229243,1.0,,,,
2058,117,4680,0.6161812913503626,0.0010409429062781755,0.614468940269535,1.0,,,,
2059,117,4914,0.6098181704107961,0.0013946036763070164,0.607524047363271,1.0,,,,
2060,118,236,0.7628757560643754,5.722645896092499e-05,0.7627816185393846,1.0,,,,
2061,118,5000132,2.2044193289612016e-258,0.0,2.2044193289612016e-258,1.0,,,,
2062,118,2500184,1.4300842815704285e-120,1.77079083849215e-120,-1.4828666477491579e-120,1.0,,,,
2063,118,1250328,2.361182944261046e-50,1.210823168601119e-50,3.693788319122053e-51,1.0,,,,
2064,118,625400,1.2662786502428944e-24,2.105323519538655e-25,9.199529312787856e-25,1.0,,,,
2065,118,312936,4.9045611899120075e-12,1.135453885928804e-12,3.036739547559125e-12,1.0,,,,
2066,118,156704,8.445814359322826e-06,5.981269060976633e-07,7.46189559879217e-06,1.0,,,,
2067,118,78588,0.004200445496367173,0.0001527477213126351,0.003949175494807888,1.0,,,,
2068,118,39412,0.06654548560901483,0.001377968620759464,0.06427872722786551,1.0,,,,
2069,118,19824,0.2467815171311128,0.002287457279868372,0.24301864990572933,1.0,,,,
2070,118,10148,0.4446898398893072,0.002000938520785271,0.44139829602261543,1.0,,,,
2071,118,5192,0.5952637013854094,0.0015210497628177539,0.5927615745255742,1.0,,,,
2072,118,2832,0.6746002789722352,0.0007762998435091815,0.6733232657296626,1.0,,,,
2073,118,4012,0.6354798054578124,0.0013177974235607786,0.6333120286960549,1.0,,,,
2074,118,4720,0.6106923778094836,0.0012399635258387924,0.6086526378094788,1.0,,,,
2075,118,4956,0.6034213814746121,0.0014831219780154744,0.6009816458207766,1.0,,,,
2076,119,238,0.762659401563458,0.00010581402505501722,0.7624853374922426,1.0,,,,
2077,119,5000142,1.7182933809500716e-267,0.0,1.7182933809500716e-267,1.0,,,,
2078,119,2500190,7.365339094491294e-125,9.48171029811845e-125,-8.232074345913556e-125,1.0,,,,
2079,119,1250214,3.536114510370327e-52,1.802571731961364e-52,5.708840112938834e-53,1.0,,,,
2080,119,625226,1.3827176735969125e-25,3.3160249577944726e-26,8.372315680397218e-26,1.0,,,,
2081,119,312732,1.874487369460231e-12,2.648769444278011e-13,1.4387647958764981e-12,1.0,,,,
2082,119,156604,5.787318151351019e-06,4.1855294567147027e-07,5.09879855572145e-06,1.0,,,,
2083,119,78540,0.0033989400384746536,0.00012965952444601687,0.003185650120760956,1.0,,,,
2084,119,39508,0.06152224070612443,0.0013544154800356361,0.05929422724146581,1.0,,,,
2085,119,19992,0.23472262712651606,0.002356299845438094,0.2308465138807704,1.0,,,,
2086,119,10234,0.4333015449928924,0.001296483418655577,0.431168829769204,1.0,,,,
2087,119,5236,0.5881485279687878,0.0010896453996952604,0.5863560612862891,1.0,,,,
2088,119,2856,0.6714334963458299,0.0009985675569540438,0.6697908527146406,1.0,,,,
2089,119,4046,0.6288326754357402,0.0006853813317972706,0.6277052231449337,1.0,,,,
2090,119,4760,0.6043031398315211,0.00173822480014773,0.601443760035278,1.0,,,,
2091,119,4522,0.6129035920605259,0.0012719299385176303,0.6108112673116645,1.0,,,,
2092,120,240,0.7623069786933566,5.207929811338662e-05,0.7622213082479601,1.0,,,,
2093,120,5000160,1.1965621954097312e-278,0.0,1.1965621954097312e-278,1.0,,,,
2094,120,2500320,1.4526830369442066e-129,1.5170403659479948e-129,-1.0428483650402448e-129,1.0,,,,
2095,120,1250400,4.0192561801249265e-54,3.777816325524371e-54,-2.1952516753626636e-54,1.0,,,,
2096,120,625440,2.0074743151626236e-26,7.371479102125196e-27,7.948660028630288e-27,1.0,,,,
2097,120,312960,5.987268878899284e-13,8.468401112471809e-14,4.59421689589767e-13,1.0,,,,
2098,120,156720,3.3588478819150856e-06,3.533562603160555e-07,2.7775768336951744e-06,1.0,,,,
2099,120,78480,0.0028620933586562545,8.304670142573004e-05,0.0027254815348109287,1.0,,,,
2100,120,39360,0.054917389594966094,0.0008954507931022772,0.05344437304031285,1.0,,,,
2101,120,19920,0.22485030534946499,0.0015104495134205507,0.22236561589988818,1.0,,,,
2102,120,10080,0.42757134914676714,0.002158975517032813,0.4240198344212482,1.0,,,,
2103,120,5280,0.5807501929454837,0.0016181990607455523,0.5780882554905572,1.0,,,,
2104,120,2880,0.6668419080537469,0.0009791400448356275,0.6652312226799922,1.0,,,,
2105,120,4080,0.6243595706010565,0.0008635604496500189,0.6229390136613823,1.0,,,,
2106,120,4800,0.5974659350587217,0.0014485692165684988,0.5950830386974665,1.0,,,,
2107,120,4560,0.6061467980877889,0.0014718514448833714,0.6037256024609557,1.0,,,,
2108,120,4320,0.61447591836509,0.0009472674160763415,0.6129176634656444,1.0,,,,
2109,121,242,0.7619819144028779,6.94600444892644e-05,0.761867652629693,1.0,,,,
2110,121,5000204,7.623507036108321e-288,0.0,7.623507036108321e-288,1.0,,,,
2111,121,2500344,2.7932612010394407e-135,1.3444066631084632e-135,5.8171224022601874e-136,1.0,,,,
2112,121,1250414,3.7760710763861214e-56,2.490284114510436e-56,-3.204462919835457e-57,1.0,,,,
2113,121,625328,2.0356662167559517e-27,4.117733216360541e-28,1.3582991026646427e-27,1.0,,,,
2114,121,312906,2.301555232679172e-13,5.0105044382528236e-14,1.4773272525865825e-13,1.0,,,,
2115,121,156574,2.2244113881234873e-06,2.249861872377655e-07,1.854309110117363e-06,1.0,,,,
2116,121,78408,0.0023204414659016913,0.0001113744570750487,0.002137230484013236,1.0,,,,
2117,121,39446,0.05068968776982635,0.0006620241609281408,0.04960065802509956,1.0,,,,
2118,121,19844,0.21674664806948601,0.002238437989821397,0.21306441757622982,1.0,,,,
2119,121,10164,0.41555012570242517,0.0026802437533245717,0.41114112472820624,1.0,,,,
2120,121,5324,0.5721883296758904,0.0010542684563822774,0.5704540580651416,1.0,,,,
2121,121,2904,0.6625196028181485,0.0009698438243738123,0.6609242097270536,1.0,,,,
2122,121,4114,0.6176946664658044,0.0010192728753861714,0.6160179625857941,1.0,,,,
2123,121,4840,0.5904270553122672,0.0013019422462389005,0.5882853603172042,1.0,,,,
2124,121,4598,0.599132912438989,0.0013977199117710317,0.5968336631841257,1.0,,,,
2125,121,4356,0.6084883687950489,0.000988813302109091,0.6068617709130794,1.0,,,,
2126,122,244,0.7616115239439016,8.65744996325324e-05,0.7614691088920061,1.0,,,,
2127,122,5000292,2.6899654413569992e-300,0.0,2.6899654413569992e-300,1.0,,,,
2128,122,2500268,3.814258942884442e-140,7.668723185171497e-140,-8.80079069672267e-140,1.0,,,,
2129,122,1250256,1.4970212158325523e-58,4.754900335746309e-59,7.148401106022844e-59,1.0,,,,
2130,122,625372,1.965785717096307e-28,1.0804881254612377e-28,1.8838275071257082e-29,1.0,,,,
2131,122,312808,7.332961600777672e-14,1.9700640138107266e-14,4.092206298059027e-14,1.0,,,,
2132,122,156648,1.3128663351539698e-06,1.1767004930204018e-07,1.1192991040521137e-06,1.0,,,,
2133,122,78568,0.0017951670950231205,6.52512829707606e-05,0.0016878287345362193,1.0,,,,
2134,122,39528,0.045090108215182736,0.0006811190376571128,0.04396966739823679,1.0,,,,
2135,122,20008,0.20286532646323577,0.0022103841981817997,0.1992292444572267,1.0,,,,
2136,122,10248,0.4043721646843621,0.002122694620584402,0.40088033203350076,1.0,,,,
2137,122,5368,0.5651403822940849,0.0017891336002577576,0.5621972575216609,1.0,,,,
2138,122,2928,0.6577594624168219,0.001343640046882111,0.6555491745397009,1.0,,,,
2139,122,4148,0.6100651372757069,0.0010387020448541164,0.6083564724119218,1.0,,,,
2140,122,4880,0.5823988268902388,0.0012318678426467965,0.5803724042890849,1.0,,,,
2141,122,4636,0.5923625479023334,0.0016169330820190791,0.5897026929824121,1.0,,,,
2142,122,4392,0.6024233408687439,0.0011592850036066652,0.6005163170378109,1.0,,,,
2143,123,246,0.7612180590779307,0.0001765785765152068,0.7609275873195632,1.0,,,,
2144,123,5000196,6.39260298256e-313,0.0,6.39260298256e-313,1.0,,,,
2145,123,2500344,1.3233639060112914e-145,2.9110989674629906e-145,-3.465393895465328e-145,1.0,,,,
2146,123,1250418,1.408829240529663e-60,2.1454435863813203e-60,-2.1204254590676092e-60,1.0,,,,
2147,123,625332,1.366067090370966e-29,4.575322017563082e-30,6.13426618481839e-30,1.0,,,,
2148,123,312912,1.9615375513505342e-14,2.724698527767228e-15,1.5133246435328252e-14,1.0,,,,
2149,123,156702,7.838949247105342e-07,8.654951862989797e-08,6.41520966564352e-07,1.0,,,,
2150,123,78474,0.0014252459887444532,6.737260626259415e-05,0.0013144180514424858,1.0,,,,
2151,123,39360,0.040562441987829344,0.0010891892850338986,0.03877072561394858,1.0,,,,
2152,123,19926,0.1934572632635628,0.0017331907555478304,0.19060616447068662,1.0,,,,
2153,123,10086,0.39856006020078427,0.003329737513938603,0.39308264199035525,1.0,,,,
2154,123,5166,0.5653720794110664,0.0012948567527336714,0.5632420400528195,1.0,,,,
2155,123,2706,0.6623025007042891,0.0006905367804122252,0.661166567700511,1.0,,,,
2156,123,3936,0.6134324131823421,0.0014604844928797593,0.6110299161915549,1.0,,,,
2157,123,4674,0.583984860812669,0.0018394852348699482,0.580958907601308,1.0,,,,
2158,123,4428,0.5937219333540324,0.0014464136874075305,0.591342582838247,1.0,,,,
2159,123,4182,0.6038976111891492,0.00119303593501563,0.6019350670760485,1.0,,,,
2160,124,248,0.7608337306845603,0.0001308982861211744,0.7606184030038909,1.0,,,,
2161,124,5000176,0.0,0.0,0.0,1.0,,,,
2162,124,2500336,1.8343174200956298e-152,3.1537300459738476e-152,-3.35356850553135e-152,1.0,,,,
2163,124,1250416,1.7241425560334228e-63,1.5012276492176094e-63,-7.453769269295446e-64,1.0,,,,
2164,124,625456,4.942757402633771e-31,1.7373137352965861e-31,2.0848763080708868e-31,1.0,,,,
2165,124,312976,4.758424634863574e-15,6.473757076351374e-16,3.693491595803773e-15,1.0,,,,
2166,124,156736,3.9660152233123526e-07,2.8885093530541267e-08,3.4908554347349485e-07,1.0,,,,
2167,124,78616,0.0010766253907144886,7.141954915901884e-05,0.0009591402323479027,1.0,,,,
2168,124,39432,0.034556223366332024,0.000770010869205243,0.0332895554864894,1.0,,,,
2169,124,19840,0.1837481567249569,0.0019201862929355612,0.1805894502730779,1.0,,,,
2170,124,10168,0.3836554950925276,0.002367510048180881,0.3797609410632701,1.0,,,,
2171,124,5208,0.5565299047660531,0.0015062798367346556,0.5540520744346247,1.0,,,,
2172,124,2728,0.6571968092743258,0.0007461717057185761,0.6559693568184187,1.0,,,,
2173,124,3968,0.605973581079063,0.0014946160309525962,0.6035149377081459,1.0,,,,
2174,124,3472,0.6274321938623444,0.0014939575425555556,0.6249746337048405,1.0,,,,
2175,124,3720,0.6163625726736013,0.0016236389985033381,0.6136916865210633,1.0,,,,
2176,125,250,0.7604208698266557,0.00013600182314924472,0.7601971468275752,1.0,,,,
2177,125,5000250,0.0,0.0,0.0,1.0,,,,
2178,125,2500250,1.0091394244375448e-158,1.525627155660427e-158,-1.5005172466238576e-158,1.0,,,,
2179,125,1250250,2.859532289325097e-66,2.655251124147715e-66,-1.508355809897895e-66,1.0,,,,
2180,125,625250,3.107047145197117e-32,1.1508041403230685e-32,1.2139743343656694e-32,1.0,,,,
2181,125,312750,1.3412581475380167e-15,3.890862156013519e-16,7.012113228737928e-16,1.0,,,,
2182,125,156500,2.3237837226651565e-07,3.193892762337545e-08,1.7983883632606302e-07,1.0,,,,
2183,125,78500,0.0008085936500631698,5.330123331493566e-05,0.0007209131212601006,1.0,,,,
2184,125,39500,0.03040723740315516,0.0008937534594585543,0.028937012962345837,1.0,,,,
2185,125,20000,0.16918115831985142,0.0011957357154886285,0.16721417306787262,1.0,,,,
2186,125,10250,0.3711588105439519,0.0015350110972315706,0.36863371728900596,1.0,,,,
2187,125,5250,0.5469737512987621,0.0010725936113866455,0.5452093348080311,1.0,,,,
2188,125,2750,0.6512416397759957,0.0004599521809605548,0.6504850184383156,1.0,,,,
2189,125,4000,0.5973521222493196,0.001467481901414145,0.5949381145214933,1.0,,,,
2190,125,3500,0.6202553238367507,0.0009652886796212506,0.6186674239587738,1.0,,,,
2191,125,3750,0.6094016280836054,0.0018009853802648924,0.6064390071330696,1.0,,,,
2192,126,252,0.7599071555769726,0.00011225121056242043,0.7597225023355975,1.0,,,,
2193,126,5000184,0.0,0.0,0.0,1.0,,,,
2194,126,2500344,1.8288905880857157e-167,0.0,1.8288905880857157e-167,1.0,,,,
2195,126,1250424,3.0641875868843916e-69,4.3581640629251074e-69,-4.1049922966274105e-69,1.0,,,,
2196,126,625464,6.809050747486579e-34,1.687862717602764e-34,4.032516577030032e-34,1.0,,,,
2197,126,312984,2.0285135654308518e-16,3.059782528377248e-17,1.5251793395127945e-16,1.0,,,,
2198,126,156744,1.0031377495108308e-07,9.592455521401666e-09,8.453418561837733e-08,1.0,,,,
2199,126,78624,0.000579007430098799,2.3680072470203524e-05,0.0005400537108853142,1.0,,,,
2200,126,39564,0.025950521421455992,0.0008524721854157177,0.02454820467644714,1.0,,,,
2201,126,19908,0.1570391266093853,0.0017242050942118746,0.15420280922940677,1.0,,,,
2202,126,10080,0.3629603054053195,0.0019212402786452465,0.35979986514694806,1.0,,,,
2203,126,5292,0.5355327535349323,0.0013706868883254391,0.533277973603637,1.0,,,,
2204,126,2772,0.6453671090678949,0.0007376524403068728,0.6441536708035901,1.0,,,,
2205,126,4032,0.5894820613697357,0.0013208050208658902,0.5873093371104113,1.0,,,,
2206,126,3528,0.6131193962317609,0.001578760534835363,0.6105223351519568,1.0,,,,
2207,126,3780,0.6019217123015334,0.0015305354409276533,0.5994039815012073,1.0,,,,
2208,127,254,0.7594248273497137,0.00013530370816429728,0.7592022527497835,1.0,,,,
2209,127,5000244,0.0,0.0,0.0,1.0,,,,
2210,127,2500376,3.270037222225268e-175,0.0,3.270037222225268e-175,1.0,,,,
2211,127,1250442,7.991367108241402e-73,3.3524580619164146e-73,2.4765735963889e-73,1.0,,,,
2212,127,625348,2.0983515824991545e-35,9.055190768657335e-36,6.087727010550229e-36,1.0,,,,
2213,127,312928,4.2835284062262425e-17,1.2132964123177953e-17,2.287655807963469e-17,1.0,,,,
2214,127,156718,5.486235181735606e-08,6.300005652817675e-09,4.449884251847098e-08,1.0,,,,
2215,127,78486,0.0004040848323111321,9.659996360668382e-06,0.0003881941382978326,1.0,,,,
2216,127,39370,0.0223380362919977,0.0005179060928511642,0.021486080769257534,1.0,,,,
2217,127,19812,0.14957907089034833,0.0023161651779644707,0.1457689791725968,1.0,,,,
2218,127,10160,0.34770957926930696,0.003186103777000536,0.34246843855614106,1.0,,,,
2219,127,5334,0.5236237565189505,0.0020125098572149713,0.5203131778038319,1.0,,,,
2220,127,2794,0.6393436106513299,0.0016880702967944396,0.6365667350131031,1.0,,,,
2221,127,4064,0.5811589458548003,0.0011326330352544346,0.5792957645118068,1.0,,,,
2222,127,3556,0.6034858885300348,0.0006938307224909733,0.6023445369915371,1.0,,,,
2223,127,3302,0.6154388838219276,0.0017049913381316155,0.6126341730707011,1.0,,,,
2224,128,256,0.7586370819116105,0.00015482721309260087,0.7583823911460732,1.0,,,,
2225,128,5000192,0.0,0.0,0.0,1.0,,,,
2226,128,2500352,2.1396646818091903e-184,0.0,2.1396646818091903e-184,1.0,,,,
2227,128,1250304,1.313563796498319e-76,1.492560462508614e-76,-1.1416981643283514e-76,1.0,,,,
2228,128,625408,3.563327057594092e-37,2.6131933405196484e-37,-7.353759875607296e-38,1.0,,,,
2229,128,312832,5.124610344749365e-18,1.0262880507547717e-18,3.4363665012577654e-18,1.0,,,,
2230,128,156672,1.992434855956716e-08,1.924144251244483e-09,1.6759131266269985e-08,1.0,,,,
2231,128,78592,0.000282064476902108,2.546267451706324e-05,0.00024017837732153894,1.0,,,,
2232,128,39424,0.018614114110777236,0.00048824988816041783,0.01781094304475335,1.0,,,,
2233,128,19968,0.1334415076149492,0.0013926418445317785,0.13115061178069443,1.0,,,,
2234,128,10240,0.3318318266279849,0.0017936701087740582,0.32888123929905155,1.0,,,,
2235,128,5376,0.5112206610175903,0.0013662092116780225,0.50897324686438,1.0,,,,
2236,128,2816,0.6319429212865219,0.0011504552054676053,0.6300504224735276,1.0,,,,
2237,128,4096,0.5710337456777612,0.0013175044987078213,0.5688664507773868,1.0,,,,
2238,128,3584,0.5953965959153122,0.0012455773054367081,0.5933476212478689,1.0,,,,
2239,128,3328,0.6081971640736119,0.0014284806667305297,0.6058473133768402,1.0,,,,
2240,129,258,0.7580761359583125,0.00019661865691538675,0.7577526982676867,1.0,,,,
2241,129,5000298,0.0,0.0,0.0,1.0,,,,
2242,129,2500278,2.915989148962273e-194,0.0,2.915989148962273e-194,1.0,,,,
2243,129,1250268,7.805135463094729e-81,8.045111409628765e-81,-5.42907280574459e-81,1.0,,,,
2244,129,625392,3.453496623552115e-39,1.2959918086140756e-39,1.3215900983819603e-39,1.0,,,,
2245,129,312954,6.517728482885259e-19,1.343961790591803e-19,4.3069113373617437e-19,1.0,,,,
2246,129,156606,8.409396168170978e-09,1.104047199650086e-09,6.593238524746587e-09,1.0,,,,
2247,129,78432,0.00018290943763337467,8.525689644451413e-06,0.00016888467816825208,1.0,,,,
2248,129,39474,0.015050326417907847,0.0005054108926796813,0.01421892549944977,1.0,,,,
2249,129,19866,0.12380160003267504,0.002065169100800928,0.12040439686185751,1.0,,,,
2250,129,10062,0.32183645580267767,0.002597144490761154,0.31756415311537556,1.0,,,,
2251,129,5160,0.5111936850936962,0.0012514197502791681,0.509135099604487,1.0,,,,
2252,129,2838,0.6239038490353684,0.0008503512879125249,0.6225050211667523,1.0,,,,
2253,129,4128,0.5595781260695488,0.0015334639243775713,0.5570555779139477,1.0,,,,
2254,129,3612,0.5865365688548649,0.001357346696828079,0.5843037335385828,1.0,,,,
2255,129,3354,0.5982846606766783,0.0010480265089755872,0.5965606570694134,1.0,,,,
2256,129,3096,0.6113689566358846,0.002173742916922063,0.6077931495375478,1.0,,,,
2257,130,260,0.757288882419004,0.00010939037471006981,0.757108935252606,1.0,,,,
2258,130,5000320,0.0,0.0,0.0,1.0,,,,
2259,130,2500420,2.975824660365507e-206,0.0,2.975824660365507e-206,1.0,,,,
2260,130,1250340,1.8174225665350938e-85,1.1471687783478854e-85,-6.967007384717781e-87,1.0,,,,
2261,130,625300,2.364395898263443e-41,1.2101302066806622e-41,3.737317082737537e-42,1.0,,,,
2262,130,312780,5.988869052014953e-20,2.3051080367895397e-20,2.1969663314961607e-20,1.0,,,,
2263,130,156520,3.01740559346291e-09,4.1573644615796144e-10,2.3335191395330635e-09,1.0,,,,
2264,130,78520,0.0001119306859170718,6.4725914203413774e-06,0.00010128327303061025,1.0,,,,
2265,130,39520,0.01195812911329872,0.0003460600305665719,0.01138886036301671,1.0,,,,
2266,130,20020,0.10829195867445822,0.0010868997130119823,0.1065040086465535,1.0,,,,
2267,130,10140,0.3034967050143022,0.0029843000397853942,0.29858753144885525,1.0,,,,
2268,130,5200,0.49762777282999016,0.0017083058477117663,0.4948176097105043,1.0,,,,
2269,130,2860,0.6155295802985059,0.0016152392453081448,0.612872511739974,1.0,,,,
2270,130,4160,0.5491394737647269,0.001213841461862623,0.547142704559963,1.0,,,,
2271,130,3640,0.57565672831154,0.0012530928078109051,0.573595390642691,1.0,,,,
2272,130,3380,0.5877438113076173,0.0011659851339085399,0.5858257657623378,1.0,,,,
2273,130,3120,0.6018264915388762,0.0010173599169992788,0.6001529344754124,1.0,,,,
2274,131,262,0.7565643085844456,0.0002328583246028569,0.7561812566404739,1.0,,,,
2275,131,5000270,0.0,0.0,0.0,1.0,,,,
2276,131,2500266,6.115778905659656e-219,0.0,6.115778905659656e-219,1.0,,,,
2277,131,1250264,2.2060074775234446e-90,1.492439173192858e-90,-2.490549623788069e-91,1.0,,,,
2278,131,625394,9.152731031918442e-44,8.099695525585612e-44,-4.171268107669891e-44,1.0,,,,
2279,131,312828,4.9777381407985944e-21,1.5362724920882005e-21,2.4505698913135047e-21,1.0,,,,
2280,131,156676,8.872957073750079e-10,1.3444370599141532e-10,6.661358110191297e-10,1.0,,,,
2281,131,78600,6.560870935880511e-05,6.437348369989663e-06,5.501927129017211e-05,1.0,,,,
2282,131,39562,0.00940927727525068,0.00043952334944568293,0.008686261365412533,1.0,,,,
2283,131,19912,0.09808415507705218,0.001697229636067917,0.09529221232572045,1.0,,,,
2284,131,10218,0.2846692025694585,0.0016700086163146046,0.28192203839562097,1.0,,,,
2285,131,5240,0.48386756632904,0.0018486517134517124,0.48082653426041194,1.0,,,,
2286,131,2882,0.6061501143670947,0.0014967759154430912,0.6036879179861908,1.0,,,,
2287,131,1572,0.6811894231570811,0.0007808296483548616,0.6799049583855373,1.0,,,,
2288,131,2358,0.6358462957777299,0.0009776235764859284,0.6342381049944106,1.0,,,,
2289,131,2620,0.6209248072237213,0.0015039727595654406,0.6184507720342362,1.0,,,,
2290,132,264,0.7555662099952742,0.00024064088497562745,0.7551703557394893,1.0,,,,
2291,132,5000160,0.0,0.0,0.0,1.0,,,,
2292,132,2500344,1.1659532836732234e-232,0.0,1.1659532836732234e-232,1.0,,,,
2293,132,1250304,3.978068593581632e-96,7.596722706208607e-96,-8.518540258131526e-96,1.0,,,,
2294,132,625416,1.047152653391833e-46,4.0017143537326007e-47,3.8887064220282013e-47,1.0,,,,
2295,132,312840,2.0374684209230232e-22,8.054509256803626e-23,7.125016481788268e-23,1.0,,,,
2296,132,156552,2.3343989160055907e-10,4.741178527739089e-11,1.5544750481925105e-10,1.0,,,,
2297,132,78408,3.713251702095171e-05,2.657712567414052e-06,3.2760579847555596e-05,1.0,,,,
2298,132,39336,0.007287350934109198,0.00027399365294126853,0.0068366313750208105,1.0,,,,
2299,132,19800,0.08787200097042894,0.0011638865011956666,0.08595740767596206,1.0,,,,
2300,132,10032,0.2717998860490664,0.0028076025020343453,0.2671813799332199,1.0,,,,
2301,132,5280,0.46726594269335714,0.002566041771234127,0.463044803979677,1.0,,,,
2302,132,2904,0.5962423181544155,0.0007627499585185073,0.5949875944726526,1.0,,,,
2303,132,1584,0.6743325677252561,0.0010386411919635443,0.672624002964476,1.0,,,,
2304,132,2376,0.6270051048569785,0.0009712747380965088,0.6254073579128097,1.0,,,,
2305,132,2640,0.6109635531220561,0.0017651850771943048,0.6080598236700715,1.0,,,,
2306,133,266,0.7545465567782287,0.0001106060245956738,0.7543646098677688,1.0,,,,
2307,133,5000268,0.0,0.0,0.0,1.0,,,,
2308,133,2500400,2.832448935681613e-248,0.0,2.832448935681613e-248,1.0,,,,
2309,133,1250466,9.38556719940836e-103,9.148517944778674e-103,-5.663744819752558e-103,1.0,,,,
2310,133,625366,9.621585926904674e-50,2.7801912292491336e-50,5.048171354789849e-50,1.0,,,,
2311,133,312816,7.103426038568044e-24,2.1353847838803555e-24,3.590718069084859e-24,1.0,,,,
2312,133,156674,5.629736288201037e-11,9.193990774823242e-12,4.1173248057426134e-11,1.0,,,,
2313,133,78470,1.8856010944977482e-05,6.250572759577234e-07,1.7827791726027028e-05,1.0,,,,
2314,133,39368,0.0052266817275217784,0.00021271189421541694,0.004876770661537418,1.0,,,,
2315,133,19950,0.07432590585424911,0.001895986837499883,0.07120700750656181,1.0,,,,
2316,133,10108,0.2513590097262829,0.0026807795225816367,0.2469491274116361,1.0,,,,
2317,133,5320,0.44901114507537115,0.0022450139200890437,0.4453180971768247,1.0,,,,
2318,133,2926,0.5846462392976528,0.0014355077027576291,0.5822848291266165,1.0,,,,
2319,133,1596,0.6679713779918683,0.0011530239135022595,0.6660746536541571,1.0,,,,
2320,133,2394,0.6175482601496978,0.0013703716246237915,0.6152939988271916,1.0,,,,
2321,133,2660,0.6005957590743799,0.0009956104443932094,0.5989579798933531,1.0,,,,
2322,134,268,0.7532845148637325,0.00025293581726048463,0.752868435444339,1.0,,,,
2323,134,5000344,0.0,0.0,0.0,1.0,,,,
2324,134,2500440,1.8493538612360713e-266,0.0,1.8493538612360713e-266,1.0,,,,
2325,134,1250488,1.522509092618931e-110,1.680080718105497e-110,-1.2412236886646117e-110,1.0,,,,
2326,134,625512,4.176348267969959e-53,4.0938742049191527e-53,-2.558074799122047e-53,1.0,,,,
2327,134,313024,1.3952948745890996e-25,4.7089426186734565e-26,6.20673813817316e-26,1.0,,,,
2328,134,156780,8.962014640433186e-12,1.7757363056429726e-12,6.040928417650497e-12,1.0,,,,
2329,134,78524,8.570734892519532e-06,6.461748983214528e-07,7.507777184780742e-06,1.0,,,,
2330,134,39396,0.0035636574780583013,0.00014091966189184302,0.0033318446342462194,1.0,,,,
2331,134,19832,0.06337539567655044,0.0017332423274257019,0.060524212047935164,1.0,,,,
2332,134,10184,0.22869614244632608,0.0021934138189385792,0.2250879767141721,1.0,,,,
2333,134,5360,0.4275923569556744,0.0012133935678016513,0.42559632453664065,1.0,,,,
2334,134,2948,0.571714648005581,0.002262050990224222,0.5679935741266622,1.0,,,,
2335,134,1608,0.6597661663806802,0.0017277864378827117,0.6569239576903632,1.0,,,,
2336,134,2412,0.6055409410296252,0.0012335868453101676,0.6035116906690899,1.0,,,,
2337,134,2144,0.6239881320459482,0.0012408935184969527,0.6219468622080206,1.0,,,,
2338,135,270,0.7519821218629491,0.00029209746067378526,0.7515016215401408,1.0,,,,
2339,135,5000400,0.0,0.0,0.0,1.0,,,,
2340,135,2500470,3.1139064590789433e-288,0.0,3.1139064590789433e-288,1.0,,,,
2341,135,1250370,2.0085689554922257e-118,3.9406110185057465e-118,-4.473736169949728e-118,1.0,,,,
2342,135,625320,2.2951892743394182e-57,1.4141736854227253e-57,-3.112643818096509e-59,1.0,,,,
2343,135,312930,1.1910854261288894e-27,5.244456663037073e-28,3.2837230505929096e-28,1.0,,,,
2344,135,156600,1.5093872863847351e-12,2.4854007011824833e-13,1.1005388710402166e-12,1.0,,,,
2345,135,78570,3.295913586282894e-06,3.9210527154955125e-07,2.650900414583882e-06,1.0,,,,
2346,135,39420,0.0023933465703339057,0.00011045324359917163,0.0022116509846132684,1.0,,,,
2347,135,19980,0.05107171308358553,0.0009756618326085879,0.04946674936894441,1.0,,,,
2348,135,10260,0.20682133011811135,0.0025059783496475052,0.2026989957329412,1.0,,,,
2349,135,5400,0.40797576841108185,0.0019170352447054385,0.4048222454335414,1.0,,,,
2350,135,2970,0.5567446497282219,0.0013635134493035373,0.5545016701041175,1.0,,,,
2351,135,1620,0.6520538914912442,0.0009340566675279741,0.6505173682731606,1.0,,,,
2352,135,2430,0.5933883792443151,0.001396566055989106,0.591091028082213,1.0,,,,
2353,135,2160,0.6127834022330174,0.0010606123777036113,0.6110386948716949,1.0,,,,
2354,136,272,0.7502270016619803,0.000300415924833218,0.7497328174656297,1.0,,,,
2355,136,5000176,0.0,0.0,0.0,1.0,,,,
2356,136,2500224,1.68453044889e-312,0.0,1.68453044889e-312,1.0,,,,
2357,136,1250384,3.3571511085893116e-128,5.85656786767466e-128,-6.276903033735505e-128,1.0,,,,
2358,136,625328,2.2313869373858506e-62,1.7304611227158798e-62,-6.152216094817717e-63,1.0,,,,
2359,136,312800,6.232138167142851e-30,2.164097296231057e-30,2.6721981148427622e-30,1.0,,,,
2360,136,156672,1.190095621743857e-13,2.432826045406562e-14,7.898957372744775e-14,1.0,,,,
2361,136,78608,1.2223296518196617e-06,1.1146458927546062e-07,1.038970402461529e-06,1.0,,,,
2362,136,39440,0.0014364023680211902,4.666903730811018e-05,0.001359631801649349,1.0,,,,
2363,136,19856,0.041037421033260725,0.000859459739320131,0.03962360976207911,1.0,,,,
2364,136,10064,0.18936636091777345,0.0016361547208531796,0.18667488640196997,1.0,,,,
2365,136,5168,0.3997022071918129,0.0017052766171747331,0.39689702715656044,1.0,,,,
2366,136,2720,0.558938911974433,0.0015685700311332484,0.5563586142732189,1.0,,,,
2367,136,1632,0.6410052139245708,0.0015253643893330356,0.6384959895041179,1.0,,,,
2368,136,2176,0.5988302392496784,0.001640309258769527,0.5961319305190025,1.0,,,,
2369,136,1904,0.620060123462834,0.0011819932312397883,0.6181157445974446,1.0,,,,
2370,137,274,0.7485197856611949,0.0001764228938281115,0.7482295700008477,1.0,,,,
2371,137,5000226,0.0,0.0,0.0,1.0,,,,
2372,137,2500250,0.0,0.0,0.0,1.0,,,,
2373,137,1250262,2.5085818647250636e-141,2.7156937251680074e-141,-1.958734313176309e-141,1.0,,,,
2374,137,625268,4.8211534220645205e-68,2.700774863378283e-68,3.783787718072447e-69,1.0,,,,
2375,137,312908,1.5770919562167746e-32,6.312148187120548e-33,5.3874357943544443e-33,1.0,,,,
2376,137,156728,9.2385064352047e-15,1.8469298437515577e-15,6.200306842233388e-15,1.0,,,,
2377,137,78638,3.456615146358859e-07,4.215870722774668e-08,2.763104412462426e-07,1.0,,,,
2378,137,39456,0.0008007750909144268,5.0251607728582184e-05,0.0007181111962009092,1.0,,,,
2379,137,20002,0.030751607280834085,0.0009878935967858004,0.029126522314121443,1.0,,,,
2380,137,10138,0.16516250293672846,0.0023746105453814107,0.16125626858957604,1.0,,,,
2381,137,5206,0.37376565509577564,0.0025803708009181736,0.3695209451282652,1.0,,,,
2382,137,2740,0.5414967861656661,0.0022218075331496712,0.5378419127736349,1.0,,,,
2383,137,1644,0.6299232968839434,0.0007865357026846358,0.6286294456530273,1.0,,,,
2384,137,2192,0.585444907069024,0.0008741642189683609,0.5840069069288211,1.0,,,,
2385,137,1918,0.606725191149281,0.0009744961153917325,0.6051221450394616,1.0,,,,
2386,138,276,0.7461526457434935,0.0002530435617673629,0.7457363890843862,1.0,,,,
2387,138,5000292,0.0,0.0,0.0,1.0,,,,
2388,138,2500284,0.0,0.0,0.0,1.0,,,,
2389,138,1250280,2.0971211382612184e-155,2.878644652509403e-155,-2.6382493151167493e-155,1.0,,,,
2390,138,625416,5.9071703781619e-75,6.085836268503894e-75,-4.104030283527007e-75,1.0,,,,
2391,138,312984,9.456177028136455e-36,4.140727465952691e-36,2.6446803466442783e-36,1.0,,,,
2392,138,156768,3.1227582583242287e-16,9.240556401824734e-17,1.60268673022406e-16,1.0,,,,
2393,138,78660,7.771279846421284e-08,8.929431612170451e-09,6.302388346219246e-08,1.0,,,,
2394,138,39468,0.0003833196764360848,2.689536562518082e-05,0.00033907679998266237,1.0,,,,
2395,138,19872,0.02280045345080206,0.0006879229727692628,0.021668820160596625,1.0,,,,
2396,138,10212,0.14009105186810547,0.0026589135868508337,0.13571713901773585,1.0,,,,
2397,138,5244,0.34515518713051807,0.002971076583045395,0.3402677661514084,1.0,,,,
2398,138,2760,0.5214462177296824,0.002494043270941275,0.5173435165489839,1.0,,,,
2399,138,1656,0.6162263280433083,0.0016351315391220284,0.6135365366614526,1.0,,,,
2400,138,2208,0.5666407525440722,0.0015340287198442224,0.5641172752999285,1.0,,,,
2401,138,1932,0.5921495546144719,0.0015537098475138613,0.5895937019153117,1.0,,,,
2402,139,278,0.7432632850538824,0.00046827770916133547,0.742492968222312,1.0,,,,
2403,139,5000386,0.0,0.0,0.0,1.0,,,,
2404,139,2500332,0.0,0.0,0.0,1.0,,,,
2405,139,1250444,2.1893246938662874e-172,0.0,2.1893246938662874e-172,1.0,,,,
2406,139,625500,3.1988611455039145e-83,1.838051790782523e-83,1.752659496666643e-84,1.0,,,,
2407,139,313028,6.407291635769259e-40,2.745629953515215e-40,1.8907303622367297e-40,1.0,,,,
2408,139,156792,6.4478381274577845e-18,2.3849684322845208e-18,2.524565056349748e-18,1.0,,,,
2409,139,78674,1.1594512840955175e-08,1.088177965045063e-09,9.804460088456047e-09,1.0,,,,
2410,139,39476,0.00017206375412204172,1.2414354768297833e-05,0.0001516421405281918,1.0,,,,
2411,139,20016,0.014942580736502556,0.0003397533102085299,0.014383686541209523,1.0,,,,
2412,139,10286,0.1126250630655025,0.0017212466085813494,0.10979361239438619,1.0,,,,
2413,139,5282,0.3147516280502303,0.0012984010326302844,0.31261575835155353,1.0,,,,
2414,139,2780,0.49748252060500703,0.0014638302082452897,0.4950745199124435,1.0,,,,
2415,139,1668,0.6002605971557846,0.0020357708470214743,0.5969117541124342,1.0,,,,
2416,139,1112,0.655600538335752,0.0012985912489463813,0.6534643557312353,1.0,,,,
2417,139,1390,0.627846062214122,0.0015333795110578574,0.6253236529184318,1.0,,,,
2418,140,280,0.7397132292138492,0.00038072523248700225,0.7390869362064081,1.0,,,,
2419,140,5000240,0.0,0.0,0.0,1.0,,,,
2420,140,2500400,0.0,0.0,0.0,1.0,,,,
2421,140,1250480,1.449138612152542e-194,0.0,1.449138612152542e-194,1.0,,,,
2422,140,625520,5.463526128738728e-94,3.6950152247657046e-94,-6.147739160008564e-95,1.0,,,,
2423,140,313040,8.823869490248831e-45,4.3880970368645815e-45,1.6054498646065947e-45,1.0,,,,
2424,140,156800,3.839421466691342e-20,9.544006062622905e-21,2.2694324693898738e-20,1.0,,,,
2425,140,78680,1.2542140758502577e-09,2.085518144956031e-10,9.111463410049907e-10,1.0,,,,
2426,140,39480,5.937831711038462e-05,4.791052095017163e-06,5.149703641408139e-05,1.0,,,,
2427,140,19880,0.009368604482052739,0.00041416283659407275,0.008687306615855489,1.0,,,,
2428,140,10080,0.09274668348532239,0.0015321737087529675,0.09022625773442376,1.0,,,,
2429,140,5320,0.2777029290709641,0.0030453140222902425,0.27269338750429667,1.0,,,,
2430,140,2800,0.470686844126481,0.0022929296429459126,0.466914974863835,1.0,,,,
2431,140,1680,0.5791536937229116,0.0017794900511843496,0.5762264325887133,1.0,,,,
2432,140,1120,0.641390536113731,0.0013755766444930797,0.6391277125335398,1.0,,,,
2433,140,1400,0.6096222407816534,0.0013405635753897514,0.6074170137001372,1.0,,,,
2434,141,282,0.7357295796047489,0.0004823931487872528,0.7349360428749939,1.0,,,,
2435,141,5000142,0.0,0.0,0.0,1.0,,,,
2436,141,2500212,0.0,0.0,0.0,1.0,,,,
2437,141,1250388,3.933287165709214e-220,0.0,3.933287165709214e-220,1.0,,,,
2438,141,625476,1.4521764797249627e-107,7.716519812798202e-108,1.8280897051965843e-108,1.0,,,,
2439,141,313020,6.24123460430892e-51,2.979685544951057e-51,1.3396518828644315e-51,1.0,,,,
2440,141,156792,8.2959965923322e-23,3.1564670013965335e-23,3.103608375034902e-23,1.0,,,,
2441,141,78678,6.496345003706736e-11,8.045137738603225e-12,5.172919845706506e-11,1.0,,,,
2442,141,39480,1.4569582263774047e-05,1.4104225725219716e-06,1.2249437131975403e-05,1.0,,,,
2443,141,20022,0.004729079989644816,0.000198136208546512,0.004403145926585804,1.0,,,,
2444,141,10152,0.06683583742672067,0.0013641365870639725,0.06459183274100043,1.0,,,,
2445,141,5358,0.23784229952538255,0.0010923449289678697,0.2360453921172304,1.0,,,,
2446,141,2820,0.4354894902506007,0.002571558321845686,0.43125927681116455,1.0,,,,
2447,141,1692,0.5543518894891342,0.0013511802278295714,0.5521291980143546,1.0,,,,
2448,141,1128,0.6239107998290147,0.0014187195848198888,0.621577006111986,1.0,,,,
2449,141,1410,0.5875785134226629,0.0014514494292512576,0.5851908791115445,1.0,,,,
2450,142,284,0.7298386541991173,0.0006179268646135149,0.7288221645068281,1.0,,,,
2451,142,5000388,0.0,0.0,0.0,1.0,,,,
2452,142,2500336,0.0,0.0,0.0,1.0,,,,
2453,142,1250452,4.688125429770447e-258,0.0,4.688125429770447e-258,1.0,,,,
2454,142,625368,8.444926818942923e-125,1.910744012917882e-124,-2.298681219355623e-124,1.0,,,,
2455,142,312968,4.532278642239389e-59,7.205595207070332e-59,-7.320925473391309e-59,1.0,,,,
2456,142,156768,1.1140111318924778e-26,2.4538403632190315e-27,7.103543921429471e-27,1.0,,,,
2457,142,78668,1.3869576949923431e-12,2.2230424362707222e-13,1.0212672142258093e-12,1.0,,,,
2458,142,39476,2.3126175960598784e-06,2.592724704599999e-07,1.8861143821531786e-06,1.0,,,,
2459,142,19880,0.0021227951842720046,7.499290470553931e-05,0.0019994318560313923,1.0,,,,
2460,142,10224,0.04386727323031806,0.001150503092394223,0.04197469564332956,1.0,,,,
2461,142,5396,0.1908260656241931,0.0021061290950266736,0.18736148326287422,1.0,,,,
2462,142,2840,0.3911495318153578,0.0019514281062751452,0.38793943258053515,1.0,,,,
2463,142,1704,0.5246315017584638,0.002546126910760736,0.5204431229902624,1.0,,,,
2464,142,1136,0.6017293369108432,0.001847810382541749,0.598689688831562,1.0,,,,
2465,142,852,0.6417320483946202,0.0011514185917710408,0.6398379648111568,1.0,,,,
2466,143,286,0.723623200654912,0.0007390013091038557,0.7224075435014362,1.0,,,,
2467,143,5000424,0.0,0.0,0.0,1.0,,,,
2468,143,2500498,0.0,0.0,0.0,1.0,,,,
2469,143,1250392,7.27130900762537e-309,0.0,7.27130900762537e-309,1.0,,,,
2470,143,625482,1.048022644526098e-149,2.6858745236180673e-149,-3.3702409468256227e-149,1.0,,,,
2471,143,312884,4.232820712803577e-71,2.039823826678357e-71,8.773105179176793e-72,1.0,,,,
2472,143,156728,1.6680032866083615e-31,6.513406979596914e-32,5.96547838464669e-32,1.0,,,,
2473,143,78650,1.1327377778308537e-14,3.0639896043618273e-15,6.28711487913333e-15,1.0,,,,
2474,143,39468,2.7204931034588314e-07,5.273641738335457e-08,1.8529790375026487e-07,1.0,,,,
2475,143,20020,0.0007443691797509078,4.8869751178080177e-05,0.0006639784390629659,1.0,,,,
2476,143,10296,0.026713045499539352,0.0008038509381708898,0.025390710706248237,1.0,,,,
2477,143,5434,0.15336358809029343,0.0024820228827169256,0.14928066044822408,1.0,,,,
2478,143,2860,0.35211004552708425,0.00200970872980329,0.34880407466655783,1.0,,,,
2479,143,1716,0.4933802805418882,0.0020992720142465576,0.4899269780784526,1.0,,,,
2480,143,1144,0.5777734535717406,0.002480879374888964,0.5736924070000482,1.0,,,,
2481,143,858,0.6250593301766803,0.0013797320454125707,0.6227896709619766,1.0,,,,
2482,144,288,0.7228668599061358,0.000476494873417007,0.7220830258393648,1.0,,,,
2483,144,5000256,0.0,0.0,0.0,1.0,,,,
2484,144,2500416,0.0,0.0,0.0,1.0,,,,
2485,144,1250496,1.64815e-319,0.0,1.64815e-319,1.0,,,,
2486,144,625536,7.3289058008782855e-155,9.959424335721919e-155,-9.054347231384273e-155,1.0,,,,
2487,144,313056,6.102207160249135e-73,5.388849498761875e-73,-2.7624502652141497e-73,1.0,,,,
2488,144,156672,4.2072533080989777e-32,2.5190830661724474e-32,6.336166424530159e-34,1.0,,,,
2489,144,78624,6.344129777611425e-15,1.1993772002499162e-15,4.3711542832003125e-15,1.0,,,,
2490,144,39456,2.1046814721314383e-07,2.7497324734656628e-08,1.6523504802463368e-07,1.0,,,,
2491,144,19872,0.0007122372131239971,4.051794052674463e-05,0.0006455852009575021,1.0,,,,
2492,144,10080,0.02691221468170215,0.0008895838918665206,0.025448849179581724,1.0,,,,
2493,144,5184,0.16295543904312165,0.0020646907121737476,0.15955902282159584,1.0,,,,
2494,144,2880,0.3443513572598212,0.0015599158312847095,0.34178529571735783,1.0,,,,
2495,144,1728,0.48765111295772395,0.0028478448488043276,0.4829664081814408,1.0,,,,
2496,144,1152,0.5745029943133866,0.0008755963908446138,0.5730626382504472,1.0,,,,
2497,144,864,0.6223587835150342,0.0017512432663623152,0.6194779883418682,1.0,,,,
2498,145,290,0.7217689899051153,0.00058000775193158,0.7208148771531878,1.0,,,,
2499,145,5000180,0.0,0.0,0.0,1.0,,,,
2500,145,2500380,0.0,0.0,0.0,1.0,,,,
2501,145,1250480,0.0,0.0,0.0,1.0,,,,
2502,145,625530,3.931518553969451e-157,6.698149257949083e-157,-7.08693697535679e-157,1.0,,,,
2503,145,312910,5.265576668586254e-74,7.0522303462292064e-74,-6.335342250960791e-74,1.0,,,,
2504,145,156600,1.299798149901135e-32,6.35753606138109e-33,2.5398346780394576e-33,1.0,,,,
2505,145,78590,4.005433402634462e-15,8.330258627068382e-16,2.6351058584817132e-15,1.0,,,,
2506,145,39440,1.6892390424260308e-07,1.774586124772569e-08,1.3973196249009431e-07,1.0,,,,
2507,145,20010,0.0005773789332253383,3.0271126594298906e-05,0.0005275829299777165,1.0,,,,
2508,145,10150,0.02527540422969391,0.0005854723472635503,0.02431230221844537,1.0,,,,
2509,145,5220,0.1564981354128984,0.002384987862897997,0.1525748303784312,1.0,,,,
2510,145,2900,0.33977667768194825,0.0026604912842708404,0.3354001695193227,1.0,,,,
2511,145,1740,0.48178685926734505,0.00150511405576538,0.47931094664561097,1.0,,,,
2512,145,1160,0.570649237699987,0.0018600775373490207,0.5675894101510478,1.0,,,,
2513,145,870,0.6185807415553308,0.0019490172710807723,0.6153746081444029,1.0,,,,
2514,146,292,0.7209467327996456,0.000816631408568667,0.7196033741325502,1.0,,,,
2515,146,5000208,0.0,0.0,0.0,1.0,,,,
2516,146,2500396,0.0,0.0,0.0,1.0,,,,
2517,146,1250344,0.0,0.0,0.0,1.0,,,,
2518,146,625464,6.428164893255713e-160,1.3854314601635662e-159,-1.6362182626434951e-159,1.0,,,,
2519,146,313024,1.516700650950627e-75,8.856190999466716e-76,5.985723153835212e-77,1.0,,,,
2520,146,156804,3.526805202370432e-33,1.5120080558819927e-33,1.0395519504445541e-33,1.0,,,,
2521,146,78548,2.0122059818074708e-15,5.084271798452458e-16,1.1758432709620415e-15,1.0,,,,
2522,146,39420,1.2512618009399122e-07,1.8050349159837018e-08,9.543335572605933e-08,1.0,,,,
2523,146,19856,0.0005529454958419507,2.6854609190671843e-05,0.0005087696637232956,1.0,,,,
2524,146,10220,0.022824949926627106,0.0010278091950879362,0.02113420380070745,1.0,,,,
2525,146,5256,0.1510427956914233,0.0019269408315396148,0.14787297802354063,1.0,,,,
2526,146,2920,0.33096692285377205,0.0020293475146602896,0.32762864619215587,1.0,,,,
2527,146,1752,0.47720974958446466,0.002559102959989996,0.4730000252152811,1.0,,,,
2528,146,1168,0.5655989505862433,0.002166548165679053,0.5620349788537012,1.0,,,,
2529,146,876,0.6149261700891139,0.0013526070643195614,0.6127011314683082,1.0,,,,
2530,147,294,0.7195131175438154,0.0007590478159473293,0.718264483886582,1.0,,,,
2531,147,5000352,0.0,0.0,0.0,1.0,,,,
2532,147,2500470,0.0,0.0,0.0,1.0,,,,
2533,147,1250382,0.0,0.0,0.0,1.0,,,,
2534,147,625338,1.1021666244769168e-162,0.0,1.1021666244769168e-162,1.0,,,,
2535,147,312816,1.3898680413194745e-76,1.599338428793438e-76,-1.2410436740457309e-76,1.0,,,,
2536,147,156702,1.1345436140997464e-33,8.433531217364933e-34,-2.52772271156785e-34,1.0,,,,
2537,147,78498,1.2603218904888135e-15,3.443469494127874e-16,6.938711587047782e-16,1.0,,,,
2538,147,39396,9.60510093453887e-08,8.527772442127833e-09,8.202282367808843e-08,1.0,,,,
2539,147,19992,0.00046227408141552193,1.9461604454711292e-05,0.00043025974208752186,1.0,,,,
2540,147,10290,0.021620862128822672,0.001026089661167681,0.01993294463620184,1.0,,,,
2541,147,5292,0.1445989211052844,0.002047171748783481,0.14123132357853557,1.0,,,,
2542,147,2940,0.32598329905293333,0.0021737145870041334,0.3224075385573115,1.0,,,,
2543,147,1764,0.4717857752097473,0.0023219119761781403,0.4679662300089342,1.0,,,,
2544,147,1176,0.561139527722784,0.002331906147721825,0.5573035421097816,1.0,,,,
2545,147,882,0.6110889174117282,0.001458733285764034,0.6086893011566464,1.0,,,,
2546,148,296,0.7182881996600672,0.0005873109368223382,0.7173220731689944,1.0,,,,
2547,148,5000328,0.0,0.0,0.0,1.0,,,,
2548,148,2500312,0.0,0.0,0.0,1.0,,,,
2549,148,1250304,0.0,0.0,0.0,1.0,,,,
2550,148,625448,9.782470505116464e-166,0.0,9.782470505116464e-166,1.0,,,,
2551,148,312872,4.1250676994224728e-78,6.146522629074418e-78,-5.985962025404944e-78,1.0,,,,
2552,148,156584,1.9445928249054395e-34,6.5491871202721e-35,8.67251543620679e-35,1.0,,,,
2553,148,78440,6.87921465467402e-16,2.0303173211311887e-16,3.539342661413215e-16,1.0,,,,
2554,148,39368,7.451690086260275e-08,8.827500949372741e-09,5.999566180088459e-08,1.0,,,,
2555,148,19832,0.0004212300617343481,2.1737902872418026e-05,0.0003854712115092204,1.0,,,,
2556,148,10064,0.021560445724553783,0.0007690572166793461,0.020295346603116257,1.0,,,,
2557,148,5328,0.13846088741605747,0.0023108579869023965,0.13465952602760303,1.0,,,,
2558,148,2960,0.31853674835844953,0.002391747993501448,0.31460232290913964,1.0,,,,
2559,148,1776,0.46354703676976133,0.0013215722353248007,0.46137305044265203,1.0,,,,
2560,148,1184,0.5566427637645168,0.0020034487921603,0.5533470905014132,1.0,,,,
2561,148,888,0.6091652544292598,0.0024346741964421607,0.6051602153761125,1.0,,,,
2562,149,298,0.7172622661189613,0.0007816244044674425,0.7159764939736123,1.0,,,,
2563,149,5000440,0.0,0.0,0.0,1.0,,,,
2564,149,2500518,0.0,0.0,0.0,1.0,,,,
2565,149,1250408,0.0,0.0,0.0,1.0,,,,
2566,149,625502,7.891721327588159e-169,0.0,7.891721327588159e-169,1.0,,,,
2567,149,312900,3.702137209842236e-80,2.6300757096307353e-80,-6.243373325003238e-81,1.0,,,,
2568,149,156748,4.5584866847709096e-35,2.3633908136123926e-35,6.707087963785237e-36,1.0,,,,
2569,149,78672,3.052392780879792e-16,1.0686990077766006e-16,1.294382913087284e-16,1.0,,,,
2570,149,39634,5.121312747336449e-08,8.087584068189875e-09,3.790905168119214e-08,1.0,,,,
2571,149,19966,0.00033298126383907346,2.5667995785696776e-05,0.0002907574107716023,1.0,,,,
2572,149,10132,0.019884806846470253,0.000597851703536566,0.0189013407941526,1.0,,,,
2573,149,5364,0.13273100255041162,0.00187819135716769,0.12964137776787077,1.0,,,,
2574,149,2980,0.3111597605421197,0.001726464494014835,0.30831972644946526,1.0,,,,
2575,149,1788,0.45881957923604055,0.0014717368014478351,0.4563985721976589,1.0,,,,
2576,149,1192,0.5527548046352544,0.0022936154390932177,0.5489818072379461,1.0,,,,
2577,149,894,0.604647813086421,0.001433833138438942,0.602289157573689,1.0,,,,
2578,149,596,0.6600867773408912,0.0019866890903182774,0.6568186737873176,1.0,,,,
2579,150,300,0.7152965551748319,0.0008568313733250843,0.7138870675657122,1.0,,,,
2580,150,5000400,0.0,0.0,0.0,1.0,,,,
2581,150,2500500,0.0,0.0,0.0,1.0,,,,
2582,150,1250400,0.0,0.0,0.0,1.0,,,,
2583,150,625500,9.525556295303462e-172,0.0,9.525556295303462e-172,1.0,,,,
2584,150,312900,4.445376335903373e-81,4.207880362331909e-81,-2.476586860132617e-81,1.0,,,,
2585,150,156600,1.393396174864313e-35,5.0450967973986426e-36,5.634777516922363e-36,1.0,,,,
2586,150,78600,1.5372692763309646e-16,2.4429285505248067e-17,1.1354075297696338e-16,1.0,,,,
2587,150,39600,3.759606414626922e-08,7.529786182502541e-09,2.5209565876052537e-08,1.0,,,,
2588,150,20100,0.00028706892983217515,1.785703014748719e-05,0.0002576941152395587,1.0,,,,
2589,150,10200,0.01787639800255587,0.0008161630190049015,0.01653380983629281,1.0,,,,
2590,150,5400,0.12721768364633448,0.001997458265328735,0.12393186479986872,1.0,,,,
2591,150,3000,0.30615360109201595,0.0032443745209477593,0.30081660500505686,1.0,,,,
2592,150,1800,0.4550405649485424,0.002244448876271352,0.451348446547076,1.0,,,,
2593,150,1200,0.5473285418716289,0.0014649905354858887,0.5449186324407547,1.0,,,,
2594,150,900,0.6002776489201291,0.001634826056162969,0.5975883600577411,1.0,,,,
2595,150,600,0.6570254126958346,0.0015413490151993797,0.6544898935658316,1.0,,,,
2596,151,302,0.7143410952405638,0.0007998196861601607,0.7130253918568303,1.0,,,,
2597,151,5000214,0.0,0.0,0.0,1.0,,,,
2598,151,2500258,0.0,0.0,0.0,1.0,,,,
2599,151,1250280,0.0,0.0,0.0,1.0,,,,
2600,151,625442,4.749115074239036e-175,0.0,4.749115074239036e-175,1.0,,,,
2601,151,312872,1.2412168668825437e-82,1.2702328787409993e-82,-8.483162186464002e-83,1.0,,,,
2602,151,156738,3.472300279732216e-36,2.46085847089621e-36,-5.758119048920501e-37,1.0,,,,
2603,151,78520,7.886254665557836e-17,3.454423181565085e-17,2.203728531883271e-17,1.0,,,,
2604,151,39562,2.35638340626416e-08,2.1453849060909827e-09,2.0034675892121933e-08,1.0,,,,
2605,151,19932,0.00025875370652363183,1.578172680414851e-05,0.00023279276593080752,1.0,,,,
2606,151,10268,0.016407837248267547,0.0005177815554215522,0.015556086589599094,1.0,,,,
2607,151,5436,0.1203965148780779,0.0018956751068390993,0.11727812932732758,1.0,,,,
2608,151,3020,0.29636532275830885,0.003358008102634156,0.2908413994294757,1.0,,,,
2609,151,1812,0.4463548487936123,0.0021905888107224937,0.4427513301999738,1.0,,,,
2610,151,1208,0.5426878275967508,0.001550594299865044,0.5401370999734728,1.0,,,,
2611,151,906,0.5970097843491989,0.001129803228775511,0.5951512580378632,1.0,,,,
2612,151,604,0.6546916334100301,0.001986401054781245,0.6514240036749149,1.0,,,,
2613,152,304,0.7129153060324451,0.0006146649434825581,0.7119041822004163,1.0,,,,
2614,152,5000192,0.0,0.0,0.0,1.0,,,,
2615,152,2500400,0.0,0.0,0.0,1.0,,,,
2616,152,1250352,0.0,0.0,0.0,1.0,,,,
2617,152,625328,7.082758980452553e-180,0.0,7.082758980452553e-180,1.0,,,,
2618,152,312816,1.3071633144029146e-84,1.5123913191747608e-84,-1.180720405639567e-84,1.0,,,,
2619,152,156560,5.986711469762693e-37,2.4064583980249926e-37,2.0280874050115797e-37,1.0,,,,
2620,152,78432,4.747094494764978e-17,9.397084682033697e-18,3.2012740645704346e-17,1.0,,,,
2621,152,39520,1.8385908408720132e-08,1.9376739498326357e-09,1.5198434761245445e-08,1.0,,,,
2622,152,20064,0.00021429708447841126,1.289553047995138e-05,0.00019308393683889125,1.0,,,,
2623,152,10336,0.01457136709078275,0.0004339051408036368,0.013857593134160767,1.0,,,,
2624,152,5472,0.11392172583774177,0.0021837137836687634,0.11032951666360664,1.0,,,,
2625,152,3040,0.2876533246200449,0.0026132848009995354,0.28335447112240064,1.0,,,,
2626,152,1824,0.4404399609596522,0.0029801270705344563,0.43553765192862304,1.0,,,,
2627,152,1216,0.5379403214923684,0.001989860477906537,0.5346670010062121,1.0,,,,
2628,152,912,0.5937263366556658,0.0014077767242987715,0.5914105439441942,1.0,,,,
2629,152,608,0.6516183584526236,0.0015815600883416566,0.6490166921073016,1.0,,,,
2630,153,306,0.7109994566572725,0.0011009923263950942,0.7091883242803526,1.0,,,,
2631,153,5000346,0.0,0.0,0.0,1.0,,,,
2632,153,2500326,0.0,0.0,0.0,1.0,,,,
2633,153,1250316,0.0,0.0,0.0,1.0,,,,
2634,153,625464,1.4966187505261323e-181,0.0,1.4966187505261323e-181,1.0,,,,
2635,153,313038,4.5789600781462315e-86,5.2777341643194945e-86,-4.102912622159337e-86,1.0,,,,
2636,153,156672,1.110069114098375e-37,1.223030789965061e-37,-9.018165353941504e-38,1.0,,,,
2637,153,78642,1.8539467211191886e-17,5.271452660524509e-18,9.867927584629068e-18,1.0,,,,
2638,153,39474,1.3802677868568266e-08,1.419035271670193e-09,1.1468364846670798e-08,1.0,,,,
2639,153,19890,0.00020854754562923627,1.3895151988302804e-05,0.00018569002060847816,1.0,,,,
2640,153,10098,0.014915831078351094,0.0006091620823661328,0.013913759452858806,1.0,,,,
2641,153,5202,0.12312073021447667,0.0016418644572655575,0.12041986318227482,1.0,,,,
2642,153,2754,0.3158877041232221,0.0029617632768331333,0.3110156035328316,1.0,,,,
2643,153,1530,0.480317936144787,0.0018810364724083217,0.47722363114767535,1.0,,,,
2644,153,918,0.5883784712685287,0.0021092946145864835,0.584908681627534,1.0,,,,
2645,153,612,0.6483052122097006,0.000821350449806456,0.646954090719769,1.0,,,,
2646,154,308,0.7102221487942729,0.0011368148791330974,0.7083520883180989,1.0,,,,
2647,154,5000380,0.0,0.0,0.0,1.0,,,,
2648,154,2500344,0.0,0.0,0.0,1.0,,,,
2649,154,1250480,0.0,0.0,0.0,1.0,,,,
2650,154,625548,1.0017181260558034e-186,0.0,1.0017181260558034e-186,1.0,,,,
2651,154,312928,1.0444483455388546e-87,9.922003469843764e-88,-5.877212252504447e-88,1.0,,,,
2652,154,156772,1.3161173336618837e-38,3.818362646274917e-39,6.879966783496598e-39,1.0,,,,
2653,154,78540,9.634679210981095e-18,2.0685440054250522e-18,6.231924322056884e-18,1.0,,,,
2654,154,39424,1.0208706885114772e-08,2.025615244896754e-09,6.876569807259612e-09,1.0,,,,
2655,154,20020,0.00016654913313245644,7.645488474315027e-06,0.00015397230459220822,1.0,,,,
2656,154,10164,0.013246346709128151,0.00047979572879721207,0.012457082735256737,1.0,,,,
2657,154,5236,0.11647476643133026,0.0013517456964600497,0.11425114476065347,1.0,,,,
2658,154,2772,0.30799547839863045,0.003594503661256556,0.30208251987586343,1.0,,,,
2659,154,1540,0.4756375921720741,0.0028995754029799963,0.470867790634172,1.0,,,,
2660,154,924,0.5855001215551217,0.001581322653055022,0.5828988457908462,1.0,,,,
2661,154,616,0.6458606133054234,0.0022637905203941274,0.6421366778993751,1.0,,,,
2662,155,310,0.7082825166156338,0.0005734731795499036,0.7073391532352742,1.0,,,,
2663,155,5000300,0.0,0.0,0.0,1.0,,,,
2664,155,2500460,0.0,0.0,0.0,1.0,,,,
2665,155,1250540,0.0,0.0,0.0,1.0,,,,
2666,155,625580,3.5279426998797526e-190,0.0,3.5279426998797526e-190,1.0,,,,
2667,155,313100,9.827848475578066e-90,1.0123954517188676e-89,-6.826056705197307e-90,1.0,,,,
2668,155,156860,2.8452584051094987e-39,1.4544263605377427e-39,4.52727042024912e-40,1.0,,,,
2669,155,78740,4.0870542650285506e-18,1.1151509444322951e-18,2.252630961437425e-18,1.0,,,,
2670,155,39680,6.217064058720374e-09,9.635038523119727e-10,4.632100221667179e-09,1.0,,,,
2671,155,20150,0.0001262651157261945,5.5930256658187165e-06,0.00011706458850592271,1.0,,,,
2672,155,10230,0.011950702805038838,0.0005832574737335983,0.010991244260747069,1.0,,,,
2673,155,5270,0.11083080588812164,0.002145770166890937,0.10730101396358604,1.0,,,,
2674,155,2790,0.2988808576986689,0.003025071298446789,0.29390461541272395,1.0,,,,
2675,155,1550,0.4676452183239646,0.0022585444809042564,0.4639299126528771,1.0,,,,
2676,155,930,0.5789290303401395,0.001558982340810713,0.5763645043895059,1.0,,,,
2677,155,620,0.6432864726672904,0.0021565029640494733,0.639739025291429,1.0,,,,
2678,156,312,0.707144599271732,0.0008553596547314176,0.7057375326396989,1.0,,,,
2679,156,5000424,0.0,0.0,0.0,1.0,,,,
2680,156,2500368,0.0,0.0,0.0,1.0,,,,
2681,156,1250496,0.0,0.0,0.0,1.0,,,,
2682,156,625560,9.204919089583992e-194,0.0,9.204919089583992e-194,1.0,,,,
2683,156,312936,2.818830353076594e-91,3.5609080297535307e-91,-3.038863355867964e-91,1.0,,,,
2684,156,156624,4.27736367137976e-40,2.36478439843393e-40,3.872933359559456e-41,1.0,,,,
2685,156,78624,1.6552033783129704e-18,3.9059294762748263e-19,1.0126779794657615e-18,1.0,,,,
2686,156,39624,4.3083478747892866e-09,7.341954509862313e-10,3.100596357916936e-09,1.0,,,,
2687,156,19968,0.0001118880580562323,5.362365929974593e-06,0.0001030669661014241,1.0,,,,
2688,156,10296,0.010941486295087878,0.00042254654723883475,0.010246397224879994,1.0,,,,
2689,156,5304,0.10538232429819064,0.0014010243707662455,0.10307763920828017,1.0,,,,
2690,156,2808,0.2909589992720495,0.0023101223532393206,0.2871588480009708,1.0,,,,
2691,156,1560,0.4626045097120559,0.002707813191599818,0.4581501570118742,1.0,,,,
2692,156,936,0.5735534806746454,0.0011358389411719354,0.5716850256164175,1.0,,,,
2693,156,624,0.6394105309933892,0.0016094971660503264,0.6367629081552364,1.0,,,,
2694,157,314,0.7053391960025788,0.0011582171087734991,0.7034339288586464,1.0,,,,
2695,157,5000450,0.0,0.0,0.0,1.0,,,,
2696,157,2500382,0.0,0.0,0.0,1.0,,,,
2697,157,1250348,0.0,0.0,0.0,1.0,,,,
2698,157,625488,8.148477985271012e-198,0.0,8.148477985271012e-198,1.0,,,,
2699,157,313058,9.95879249352655e-94,1.553736666516629e-93,-1.5600175670672e-93,1.0,,,,
2700,157,156686,5.628582483039683e-41,3.471545553654708e-41,-8.210995272231064e-43,1.0,,,,
2701,157,78500,7.916526465071257e-19,2.4335361459662126e-19,3.913359504956837e-19,1.0,,,,
2702,157,39564,3.0295396203733304e-09,3.6506589580986356e-10,2.429006221766105e-09,1.0,,,,
2703,157,20096,8.889790655125006e-05,8.898845560361375e-06,7.42593056044556e-05,1.0,,,,
2704,157,10362,0.009271175646754153,0.0002637410488279706,0.008837321621432142,1.0,,,,
2705,157,5338,0.09999490181115255,0.001063520768796449,0.09824541014648239,1.0,,,,
2706,157,2826,0.2834018051564767,0.003348191167571502,0.2778940306858216,1.0,,,,
2707,157,1570,0.45578829360726275,0.002947476758128429,0.4509396943401415,1.0,,,,
2708,157,942,0.572234848305705,0.002833141051606733,0.5675743312758119,1.0,,,,
2709,157,628,0.6355427783667953,0.001343436658637742,0.6333328250633362,1.0,,,,
2710,158,316,0.7038084674797883,0.0011879471884098194,0.7018542943548541,1.0,,,,
2711,158,5000384,0.0,0.0,0.0,1.0,,,,
2712,158,2500508,0.0,0.0,0.0,1.0,,,,
2713,158,1250412,0.0,0.0,0.0,1.0,,,,
2714,158,625364,8.217443741037163e-202,0.0,8.217443741037163e-202,1.0,,,,
2715,158,312840,2.1941146047057867e-95,2.970756526389734e-95,-2.6927798812053256e-95,1.0,,,,
2716,158,156736,8.516128821221917e-42,5.092664722796769e-42,1.3869535222123163e-43,1.0,,,,
2717,158,78684,2.968560600072073e-19,8.698751454203295e-20,1.537615985855631e-19,1.0,,,,
2718,158,39500,1.972905713181953e-09,2.3757772923747735e-10,1.5820903485863028e-09,1.0,,,,
2719,158,19908,8.16106400119875e-05,7.755359832424673e-06,6.885307308764892e-05,1.0,,,,
2720,158,10112,0.009535621684936314,0.00041579134694032363,0.00885164491921948,1.0,,,,
2721,158,5372,0.09369987235693969,0.0016766093644742194,0.0909418499523796,1.0,,,,
2722,158,2844,0.2771339026171574,0.00215138685129769,0.27359487124677273,1.0,,,,
2723,158,1580,0.4476600370561904,0.0013626748305756644,0.4454184369598934,1.0,,,,
2724,158,948,0.5647036114177533,0.002307900342264502,0.5609071153547281,1.0,,,,
2725,158,632,0.6330166764390535,0.0013768729004543317,0.630751720517806,1.0,,,,
2726,159,318,0.7012230517552911,0.000532545107940019,0.7003470150527298,1.0,,,,
2727,159,5000232,0.0,0.0,0.0,1.0,,,,
2728,159,2500434,0.0,0.0,0.0,1.0,,,,
2729,159,1250376,0.0,0.0,0.0,1.0,,,,
2730,159,625506,1.7265000550955663e-206,0.0,1.7265000550955663e-206,1.0,,,,
2731,159,312912,1.489214541852521e-97,1.1798890103870907e-97,-4.517028802342432e-98,1.0,,,,
2732,159,156774,9.099705002752209e-43,4.599948696769767e-43,1.5327893965659424e-43,1.0,,,,
2733,159,78546,1.2343344365316304e-19,4.056582494309042e-20,5.67026616217793e-20,1.0,,,,
2734,159,39432,1.4531336763264836e-09,2.0378263547965455e-10,1.117911240962452e-09,1.0,,,,
2735,159,20034,6.348938396588577e-05,6.143351734746158e-06,5.338357036222834e-05,1.0,,,,
2736,159,10176,0.0083153278683158,0.00037196149523461024,0.007703451208654866,1.0,,,,
2737,159,5406,0.08773035584937094,0.0017334588302639958,0.08487881607358667,1.0,,,,
2738,159,2862,0.26940908022068877,0.0031884901817354097,0.264164013871734,1.0,,,,
2739,159,1590,0.44435001688614717,0.002904603858974146,0.4395719435381347,1.0,,,,
2740,159,954,0.5611857895980751,0.0017804398519230763,0.5582569660416616,1.0,,,,
2741,159,636,0.6290635069802205,0.001741189567816801,0.6261992501411618,1.0,,,,
2742,160,320,0.7002373361711534,0.0012487538574947666,0.6981831360755745,1.0,,,,
2743,160,5000320,0.0,0.0,0.0,1.0,,,,
2744,160,2500480,0.0,0.0,0.0,1.0,,,,
2745,160,1250560,0.0,0.0,0.0,1.0,,,,
2746,160,625600,1.1537221347516019e-211,0.0,1.1537221347516019e-211,1.0,,,,
2747,160,312960,8.789567370226403e-100,8.892787597000373e-100,-5.839068226839211e-100,1.0,,,,
2748,160,156800,1.0969026259376416e-43,6.329144722677375e-44,5.5758319057213445e-45,1.0,,,,
2749,160,78720,4.344111183147604e-20,6.233577313216514e-21,3.3186877151234876e-20,1.0,,,,
2750,160,39680,7.829223923382433e-10,2.1754797909718503e-10,4.250559667233739e-10,1.0,,,,
2751,160,20160,4.798417445579345e-05,4.3894759658623e-06,4.076348649194997e-05,1.0,,,,
2752,160,10240,0.007559064396383741,0.00030847768326811546,0.007051618607407691,1.0,,,,
2753,160,5440,0.0812524736500097,0.0012210575660194962,0.07924383395390763,1.0,,,,
2754,160,2880,0.2595458115842583,0.0032713470473327744,0.2541644456913959,1.0,,,,
2755,160,1600,0.4357036230839156,0.0021624438621875093,0.4321464029306171,1.0,,,,
2756,160,960,0.555690712679637,0.0011170782637442936,0.5538531189357776,1.0,,,,
2757,160,640,0.6263768356842583,0.0011915339519395986,0.6244167623333177,1.0,,,,
2758,161,322,0.6978596017897865,0.0008895568258429245,0.6963962808112748,1.0,,,,
2759,161,5000338,0.0,0.0,0.0,1.0,,,,
2760,161,2500330,0.0,0.0,0.0,1.0,,,,
2761,161,1250326,0.0,0.0,0.0,1.0,,,,
2762,161,625324,1.4603057184414338e-216,0.0,1.4603057184414338e-216,1.0,,,,
2763,161,312984,4.0467382119556684e-102,3.8269710055703705e-102,-2.2486290922075913e-102,1.0,,,,
2764,161,156814,2.4119092141145114e-44,1.904118162633173e-44,-7.20365163417058e-45,1.0,,,,
2765,161,78568,1.9922740633198822e-20,6.60817164275964e-21,9.052298280859215e-21,1.0,,,,
2766,161,39606,5.062875536928884e-10,8.633383287873931e-11,3.6426839860736217e-10,1.0,,,,
2767,161,19964,4.33750309345067e-05,3.800253976303047e-06,3.712361314348819e-05,1.0,,,,
2768,161,10304,0.006497927715855406,0.0002979582204271225,0.00600778644325279,1.0,,,,
2769,161,5474,0.07683199983870168,0.001085619102884505,0.07504615641445667,1.0,,,,
2770,161,2898,0.25120004074587465,0.00149388554685464,0.24874259902129878,1.0,,,,
2771,161,1610,0.4280967568088946,0.002056523674107042,0.4247137753649885,1.0,,,,
2772,161,966,0.5500283571150566,0.0021018852013104483,0.5465707559589009,1.0,,,,
2773,161,644,0.6210422761247841,0.0017697585339957753,0.618131023336361,1.0,,,,
2774,162,324,0.6953983555461829,0.0009251824400141131,0.6938764304323597,1.0,,,,
2775,162,5000292,0.0,0.0,0.0,1.0,,,,
2776,162,2500308,0.0,0.0,0.0,1.0,,,,
2777,162,1250316,0.0,0.0,0.0,1.0,,,,
2778,162,625320,1.2923631478481382e-221,0.0,1.2923631478481382e-221,1.0,,,,
2779,162,312984,1.1217790887935369e-104,1.493607095561181e-104,-1.3352045834046062e-104,1.0,,,,
2780,162,156816,8.64957814350052e-46,4.128100407399018e-46,1.8588529733291347e-46,1.0,,,,
2781,162,78732,5.9486046194745844e-21,2.389633721526535e-21,2.0176571475634343e-21,1.0,,,,
2782,162,39528,2.9056524566941837e-10,4.334057430641095e-11,2.1927000093537238e-10,1.0,,,,
2783,162,20088,3.083890201427611e-05,1.431888687319078e-06,2.8483445123636224e-05,1.0,,,,
2784,162,10368,0.00564156772323793,0.00035513620862472766,0.005057368660050253,1.0,,,,
2785,162,5508,0.07260246913681309,0.0015600719245137426,0.07003615082098799,1.0,,,,
2786,162,2916,0.2423123452239359,0.0020635074111915873,0.23891787553252575,1.0,,,,
2787,162,1620,0.4201366167725955,0.0018673302217825558,0.4170648585577632,1.0,,,,
2788,162,972,0.5446701113118919,0.0024945903566946687,0.5405665101751291,1.0,,,,
2789,162,648,0.6162563288625419,0.001520704365239295,0.6137547701817232,1.0,,,,
2790,163,326,0.6938041110907882,0.0012742480629886097,0.6917079730271719,1.0,,,,
2791,163,5000188,0.0,0.0,0.0,1.0,,,,
2792,163,2500420,0.0,0.0,0.0,1.0,,,,
2793,163,1250536,0.0,0.0,0.0,1.0,,,,
2794,163,625594,6.041661340538688e-227,0.0,6.041661340538688e-227,1.0,,,,
2795,163,312960,7.52592666620268e-107,1.0965582838019846e-106,-1.0512457102339966e-106,1.0,,,,
2796,163,156806,9.54831703538896e-47,8.503312454720557e-47,-4.439631952626358e-47,1.0,,,,
2797,163,78566,2.206977060998411e-21,7.096449139439664e-22,1.0396111775605864e-21,1.0,,,,
2798,163,39446,2.000911559363813e-10,3.257068315936881e-11,1.465123821392196e-10,1.0,,,,
2799,163,19886,2.879741254440388e-05,2.34324710634879e-06,2.494277105446012e-05,1.0,,,,
2800,163,10106,0.005823663062332042,0.00017553837801703856,0.005534902430494013,1.0,,,,
2801,163,5216,0.0786257184795934,0.0013713437573637346,0.07636985799873006,1.0,,,,
2802,163,2934,0.23558162268162067,0.0022384923331069837,0.23189930279365967,1.0,,,,
2803,163,1630,0.4134173799336974,0.001849856348620226,0.41037436624021717,1.0,,,,
2804,163,978,0.539076663924696,0.003155913286002367,0.5338851865692221,1.0,,,,
2805,163,652,0.6134439817570234,0.0018065862798369106,0.6104721473266917,1.0,,,,
2806,164,328,0.691515603083177,0.0012143255995655932,0.6895180374718917,1.0,,,,
2807,164,5000360,0.0,0.0,0.0,1.0,,,,
2808,164,2500344,0.0,0.0,0.0,1.0,,,,
2809,164,1250336,0.0,0.0,0.0,1.0,,,,
2810,164,625496,1.567978202151361e-231,0.0,1.567978202151361e-231,1.0,,,,
2811,164,312912,1.9984174621645415e-109,2.1627688555694736e-109,-1.5593373052472426e-109,1.0,,,,
2812,164,156784,1.2562202516028667e-47,1.0588794274432321e-47,-4.856364065412502e-48,1.0,,,,
2813,164,78720,6.9673711265338145e-22,2.1587193537445104e-22,3.416277789624095e-22,1.0,,,,
2814,164,39688,1.0483406690559789e-10,2.265934318143995e-11,6.755944737212917e-11,1.0,,,,
2815,164,20008,1.9628607794110118e-05,1.850787347524081e-06,1.6584062607433004e-05,1.0,,,,
2816,164,10168,0.005034467653468057,0.00020262604775983162,0.004701147804903135,1.0,,,,
2817,164,5248,0.07412039491087632,0.001492128094387216,0.07166584419560935,1.0,,,,
2818,164,2952,0.22684824846435206,0.0025359493304357343,0.22267661181578527,1.0,,,,
2819,164,1640,0.40442897410346007,0.0027359263253729136,0.3999283752982216,1.0,,,,
2820,164,984,0.5326132497406306,0.0014983051661378282,0.530148537742334,1.0,,,,
2821,164,656,0.6081090991598483,0.001516862118850687,0.605613860974339,1.0,,,,
2822,165,330,0.6893128501648389,0.0009887984481948592,0.6876862767175583,1.0,,,,
2823,165,5000490,0.0,0.0,0.0,1.0,,,,
2824,165,2500410,0.0,0.0,0.0,1.0,,,,
2825,165,1250370,0.0,0.0,0.0,1.0,,,,
2826,165,625350,8.575823096377038e-238,0.0,8.575823096377038e-238,1.0,,,,
2827,165,312840,2.965018396665801e-112,3.9729022753151105e-112,-3.5704058462275557e-112,1.0,,,,
2828,165,156750,7.848600546912134e-49,3.2108672206246795e-49,2.5667239689845365e-49,1.0,,,,
2829,165,78540,2.14650318907869e-22,1.2018066302866561e-22,1.6953128225714065e-23,1.0,,,,
2830,165,39600,6.561871015765248e-11,1.479859512230692e-11,4.127502118145759e-11,1.0,,,,
2831,165,20130,1.4644619869270416e-05,2.100477342574024e-06,1.1189334640736146e-05,1.0,,,,
2832,165,10230,0.004161726035502423,9.817790441842168e-05,0.004000223382734119,1.0,,,,
2833,165,5280,0.06906381930614636,0.0008031315232107845,0.06774266795046462,1.0,,,,
2834,165,2970,0.21775395320818972,0.0018119305017857876,0.2147733275327521,1.0,,,,
2835,165,1650,0.39775325633069547,0.0034740014562380413,0.3920385239351839,1.0,,,,
2836,165,990,0.5260665472023061,0.0013388478509592878,0.523864142487478,1.0,,,,
2837,165,660,0.6044787507428276,0.0024811294603828892,0.6003972927804978,1.0,,,,
2838,166,332,0.6863487456592741,0.0007648318503033039,0.6850905972655251,1.0,,,,
2839,166,5000252,0.0,0.0,0.0,1.0,,,,
2840,166,2500292,0.0,0.0,0.0,1.0,,,,
2841,166,1250312,0.0,0.0,0.0,1.0,,,,
2842,166,625488,2.1558256443812304e-243,0.0,2.1558256443812304e-243,1.0,,,,
2843,166,313076,8.621150152305645e-115,1.4424101481226012e-114,-1.5106496784311147e-114,1.0,,,,
2844,166,156704,5.116115608016488e-50,3.4024814448886885e-50,-4.8096636882540403e-51,1.0,,,,
2845,166,78684,5.365828613982676e-23,1.4357347477052885e-23,3.0040449540074764e-23,1.0,,,,
2846,166,39508,3.690195448733389e-11,5.796838491197131e-12,2.7366155169314613e-11,1.0,,,,
2847,166,19920,1.230246152217801e-05,1.4970728650930135e-06,9.839776659100004e-06,1.0,,,,
2848,166,10292,0.0036085754510835773,0.00013440239197953162,0.0033874835162772477,1.0,,,,
2849,166,5312,0.06289804906738808,0.0017608086434656172,0.06000151884888714,1.0,,,,
2850,166,2988,0.20968131234195564,0.002539662627480409,0.20550356731975036,1.0,,,,
2851,166,1660,0.39006649289253803,0.0031703287204956554,0.38485130214732266,1.0,,,,
2852,166,996,0.5200344193969144,0.0020682296342751866,0.5166321816485318,1.0,,,,
2853,166,664,0.5991120037750756,0.001029119773633977,0.5974191017474477,1.0,,,,
2854,167,334,0.6841315297484927,0.0011434591129517782,0.682250539507687,1.0,,,,
2855,167,5000314,0.0,0.0,0.0,1.0,,,,
2856,167,2500324,0.0,0.0,0.0,1.0,,,,
2857,167,1250496,0.0,0.0,0.0,1.0,,,,
2858,167,625582,1.7009476360472444e-250,0.0,1.7009476360472444e-250,1.0,,,,
2859,167,312958,5.918598274416861e-118,9.157075451776346e-118,-9.144790843755228e-118,1.0,,,,
2860,167,156646,1.0743596953249888e-51,4.304358870802676e-52,3.662926610779485e-52,1.0,,,,
2861,167,78490,1.6722827382410228e-23,6.320918665691199e-24,6.324916177348205e-24,1.0,,,,
2862,167,39412,1.9073239509068718e-11,3.1605347123810358e-12,1.3874159907201913e-11,1.0,,,,
2863,167,20040,8.446799421012511e-06,9.400406226471455e-07,6.9004325967579565e-06,1.0,,,,
2864,167,10354,0.0030510321459578786,0.00012562177921697683,0.0028443843191459516,1.0,,,,
2865,167,5344,0.05701894668075781,0.0012422712924304755,0.05497541040470968,1.0,,,,
2866,167,3006,0.199739359118564,0.002211123629694729,0.19610206074771616,1.0,,,,
2867,167,1670,0.3798068966078204,0.002556094217882268,0.3756021216194041,1.0,,,,
2868,167,1002,0.5137814242100591,0.0037991299089984373,0.5075318555097567,1.0,,,,
2869,167,668,0.5948456954461044,0.0013862977946474835,0.5925652355739093,1.0,,,,
2870,168,336,0.6815392402233371,0.0007411223476738008,0.6803200939614137,1.0,,,,
2871,168,5000352,0.0,0.0,0.0,1.0,,,,
2872,168,2500512,0.0,0.0,0.0,1.0,,,,
2873,168,1250592,0.0,0.0,0.0,1.0,,,,
2874,168,625632,6.590881830962188e-256,0.0,6.590881830962188e-256,1.0,,,,
2875,168,313152,4.5860313622177383e-119,1.3697419339586066e-118,-1.794622345140134e-118,1.0,,,,
2876,168,156912,6.146216685537652e-53,3.2851873153240373e-53,7.420835518296108e-54,1.0,,,,
2877,168,78624,4.361582469082627e-24,2.2129263197009062e-24,7.213186731746361e-25,1.0,,,,
2878,168,39648,9.142363192550701e-12,2.057104492830733e-12,5.758426301844145e-12,1.0,,,,
2879,168,20160,5.974718775153424e-06,6.436207025205054e-07,4.915962719507192e-06,1.0,,,,
2880,168,10416,0.0025273098259326224,0.00012839019925852584,0.0023161079481523474,1.0,,,,
2881,168,5376,0.053525552349656426,0.001510805835683499,0.05104027674995707,1.0,,,,
2882,168,3024,0.1922300286199085,0.002393991121614793,0.18829191322485217,1.0,,,,
2883,168,1680,0.3707447318577217,0.0023993014097662716,0.3667978810386562,1.0,,,,
2884,168,1008,0.5068674500797573,0.0034154097929125805,0.5012491009704161,1.0,,,,
2885,168,672,0.5887884528484479,0.0022715577206078577,0.585051740398048,1.0,,,,
2886,169,338,0.6782468013649049,0.0011670398594035881,0.676327020796186,1.0,,,,
2887,169,5000372,0.0,0.0,0.0,1.0,,,,
2888,169,2500524,0.0,0.0,0.0,1.0,,,,
2889,169,1250600,0.0,0.0,0.0,1.0,,,,
2890,169,625638,2.855053218394795e-265,0.0,2.855053218394795e-265,1.0,,,,
2891,169,312988,8.032614021430043e-125,8.917538618773104e-125,-6.636737006451714e-125,1.0,,,,
2892,169,156832,3.4305829467470773e-54,3.390016220873385e-54,-2.1459937365896407e-54,1.0,,,,
2893,169,78754,6.423246878535572e-25,2.2438208329158307e-25,2.73216160838903e-25,1.0,,,,
2894,169,39546,4.294415161714939e-12,7.267591185555262e-13,3.098896411691098e-12,1.0,,,,
2895,169,19942,5.30808677247217e-06,4.5977803176421553e-07,4.551751910220035e-06,1.0,,,,
2896,169,10140,0.002502232536351521,0.0001171375652198341,0.002309541241564894,1.0,,,,
2897,169,5408,0.048175045519496404,0.0011243993033349551,0.0463254086655104,1.0,,,,
2898,169,3042,0.18251767674226166,0.0028041062857644236,0.17790492190217919,1.0,,,,
2899,169,1690,0.36180332198772525,0.0026276029928282508,0.3574809150645228,1.0,,,,
2900,169,1014,0.4984597096846529,0.002223219845830161,0.4948025130382623,1.0,,,,
2901,169,676,0.5854769111509549,0.002126302065721231,0.5819791442528435,1.0,,,,
2902,170,340,0.6757043740787423,0.0007240822339164061,0.6745132588039497,1.0,,,,
2903,170,5000380,0.0,0.0,0.0,1.0,,,,
2904,170,2500360,0.0,0.0,0.0,1.0,,,,
2905,170,1250520,0.0,0.0,0.0,1.0,,,,
2906,170,625600,2.7101734282163148e-272,0.0,2.7101734282163148e-272,1.0,,,,
2907,170,313140,6.344623073150821e-128,8.144987719307984e-128,-7.053881725110811e-128,1.0,,,,
2908,170,156740,6.953525556743559e-56,3.99730225474138e-56,3.779633476939888e-57,1.0,,,,
2909,170,78540,1.868671482383277e-25,9.310158086031277e-26,3.3715047723113185e-26,1.0,,,,
2910,170,39440,2.2392085347045198e-12,5.944673949912899e-13,1.2613096699438478e-12,1.0,,,,
2911,170,20060,3.2671990730418406e-06,3.7056769604360475e-07,2.6576152130501107e-06,1.0,,,,
2912,170,10200,0.0021149093498987596,0.00010959609704813095,0.0019346237702545842,1.0,,,,
2913,170,5440,0.0440630419519897,0.0015055752247650457,0.0415863707072512,1.0,,,,
2914,170,3060,0.17365752294740816,0.0024866386462705477,0.16956700237429312,1.0,,,,
2915,170,1700,0.352143198071153,0.0029192270147818064,0.347341069631837,1.0,,,,
2916,170,1020,0.4927042129878424,0.0024100754044658074,0.4887396389474961,1.0,,,,
2917,170,680,0.5787889252655875,0.0017046452467227506,0.5759847838347285,1.0,,,,
2918,171,342,0.6721283137756964,0.001287818219442665,0.6700098528047131,1.0,,,,
2919,171,5000382,0.0,0.0,0.0,1.0,,,,
2920,171,2500362,0.0,0.0,0.0,1.0,,,,
2921,171,1250352,0.0,0.0,0.0,1.0,,,,
2922,171,625518,2.548456678710181e-276,0.0,2.548456678710181e-276,1.0,,,,
2923,171,312930,5.2743146791819235e-132,7.039680538236602e-132,-6.305959806217287e-132,1.0,,,,
2924,171,156636,4.5706626174807294e-57,4.330944115126493e-57,-2.553740451902351e-57,1.0,,,,
2925,171,78660,3.3938560788514946e-26,2.8964244277100826e-26,-1.370762104731591e-26,1.0,,,,
2926,171,39672,1.0346222109204699e-12,1.6586600507234704e-13,7.61772632576459e-13,1.0,,,,
2927,171,20178,2.1883662748179305e-06,3.440247038573469e-07,1.6224456369725949e-06,1.0,,,,
2928,171,10260,0.001720266919968539,6.651115779099337e-05,0.001610856065402355,1.0,,,,
2929,171,5472,0.03953027579430339,0.0007097565244126322,0.03836272631164461,1.0,,,,
2930,171,3078,0.16580035738275173,0.0017240826655014962,0.16296424139800178,1.0,,,,
2931,171,1710,0.34221973772626496,0.00332987482749828,0.33674209363503027,1.0,,,,
2932,171,1026,0.48435662671938823,0.0029151553901532136,0.4795611961025862,1.0,,,,
2933,171,684,0.5741374653302874,0.0017782291009588503,0.5712122784592101,1.0,,,,
2934,172,344,0.6695273463819311,0.0010294997553246651,0.6678338192844221,1.0,,,,
2935,172,5000384,0.0,0.0,0.0,1.0,,,,
2936,172,2500536,0.0,0.0,0.0,1.0,,,,
2937,172,1250440,0.0,0.0,0.0,1.0,,,,
2938,172,625392,2.1025798119915133e-288,0.0,2.1025798119915133e-288,1.0,,,,
2939,172,313040,1.9352614159489635e-135,3.5518264832289786e-135,-3.907493148962706e-135,1.0,,,,
2940,172,156864,7.145334356046679e-59,6.075356821361808e-59,-2.848627615093495e-59,1.0,,,,
2941,172,78776,6.756706662468514e-27,3.90420070312499e-27,3.3429650582790568e-28,1.0,,,,
2942,172,39560,5.178605139288893e-13,1.0136982447199593e-13,3.5110715267245605e-13,1.0,,,,
2943,172,19952,1.738612033368802e-06,2.0380882189158975e-07,1.4033465213571369e-06,1.0,,,,
2944,172,10320,0.0013742735948010791,8.320249221351354e-05,0.0012374054951098494,1.0,,,,
2945,172,5504,0.036271533040417525,0.0012952117094020064,0.034140909778451224,1.0,,,,
2946,172,3096,0.15675402688370316,0.002366840967417516,0.15286057349230134,1.0,,,,
2947,172,1720,0.3325384219241089,0.0014918286975611496,0.33008436371662075,1.0,,,,
2948,172,1032,0.47674487535985605,0.0017533039591973358,0.4738606903469764,1.0,,,,
2949,172,688,0.5676600780258317,0.0019550736812931507,0.5644439818201045,1.0,,,,
2950,173,346,0.6659939163326258,0.0011549804314605625,0.6640939735228732,1.0,,,,
2951,173,5000392,0.0,0.0,0.0,1.0,,,,
2952,173,2500542,0.0,0.0,0.0,1.0,,,,
2953,173,1250444,0.0,0.0,0.0,1.0,,,,
2954,173,625568,3.351242048075413e-296,0.0,3.351242048075413e-296,1.0,,,,
2955,173,313130,1.1583483754151136e-139,1.8901956949829735e-139,-1.9510235428318777e-139,1.0,,,,
2956,173,156738,7.685755883480195e-61,3.0836302711647477e-61,2.613184087414185e-61,1.0,,,,
2957,173,78542,1.1886193437416313e-27,4.0056659375471333e-28,5.296872970151278e-28,1.0,,,,
2958,173,39444,2.3981658698571725e-13,5.398535209281831e-14,1.5101068279303114e-13,1.0,,,,
2959,173,20068,1.1496820776596486e-06,1.1944566427484662e-07,9.531939599275259e-07,1.0,,,,
2960,173,10380,0.0010646625026681563,3.713698267869992e-05,0.001003572166161695,1.0,,,,
2961,173,5536,0.03215271460730576,0.001297697371196275,0.03001800243168789,1.0,,,,
2962,173,3114,0.1488095006310551,0.002397470293079644,0.1448656619989391,1.0,,,,
2963,173,1730,0.3246196919742924,0.003019952595238525,0.319651869955125,1.0,,,,
2964,173,1038,0.469527389016832,0.0022254928580076865,0.4658664532654094,1.0,,,,
2965,173,692,0.5610154094639892,0.002396954663249216,0.5570724190429442,1.0,,,,
2966,174,348,0.6618337728202168,0.0012523640865340292,0.6597736338978684,1.0,,,,
2967,174,5000412,0.0,0.0,0.0,1.0,,,,
2968,174,2500380,0.0,0.0,0.0,1.0,,,,
2969,174,1250364,0.0,0.0,0.0,1.0,,,,
2970,174,625356,9.666120856029813e-307,0.0,9.666120856029813e-307,1.0,,,,
2971,174,312852,4.3442545675756493e-144,1.1540434564974539e-143,-1.4639760291807466e-143,1.0,,,,
2972,174,156600,1.6180017328520562e-62,1.785470473659665e-62,-1.319097196318093e-62,1.0,,,,
2973,174,78648,1.532004808217495e-28,4.0897981135765725e-29,8.592330185341488e-29,1.0,,,,
2974,174,39672,8.089961754297884e-14,2.1460842457030343e-14,4.559653170116393e-14,1.0,,,,
2975,174,20184,6.593027214291454e-07,7.909241723132226e-08,5.291956950836203e-07,1.0,,,,
2976,174,10440,0.0008307653983052936,3.494897919041019e-05,0.0007732743275370689,1.0,,,,
2977,174,5568,0.02838551582560464,0.0007907873812944658,0.027084670583375246,1.0,,,,
2978,174,3132,0.13644638127178613,0.0020701544202017695,0.13304097725055422,1.0,,,,
2979,174,1740,0.3142717859736874,0.00305628229924956,0.30924420159142185,1.0,,,,
2980,174,1044,0.46069812714184827,0.0020326282143726167,0.4573544537292053,1.0,,,,
2981,174,696,0.5533469292466537,0.0018907784341955457,0.550236598722402,1.0,,,,
2982,175,350,0.6580013342305022,0.0011728378622232,0.656072015947145,1.0,,,,
2983,175,5000450,0.0,0.0,0.0,1.0,,,,
2984,175,2500400,0.0,0.0,0.0,1.0,,,,
2985,175,1250550,0.0,0.0,0.0,1.0,,,,
2986,175,625450,6.7654953e-317,0.0,6.7654953e-317,1.0,,,,
2987,175,312900,4.544460866824968e-148,1.1333190910624508e-147,-1.4098638181152348e-147,1.0,,,,
2988,175,156800,1.3756561855109328e-64,1.4345166950298105e-64,-9.841237778131055e-65,1.0,,,,
2989,175,78750,1.284008927688321e-29,6.918946842131287e-30,1.4584217215772445e-30,1.0,,,,
2990,175,39550,3.5101527136730944e-14,1.018006447135065e-14,1.8355321081359125e-14,1.0,,,,
2991,175,19950,5.027801787257823e-07,6.780174477869237e-08,3.9124630856483335e-07,1.0,,,,
2992,175,10150,0.000861942442590875,5.3080420959546464e-05,0.000774625150112421,1.0,,,,
2993,175,5250,0.03228822744909568,0.0011818296716106166,0.030344117639296217,1.0,,,,
2994,175,2800,0.16242678764036675,0.003916134018217343,0.15598474718039923,1.0,,,,
2995,175,1750,0.3026524592372008,0.003266829938603534,0.297278523988198,1.0,,,,
2996,175,1050,0.4513467773240859,0.00239382708550742,0.4474089317684262,1.0,,,,
2997,175,700,0.5485772193882877,0.0027226244207710056,0.5440985022161194,1.0,,,,
2998,176,352,0.6541904237772822,0.001687037096512957,0.6514152477535184,1.0,,,,
2999,176,5000512,0.0,0.0,0.0,1.0,,,,
3000,176,2500608,0.0,0.0,0.0,1.0,,,,
3001,176,1250656,0.0,0.0,0.0,1.0,,,,
3002,176,625504,0.0,0.0,0.0,1.0,,,,
3003,176,312928,3.756198665608913e-153,7.906060190551847e-153,-9.249270347848874e-153,1.0,,,,
3004,176,156640,2.409445793692449e-66,3.6225940961624997e-66,-3.5497214944948635e-66,1.0,,,,
3005,176,78496,2.3263105407222187e-30,7.135887468236505e-31,1.1524570521973136e-30,1.0,,,,
3006,176,39424,1.488928585730092e-14,3.565232526335062e-15,9.024478351479744e-15,1.0,,,,
3007,176,20064,3.062409160993805e-07,5.048643417602736e-08,2.2319073187981548e-07,1.0,,,,
3008,176,10208,0.0006753483052900658,2.8486816268127256e-05,0.0006284874925289965,1.0,,,,
3009,176,5280,0.028401987919264092,0.0011232703468143888,0.026554208198754422,1.0,,,,
3010,176,2816,0.15035843232474386,0.001119393133495709,0.1485170306201434,1.0,,,,
3011,176,1760,0.2923429008332664,0.00333656239837019,0.2868542556879475,1.0,,,,
3012,176,1056,0.4418475259273903,0.0028425812353603383,0.43717147979522253,1.0,,,,
3013,176,704,0.5409309372868462,0.0028461056610285893,0.5362490934744542,1.0,,,,
3014,177,354,0.6499720428129503,0.0015226314329977644,0.6474673141056689,1.0,,,,
3015,177,5000250,0.0,0.0,0.0,1.0,,,,
3016,177,2500302,0.0,0.0,0.0,1.0,,,,
3017,177,1250328,0.0,0.0,0.0,1.0,,,,
3018,177,625518,0.0,0.0,0.0,1.0,,,,
3019,177,312936,1.0388972078899437e-157,1.8901240982376543e-157,-2.070356933710998e-157,1.0,,,,
3020,177,156822,1.4889781052758236e-68,3.1174000698834606e-68,-3.6391450096824697e-68,1.0,,,,
3021,177,78588,3.186764603122551e-31,1.854873171771085e-31,1.3549823555911638e-32,1.0,,,,
3022,177,39648,4.231049296555757e-15,1.382547019773029e-15,1.956759449029124e-15,1.0,,,,
3023,177,20178,1.4825967569072145e-07,1.6661612238910334e-08,1.2085132355771395e-07,1.0,,,,
3024,177,10266,0.0004993779187024743,2.8324696743696973e-05,0.0004527837925590928,1.0,,,,
3025,177,5310,0.02493383833759861,0.0007194987868362193,0.023750262833253027,1.0,,,,
3026,177,2832,0.14274894252114118,0.0018120706423387471,0.13976808631449394,1.0,,,,
3027,177,1770,0.28043436653237885,0.002751879459986352,0.2759075248207013,1.0,,,,
3028,177,1062,0.43303199340795195,0.0035139208484837666,0.42725159361219617,1.0,,,,
3029,177,708,0.5353744270705227,0.004149726254377378,0.5285481273820719,1.0,,,,
3030,178,356,0.646213055804004,0.0019805283896031037,0.6429550866031069,1.0,,,,
3031,178,5000376,0.0,0.0,0.0,1.0,,,,
3032,178,2500544,0.0,0.0,0.0,1.0,,,,
3033,178,1250628,0.0,0.0,0.0,1.0,,,,
3034,178,625492,0.0,0.0,0.0,1.0,,,,
3035,178,312924,1.5394714563833947e-163,0.0,1.5394714563833947e-163,1.0,,,,
3036,178,156640,2.5627710071163264e-71,2.2837465623706e-71,-1.1939920879833103e-71,1.0,,,,
3037,178,78676,1.719175388138158e-32,6.76586704372964e-33,6.061902594446322e-33,1.0,,,,
3038,178,39516,1.3646119302167247e-15,5.595044527976142e-16,4.442271053646494e-16,1.0,,,,
3039,178,19936,1.103714879000009e-07,1.3478081306727742e-08,8.820004415043378e-08,1.0,,,,
3040,178,10324,0.0003694088051084153,1.6153757746068494e-05,0.00034283587361613266,1.0,,,,
3041,178,5340,0.02102976311749615,0.0005383159569372927,0.020144233368334305,1.0,,,,
3042,178,2848,0.13354188567361105,0.002540609043033756,0.12936258379782054,1.0,,,,
3043,178,1780,0.27005426536023835,0.002401332743040551,0.26610407299793665,1.0,,,,
3044,178,1068,0.4207661246730603,0.0031153594006319493,0.4156413584590207,1.0,,,,
3045,178,712,0.5243650057389649,0.0027626607938775684,0.5198204287330364,1.0,,,,
3046,179,358,0.6409265807220226,0.0017919216545021729,0.6379788696003665,1.0,,,,
3047,179,5000186,0.0,0.0,0.0,1.0,,,,
3048,179,2500272,0.0,0.0,0.0,1.0,,,,
3049,179,1250494,0.0,0.0,0.0,1.0,,,,
3050,179,625426,0.0,0.0,0.0,1.0,,,,
3051,179,312892,9.681742068455259e-170,0.0,9.681742068455259e-170,1.0,,,,
3052,179,156804,1.1380589434345006e-73,1.0516437490712252e-73,-5.91895023787665e-74,1.0,,,,
3053,179,78760,1.5405266816377235e-33,1.2084436928827926e-33,-4.473631931544704e-34,1.0,,,,
3054,179,39738,3.487666809296049e-16,9.450892206425276e-17,1.932995041339091e-16,1.0,,,,
3055,179,20048,5.8245521205591255e-08,6.270654690623918e-09,4.793029423951491e-08,1.0,,,,
3056,179,10382,0.00025726238573232246,1.5910600926508446e-05,0.00023108944720821607,1.0,,,,
3057,179,5370,0.018229125736300023,0.0006292325560628408,0.01719403818157665,1.0,,,,
3058,179,2864,0.12335454896297522,0.0019217586703489478,0.1201932559502512,1.0,,,,
3059,179,1790,0.2573110639897699,0.0016478381211984712,0.2546003702803984,1.0,,,,
3060,179,1074,0.4100035705924401,0.002914357056043715,0.40520945323524815,1.0,,,,
3061,179,716,0.5166864114456935,0.0021605739815626227,0.513132267246023,1.0,,,,
3062,180,360,0.6365421627339716,0.0016427525994095753,0.6338398347079428,1.0,,,,
3063,180,5000400,0.0,0.0,0.0,1.0,,,,
3064,180,2500560,0.0,0.0,0.0,1.0,,,,
3065,180,1250640,0.0,0.0,0.0,1.0,,,,
3066,180,625680,0.0,0.0,0.0,1.0,,,,
3067,180,313200,2.848602258057943e-177,0.0,2.848602258057943e-177,1.0,,,,
3068,180,156960,2.1814597136651728e-76,3.026314764205332e-76,-2.7968280734525985e-76,1.0,,,,
3069,180,78840,7.877338787897108e-35,4.087316046855052e-35,1.1537038908205469e-35,1.0,,,,
3070,180,39600,1.1575773896370251e-16,4.458410678690406e-17,4.2416883299245336e-17,1.0,,,,
3071,180,20160,2.8219798185360256e-08,4.4477424527023595e-09,2.0903261850664875e-08,1.0,,,,
3072,180,10440,0.0001823792783131086,1.1084131664283772e-05,0.00016414588172536179,1.0,,,,
3073,180,5400,0.015707322017260113,0.0005965594681497332,0.014725981692153802,1.0,,,,
3074,180,2880,0.1141626243291058,0.0022086798425909526,0.11052934598804369,1.0,,,,
3075,180,1800,0.2466563355673786,0.0037752362095659626,0.2404460720026426,1.0,,,,
3076,180,1080,0.40206516659424907,0.003137275462176241,0.39690434845896916,1.0,,,,
3077,180,720,0.5080511561366421,0.0023858143006539496,0.5041264916120664,1.0,,,,
3078,181,362,0.6307946512797453,0.0017997666529871443,0.6278340351355814,1.0,,,,
3079,181,5000306,0.0,0.0,0.0,1.0,,,,
3080,181,2500334,0.0,0.0,0.0,1.0,,,,
3081,181,1250348,0.0,0.0,0.0,1.0,,,,
3082,181,625536,0.0,0.0,0.0,1.0,,,,
3083,181,313130,1.838911713241559e-183,0.0,1.838911713241559e-183,1.0,,,,
3084,181,156746,2.941732812309673e-79,3.356024014054985e-79,-2.578926690810778e-79,1.0,,,,
3085,181,78554,8.965631807698492e-36,9.802875558240059e-36,-7.160098485606405e-36,1.0,,,,
3086,181,39458,3.09565108610566e-17,7.455045764922208e-18,1.869296057775957e-17,1.0,,,,
3087,181,19910,2.123971426619871e-08,4.205110648481231e-09,1.4322307249447086e-08,1.0,,,,
3088,181,10136,0.00017737529955522108,1.1655430776028395e-05,0.00015820211592865437,1.0,,,,
3089,181,5430,0.012979888614124907,0.0005294708955995918,0.012108908990863579,1.0,,,,
3090,181,2896,0.1049526089389424,0.0014284582702863236,0.1026027950843214,1.0,,,,
3091,181,1810,0.23462507833149884,0.0033900155502118658,0.22904850275140032,1.0,,,,
3092,181,1086,0.3898951665898371,0.0031951956103591656,0.38463906981079626,1.0,,,,
3093,181,724,0.4997167010065963,0.002534688028729987,0.4955471391993355,1.0,,,,
3094,182,364,0.6245683358282577,0.002319255630299245,0.6207531603164154,1.0,,,,
3095,182,5000268,0.0,0.0,0.0,1.0,,,,
3096,182,2500316,0.0,0.0,0.0,1.0,,,,
3097,182,1250340,0.0,0.0,0.0,1.0,,,,
3098,182,625352,0.0,0.0,0.0,1.0,,,,
3099,182,313040,6.110460680075089e-191,0.0,6.110460680075089e-191,1.0,,,,
3100,182,156884,2.0860138079697573e-82,2.874969573148632e-82,-2.643311139859742e-82,1.0,,,,
3101,182,78624,2.023571294574976e-37,1.3405426823546029e-37,-1.8162141789834567e-38,1.0,,,,
3102,182,39676,5.704610952988322e-18,2.1849275060913404e-18,2.110405205468067e-18,1.0,,,,
3103,182,20020,8.474477496480736e-09,1.5354204090354882e-09,5.948710923617358e-09,1.0,,,,
3104,182,10192,0.00012110468443582217,9.277729389861939e-06,0.00010584281958949928,1.0,,,,
3105,182,5460,0.010874483107880663,0.0003840154608787082,0.01024277767473519,1.0,,,,
3106,182,2912,0.09554496093832623,0.0017302764853320987,0.09269865611995493,1.0,,,,
3107,182,1820,0.22044403449538552,0.0026332303683184242,0.21611237053950172,1.0,,,,
3108,182,1092,0.3781588462262061,0.0019176144522951482,0.3750043704521806,1.0,,,,
3109,182,728,0.4893229887400435,0.004803552215688096,0.48142114534523656,1.0,,,,
3110,183,366,0.618391356313061,0.0015528761005233248,0.6158368751277001,1.0,,,,
3111,183,5000292,0.0,0.0,0.0,1.0,,,,
3112,183,2500512,0.0,0.0,0.0,1.0,,,,
3113,183,1250622,0.0,0.0,0.0,1.0,,,,
3114,183,625494,0.0,0.0,0.0,1.0,,,,
3115,183,312930,2.277980330949016e-198,0.0,2.277980330949016e-198,1.0,,,,
3116,183,156648,5.7691564773796e-86,6.534305192250218e-86,-4.9797755638720094e-86,1.0,,,,
3117,183,78690,4.9257986386136294e-39,3.1216495917550236e-39,-2.0931493982338476e-40,1.0,,,,
3118,183,39528,1.30788245959417e-18,4.85176732136795e-19,5.097667352291423e-19,1.0,,,,
3119,183,20130,3.3984551408561982e-09,5.15059118779228e-10,2.551182890464368e-09,1.0,,,,
3120,183,10248,7.888827270828485e-05,6.930869562651135e-06,6.748699227772373e-05,1.0,,,,
3121,183,5490,0.008990793503316424,0.0004481819803449774,0.008253534145648935,1.0,,,,
3122,183,2928,0.08662461502736617,0.0012596385687019037,0.08455250958185154,1.0,,,,
3123,183,1830,0.21088405070403837,0.002983100286051682,0.20597685073348335,1.0,,,,
3124,183,1098,0.3651167388715556,0.0022367561549848,0.3614372749966056,1.0,,,,
3125,183,732,0.47859072884751896,0.0026463315410684084,0.47423751346246146,1.0,,,,
3126,184,368,0.6126672405219786,0.0015330199687587504,0.6101454226733705,1.0,,,,
3127,184,5000384,0.0,0.0,0.0,1.0,,,,
3128,184,2500560,0.0,0.0,0.0,1.0,,,,
3129,184,1250464,0.0,0.0,0.0,1.0,,,,
3130,184,625600,0.0,0.0,0.0,1.0,,,,
3131,184,313168,9.313054064617298e-207,0.0,9.313054064617298e-207,1.0,,,,
3132,184,156768,5.531119059826203e-90,4.251436237706155e-90,-1.4624935512004226e-90,1.0,,,,
3133,184,78752,8.605304367171987e-41,5.168039764985956e-41,1.0387895377008988e-42,1.0,,,,
3134,184,39744,1.6995639310827781e-19,5.88541421249604e-20,7.314132931271797e-20,1.0,,,,
3135,184,20240,1.4315193969264544e-09,4.3725066801285435e-10,7.12242048045309e-10,1.0,,,,
3136,184,10304,4.7125822742792426e-05,1.7248850157433895e-06,4.428838689189455e-05,1.0,,,,
3137,184,5520,0.006986913176598083,0.0002686591597027491,0.006544968858887061,1.0,,,,
3138,184,2944,0.0783382874832404,0.0012594602916391896,0.07626647530349392,1.0,,,,
3139,184,1840,0.19593178107957387,0.002602228207600557,0.19165111567807097,1.0,,,,
3140,184,1104,0.3515799027525466,0.0036398098746104825,0.3455924155088123,1.0,,,,
3141,184,736,0.467278798129836,0.002251364187759239,0.4635753040409721,1.0,,,,
3142,185,370,0.6043200923523843,0.0021634786486881457,0.6007611699752923,1.0,,,,
3143,186,372,0.5970146085018467,0.0017670272709346371,0.5941078486411593,1.0,,,,
3144,187,374,0.5888448427905442,0.0025325128557015715,0.5846788591429151,1.0,,,,
3145,188,376,0.5797400333520851,0.0018203324829648689,0.5767455864176079,1.0,,,,
3146,189,378,0.5697167224139211,0.0022639226435132533,0.5659925696653418,1.0,,,,
3147,190,380,0.5595213551691975,0.0026531096370893507,0.5551569898161856,1.0,,,,
3148,191,382,0.5472931118131072,0.0012926383486037826,0.5451667217296541,1.0,,,,
3149,192,384,0.5342737193231901,0.0030423241631378135,0.5292690960748284,1.0,,,,
3150,193,386,0.5206776564891684,0.0018451854355796785,0.5176423264476399,1.0,,,,
3151,194,388,0.5041222016887745,0.0025629797864991657,0.4999060999399834,1.0,,,,
3152,195,390,0.48534804281868127,0.0040278857956084334,0.4787221706849054,1.0,,,,
3153,196,392,0.46886245439791174,0.003906411950175949,0.4624364067398723,1.0,,,,
3154,197,394,0.4454622401576903,0.0023583687516706654,0.44158272356119205,1.0,,,,
3155,198,396,0.41920195857769027,0.0034762844467846293,0.41348347066272956,1.0,,,,
3156,199,398,0.39178272733336417,0.001876829557148876,0.38869534271185424,1.0,,,,
3157,200,400,0.37576536674374933,0.0038395869200480905,0.3694492462602702,1.0,,,,
3158,201,402,0.3711234121592325,0.003621926320860792,0.3651653433614165,1.0,,,,
3159,202,404,0.36648775305341025,0.0027709770907241595,0.361929495739169,1.0,,,,
3160,203,406,0.3619558184686641,0.0037959633839469483,0.3557114587020714,1.0,,,,
3161,204,408,0.35885613777597747,0.004241099710543087,0.3518795287521341,1.0,,,,
3162,205,410,0.35266759490003197,0.0043693944472956,0.3454799410342307,1.0,,,,
3163,206,412,0.3502859932618064,0.00358238246657228,0.34439297410429504,1.0,,,,
3164,207,414,0.3456700077257916,0.003974529924451714,0.33913190600006854,1.0,,,,
3165,208,416,0.34213607677383284,0.004404903209289335,0.3348900109945519,1.0,,,,
3166,209,418,0.33740985862465,0.004044159791426436,0.3307572157677535,1.0,,,,
3167,210,420,0.33331536142798546,0.00439336153331427,0.3260882817056835,1.0,,,,
3168,211,422,0.32630524710683945,0.0026233827570065127,0.32198978247156373,1.0,,,,
3169,212,424,0.3227234349614612,0.0035263965999809133,0.3169225125544926,1.0,,,,
3170,213,426,0.31590086842458714,0.004069431717621535,0.30920665324909974,1.0,,,,
3171,214,428,0.3133944936457447,0.003767954616687091,0.3071962083012944,1.0,,,,
3172,215,430,0.30994047432148186,0.0031775163112433813,0.3047134599894865,1.0,,,,
3173,216,432,0.3032367196495141,0.003596020136848737,0.29732126652439794,1.0,,,,
3174,217,434,0.29831598328843556,0.004098155813615844,0.2915745169750375,1.0,,,,
3175,218,436,0.296573787195599,0.003941678838604283,0.29008972550609496,1.0,,,,
3176,219,438,0.28842583008327327,0.003017131307974931,0.2834626490816545,1.0,,,,
3177,220,440,0.28485473847333476,0.0031484535344913868,0.27967553240909643,1.0,,,,
3178,221,442,0.2815868521748037,0.0030887989470626425,0.2765057779068857,1.0,,,,
3179,222,444,0.2784071006446235,0.0032965711541123933,0.2729842410961086,1.0,,,,
3180,223,446,0.27074734802024913,0.004312276798848064,0.26365365268614405,1.0,,,,
3181,224,448,0.26665893843378635,0.004545495913602717,0.25918159765590987,1.0,,,,
3182,225,450,0.2588477871903475,0.0038235371874469244,0.2525580685169973,1.0,,,,
3183,226,452,0.2515429617144812,0.005010930696597799,0.24329998071857784,1.0,,,,
3184,227,454,0.24817070492584822,0.004483557244166046,0.24079525325919507,1.0,,,,
3185,228,456,0.24626253888077193,0.003467954251834841,0.24055775413650363,1.0,,,,
3186,229,458,0.2385546313229805,0.0040494206827235806,0.2318933342999002,1.0,,,,
3187,230,460,0.23542668291099894,0.004166368204509769,0.22857300721458038,1.0,,,,
3188,231,462,0.2279857101421673,0.003800515156614722,0.2217338627095361,1.0,,,,
3189,232,464,0.22225245519539788,0.003143130797613043,0.21708200503332442,1.0,,,,
3190,233,466,0.21865078482443873,0.004716429367137012,0.21089225851549834,1.0,,,,
3191,234,468,0.21132997807349133,0.0034260081060384627,0.20569419473905806,1.0,,,,
3192,235,470,0.21085886768708567,0.003330789216176614,0.20537971942647515,1.0,,,,
3193,236,472,0.20336381422163446,0.0034490097707370135,0.19769019314877206,1.0,,,,
3194,237,474,0.1961352163702834,0.002891371092964729,0.1913789109223564,1.0,,,,
3195,238,476,0.1914772640402886,0.0037463340937722044,0.18531454445603332,1.0,,,,
3196,239,478,0.18762441853674733,0.003523640527150927,0.18182802986958405,1.0,,,,
3197,240,480,0.17991235826906052,0.003812048348884505,0.1736415387351455,1.0,,,,
3198,241,482,0.17669966981655194,0.0026139994962861854,0.17239964064516117,1.0,,,,
3199,242,484,0.1708904577827888,0.0029739027699086655,0.16599838772628905,1.0,,,,
3200,243,486,0.1656021091864979,0.004575717568321808,0.15807505378660852,1.0,,,,
3201,244,488,0.16227339324493534,0.0024796513950022495,0.15819436670015663,1.0,,,,
3202,245,490,0.15569517284546824,0.002355732549155379,0.15181999280210765,1.0,,,,
3203,246,492,0.14934456010908362,0.004091851841630404,0.1426134638296016,1.0,,,,
3204,247,494,0.14570974987331559,0.002858768410704327,0.14100707583770697,1.0,,,,
3205,248,496,0.14077121348602611,0.0030346873742706864,0.13577915275535082,1.0,,,,
3206,249,498,0.1359087745031314,0.0035508157322820593,0.13006768262352741,1.0,,,,
3207,250,500,0.130444990383891,0.0026529320621106705,0.12608091714171896,1.0,,,,
3208,251,502,0.12428592060302764,0.003034791148910904,0.1192936891630692,1.0,,,,
3209,252,504,0.1201788858574121,0.0027220015877028325,0.11570119324564093,1.0,,,,
3210,253,506,0.11426669393722202,0.0022348410694457295,0.1105903803779838,1.0,,,,
3211,254,508,0.11047737485164288,0.002076072177554677,0.10706223611956545,1.0,,,,
3212,255,510,0.10527284009877569,0.0023047895016476395,0.10148146136856533,1.0,,,,
3213,256,512,0.10303301588846023,0.003598984256593432,0.09711268678636403,1.0,,,,
3214,257,514,0.09585153276580698,0.00289861964065299,0.0910833034569328,1.0,,,,
3215,258,516,0.09055536986773441,0.002315720419548555,0.08674600977757703,1.0,,,,
3216,259,518,0.08710442766553687,0.0016671252715679836,0.08436200659380753,1.0,,,,
3217,260,520,0.08175098979276005,0.002721403134886229,0.0772742816358722,1.0,,,,
3218,261,522,0.07805445271945344,0.0020084423845852482,0.07475056499681071,1.0,,,,
3219,262,524,0.07201941610124378,0.0017970119198668659,0.06906333149306279,1.0,,,,
3220,263,526,0.06983576040173751,0.001960275702316379,0.06661110687142707,1.0,,,,
3221,264,528,0.06478534860725037,0.0029463192104612996,0.05993865350604153,1.0,,,,
3222,265,530,0.06020004619696677,0.0017391505810605717,0.05733914349112213,1.0,,,,
3223,266,532,0.05798921936118077,0.00135572554053838,0.05575905084699513,1.0,,,,
3224,267,534,0.052680173040108115,0.0014239045658107426,0.05033785002934944,1.0,,,,
3225,268,536,0.049348458093069494,0.0013400855045223369,0.04714401743813025,1.0,,,,
3226,269,538,0.045201418930528446,0.0012331361988856854,0.04317290988336149,1.0,,,,
3227,270,540,0.04103101629419434,0.001604151915121822,0.038392186393818944,1.0,,,,
3228,271,542,0.038072921581411553,0.0015445450684482631,0.03553214494381416,1.0,,,,
3229,272,544,0.03518052650413545,0.0011621308968103484,0.03326882117888243,1.0,,,,
3230,273,546,0.03221181227589533,0.0016711495036353695,0.029462771342415144,1.0,,,,
3231,274,548,0.028709810243496715,0.000763990359631455,0.02745304610190297,1.0,,,,
3232,275,550,0.025282069767917897,0.0005369512406631848,0.02439878497702696,1.0,,,,
3233,276,552,0.02307364967786467,0.0005897151345658171,0.0221035682815039,1.0,,,,
3234,277,554,0.020891465900370436,0.0008214042433058896,0.019540255920132248,1.0,,,,
3235,278,556,0.01820455621140461,0.0007510508684936984,0.016969077532732475,1.0,,,,
3236,279,558,0.015843705077061766,0.0007695900957657289,0.014577729369527143,1.0,,,,
3237,280,560,0.013592951554387639,0.0009046801383880239,0.012104752726739339,1.0,,,,
3238,281,562,0.011932310185202313,0.00045262008936148776,0.011187750138202666,1.0,,,,
3239,282,564,0.010259182267883648,0.0005421158888892281,0.009367401630660868,1.0,,,,
3240,283,566,0.00831231555883984,0.0004337319423229118,0.00759882651371865,1.0,,,,
3241,284,568,0.0067698640879903,0.0003614249184837289,0.006175320097084566,1.0,,,,
3242,285,570,0.005813298228297001,0.0003986723204016345,0.005157482261236312,1.0,,,,
3243,286,572,0.00460424348423647,0.00036587298964605743,0.004002382416268706,1.0,,,,
3244,287,574,0.003590518075829021,0.0002013708216563649,0.0032592630742043008,1.0,,,,
3245,288,576,0.002844200089419934,0.00015919185712797278,0.002582329484444419,1.0,,,,
3246,289,578,0.00226271088631335,0.00012954844043351805,0.002049603701800213,1.0,,,,
3247,290,580,0.0015859234148795389,0.0001286711272385802,0.0013742594105720745,1.0,,,,
3248,291,582,0.0011500431728781386,8.994722078386805e-05,0.0010020799946886755,1.0,,,,
3249,292,584,0.0008507978581054397,0.00010625517752733091,0.0006760080910729804,1.0,,,,
3250,293,586,0.0005421745015719966,3.162547399803601e-05,0.0004901505968452274,1.0,,,,
3251,294,588,0.00037102696262298663,3.2121137743801736e-05,0.0003181876910344328,1.0,,,,
3252,295,590,0.00022257857141731092,2.3519171506410036e-05,0.0001838895342892664,1.0,,,,
3253,296,592,0.000131838000963659,1.1428469497037156e-05,0.00011303816864103288,1.0,,,,
3254,297,594,8.849870566559283e-05,6.9783142989757215e-06,7.701937864377777e-05,1.0,,,,
3255,298,596,7.53810460267196e-05,8.364497312522993e-06,6.162144794761928e-05,1.0,,,,
3256,299,598,7.053252978383565e-05,5.6836045629080154e-06,6.118300027785196e-05,1.0,,,,
3257,300,600,6.962108462684678e-05,6.242524591191592e-06,5.935213167433661e-05,1.0,,,,
