{"loss": [23939.1171875, 9560.57421875, 8221.8876953125, 7827.8515625, 7396.3515625, 6910.74658203125, 6801.91357421875, 6961.56640625, 6631.90576171875, 6665.2138671875, 6412.44384765625, 6546.5537109375, 6808.51513671875, 6642.2060546875, 6458.79931640625, 6513.7880859375, 6491.390625, 7137.85302734375, 6307.85302734375, 6278.71923828125, 6373.43505859375, 6660.69091796875, 6159.27294921875, 6487.072265625, 6269.82373046875, 6012.1357421875, 6293.8916015625, 6303.82861328125], "val_loss": [12271.9765625, 6652.49462890625, 5883.74658203125, 5431.96630859375, 5215.09423828125, 5075.640625, 5001.50244140625, 4961.84521484375, 5007.333984375, 4826.279296875, 4832.91015625, 4774.99609375, 4748.0751953125, 4760.7587890625, 4841.0185546875, 4768.392578125, 4782.2958984375, 4710.68701171875, 4725.119140625, 4753.0615234375, 4742.3330078125, 4736.85791015625, 4695.4345703125, 4697.142578125, 4748.05517578125, 4919.02783203125, 4720.9052734375, 4672.07666015625]}