{"loss": [14090.2373046875, 6454.14208984375, 5898.78564453125, 5734.06298828125, 5780.9638671875, 5717.81396484375, 5644.23828125, 5623.896484375, 4901.767578125, 4020.0185546875, 3056.02001953125, 2617.108154296875, 2464.75830078125, 2270.8564453125, 1973.57666015625, 1815.7626953125, 1503.2779541015625, 1297.3458251953125, 1078.279296875, 865.3487548828125, 736.2200927734375, 637.1009521484375, 606.8696899414062, 489.2792053222656, 415.0083923339844, 386.04852294921875, 349.8962097167969, 296.7725524902344, 276.7195739746094, 249.70846557617188, 229.7258758544922, 192.34686279296875, 161.49017333984375, 158.75732421875, 149.18580627441406, 175.81698608398438, 139.15261840820312, 127.9322738647461, 98.19309997558594, 104.52607727050781, 135.55384826660156, 162.62942504882812, 125.39791107177734, 96.0918197631836, 81.71781921386719, 70.88142395019531, 81.92505645751953, 97.6415786743164, 127.36124420166016, 92.33415985107422, 96.1175537109375, 84.5298843383789, 116.49127960205078], "val_loss": [7653.173828125, 5091.5908203125, 4758.669921875, 5071.96630859375, 4658.9794921875, 4694.47216796875, 4866.62744140625, 4528.306640625, 4535.35986328125, 3417.36572265625, 3119.521728515625, 3136.952880859375, 2582.01416015625, 2522.513671875, 2301.03076171875, 1939.1519775390625, 1906.079833984375, 1785.5859375, 1579.0799560546875, 1464.3876953125, 1318.902099609375, 1280.8184814453125, 1248.61083984375, 1283.650390625, 1178.5706787109375, 1182.08837890625, 1122.4039306640625, 1079.6688232421875, 1044.7607421875, 1018.4915161132812, 1017.066162109375, 1010.0084838867188, 965.529052734375, 1031.6865234375, 980.272705078125, 1000.9474487304688, 1016.8800048828125, 932.0455932617188, 951.5757446289062, 943.0006103515625, 956.3063354492188, 957.42333984375, 904.0984497070312, 956.6139526367188, 892.3944702148438, 883.9263305664062, 930.1622314453125, 922.1557006835938, 914.7080688476562, 921.4515991210938, 881.8500366210938, 855.0806884765625, 953.0931396484375]}