{"loss": [20199.748046875, 7996.9482421875, 6936.12548828125, 6364.00634765625, 6103.7529296875, 6009.79541015625, 5849.71337890625, 5881.88134765625, 5804.84033203125, 5799.41943359375, 5898.99267578125, 5755.53076171875, 5735.43701171875, 5520.474609375, 5721.27490234375, 5489.04296875, 5497.1005859375, 5676.458984375, 5556.244140625, 5534.97265625, 5246.673828125, 5459.447265625, 5399.50146484375, 5602.51220703125, 5498.8525390625, 5286.1689453125, 5218.32861328125, 5307.052734375, 5377.28955078125, 5316.001953125, 5196.66015625, 5255.13623046875, 5439.5322265625, 5227.7373046875, 5215.291015625, 5249.42333984375, 5257.044921875, 5205.86279296875, 4931.193359375, 5067.43896484375], "val_loss": [9803.845703125, 8268.912109375, 7540.86083984375, 7286.9189453125, 6993.2158203125, 6868.26806640625, 6996.712890625, 7114.0234375, 6747.91162109375, 7177.26611328125, 6877.32080078125, 6664.02978515625, 6910.158203125, 6890.314453125, 7080.61181640625, 6822.515625, 6752.193359375, 6632.083984375, 6764.892578125, 6602.173828125, 6522.2158203125, 6776.59619140625, 6546.2431640625, 6603.94287109375, 6744.953125, 6705.69775390625, 6529.54736328125, 6560.02197265625, 6731.0634765625, 6436.83251953125, 6758.3818359375, 6419.47412109375, 7037.04150390625, 6528.8505859375, 6580.1640625, 6534.4140625, 6718.123046875, 6656.07763671875, 6471.83056640625, 6597.27880859375]}