{"loss": [13283.96875, 5465.73046875, 5213.3466796875, 5039.8134765625, 5036.8828125, 4968.71435546875, 4903.18701171875, 4910.95458984375, 4886.15771484375, 4912.6484375, 4936.94873046875, 4832.24462890625, 4833.5546875, 4735.59912109375, 4770.60791015625, 4319.46435546875, 4379.38134765625, 3665.06884765625, 2523.2021484375, 1976.5888671875, 1625.299560546875, 1340.401611328125, 1220.59326171875, 1055.1759033203125, 972.5224609375, 790.2815551757812, 687.267578125, 588.7119750976562, 488.8974609375, 418.7882080078125, 420.6429138183594, 339.90374755859375, 291.9486083984375, 249.77659606933594, 241.67637634277344, 205.8215789794922, 188.63427734375, 169.0682373046875, 144.08273315429688, 143.20167541503906, 170.23577880859375, 125.13140106201172, 116.69189453125], "val_loss": [7331.56689453125, 6721.72265625, 6535.83740234375, 6392.60546875, 6452.4775390625, 6506.08251953125, 6178.81884765625, 6288.7626953125, 6379.43896484375, 6376.44970703125, 6301.0263671875, 6229.236328125, 6259.7705078125, 7009.0380859375, 5222.2060546875, 4727.1728515625, 5088.1943359375, 3586.43798828125, 2887.847900390625, 2627.117919921875, 2240.921142578125, 1990.5867919921875, 1739.2740478515625, 1718.797607421875, 1637.496826171875, 1468.126953125, 1280.3773193359375, 1154.7144775390625, 1124.94287109375, 1254.0078125, 1123.6036376953125, 1101.1263427734375, 1040.111083984375, 1031.017333984375, 1061.6478271484375, 1084.9974365234375, 1026.464599609375, 1001.6307983398438, 1008.0870971679688, 1077.52783203125, 1027.8631591796875, 1002.90966796875, 1024.651123046875]}