{"loss": [18522.908203125, 7818.70263671875, 6791.85400390625, 6070.77294921875, 5919.1962890625, 5803.0146484375, 5736.267578125, 5432.67626953125, 5400.6767578125, 5506.3720703125, 5418.47216796875, 5446.50537109375, 5337.41015625, 5461.22216796875, 5090.72119140625, 5160.28271484375, 5129.79736328125, 5245.994140625, 5160.0078125, 5033.2666015625, 4940.33251953125, 4977.1572265625, 4898.92626953125, 5066.26806640625, 4747.51171875, 4711.05615234375, 4721.103515625, 4796.26953125, 4746.22802734375, 4599.24462890625, 4708.98828125, 4671.07861328125, 4457.85107421875, 4583.5986328125, 4463.17333984375, 4526.9189453125, 4366.5556640625, 4443.39453125, 4604.876953125, 4344.97021484375, 4489.62353515625, 4320.70556640625], "MSE": [18522.908203125, 7818.70263671875, 6791.85400390625, 6070.77294921875, 5919.1962890625, 5803.0146484375, 5736.267578125, 5432.67626953125, 5400.6767578125, 5506.3720703125, 5418.47216796875, 5446.50537109375, 5337.41015625, 5461.22216796875, 5090.72119140625, 5160.28271484375, 5129.79736328125, 5245.994140625, 5160.0078125, 5033.2666015625, 4940.33251953125, 4977.1572265625, 4898.92626953125, 5066.26806640625, 4747.51171875, 4711.05615234375, 4721.103515625, 4796.26953125, 4746.22802734375, 4599.24462890625, 4708.98828125, 4671.07861328125, 4457.85107421875, 4583.5986328125, 4463.17333984375, 4526.9189453125, 4366.5556640625, 4443.39453125, 4604.876953125, 4344.97021484375, 4489.62353515625, 4320.70556640625], "val_loss": [8640.2236328125, 6880.203125, 6298.28271484375, 5752.1865234375, 5560.11181640625, 5526.078125, 5516.255859375, 5352.26318359375, 5321.69482421875, 5289.1806640625, 5339.35693359375, 5522.3017578125, 5298.13232421875, 5202.060546875, 5229.9873046875, 5128.4365234375, 5129.98095703125, 5092.509765625, 5095.5283203125, 5131.01171875, 5177.3896484375, 5172.83935546875, 4962.7275390625, 5372.35595703125, 4983.369140625, 4865.9990234375, 5091.5849609375, 4905.8974609375, 5139.86962890625, 4939.9658203125, 4996.45068359375, 4756.25537109375, 4752.94287109375, 4767.36767578125, 4762.1728515625, 4791.41015625, 4890.8173828125, 4735.77392578125, 4920.93505859375, 4722.04345703125, 4956.4931640625, 4913.48095703125], "val_MSE": [8640.2236328125, 6880.203125, 6298.28271484375, 5752.1865234375, 5560.11181640625, 5526.078125, 5516.255859375, 5352.26318359375, 5321.69482421875, 5289.1806640625, 5339.35693359375, 5522.3017578125, 5298.13232421875, 5202.060546875, 5229.9873046875, 5128.4365234375, 5129.98095703125, 5092.509765625, 5095.5283203125, 5131.01171875, 5177.3896484375, 5172.83935546875, 4962.7275390625, 5372.35595703125, 4983.369140625, 4865.9990234375, 5091.5849609375, 4905.8974609375, 5139.86962890625, 4939.9658203125, 4996.45068359375, 4756.25537109375, 4752.94287109375, 4767.36767578125, 4762.1728515625, 4791.41015625, 4890.8173828125, 4735.77392578125, 4920.93505859375, 4722.04345703125, 4956.4931640625, 4913.48095703125]}