{"loss": [13074.578125, 5613.62890625, 5241.47412109375, 5207.79150390625, 5204.544921875, 5054.05517578125, 5010.94921875, 4409.32861328125, 3577.9130859375, 2838.71826171875, 2586.168701171875, 2407.6435546875, 2208.170166015625, 1720.6678466796875, 1445.5802001953125, 1117.101318359375, 922.719970703125, 796.6834106445312, 637.23779296875, 576.4639282226562, 464.895751953125, 394.9500732421875, 352.37823486328125, 290.5758972167969, 262.13616943359375, 212.76068115234375, 202.39230346679688, 201.67527770996094, 176.0778045654297, 141.17117309570312, 125.63329315185547, 127.10346984863281, 114.29055786132812, 110.16459655761719, 97.7187728881836, 104.11939239501953, 106.70245361328125, 91.33289337158203, 89.33167266845703, 89.85613250732422, 80.20677947998047, 86.48615264892578, 88.49224853515625, 74.9412841796875, 80.29805755615234], "val_loss": [7012.79052734375, 5412.1181640625, 5346.0087890625, 5967.0478515625, 5299.7431640625, 5229.95947265625, 4979.96728515625, 4070.163818359375, 3523.954833984375, 3149.42041015625, 2788.982666015625, 3009.876708984375, 2446.382568359375, 1766.3419189453125, 1721.37158203125, 1447.6982421875, 1316.357421875, 1217.8328857421875, 1169.9366455078125, 1167.1451416015625, 1038.4842529296875, 985.554931640625, 994.9063720703125, 982.0467529296875, 894.3890380859375, 899.7935180664062, 909.8176879882812, 858.5225830078125, 889.3433227539062, 847.9203491210938, 829.8470458984375, 799.342529296875, 833.384521484375, 810.8387451171875, 772.4760131835938, 761.826904296875, 804.2994384765625, 812.677734375, 771.548095703125, 791.9345703125, 790.6719360351562, 734.8159790039062, 778.3562622070312, 751.4259033203125, 763.225830078125]}