,width,size,polarization,pol_std_dev,pol_95%_ci_lower,pol_95%_ci_upper,quops_rate,quops_rate_std_dev,raw_quops_rate,raw_quops_rate_std_dev
0,4,6856,0.6065805272675355,0,0.6065805272675355,1.0,,,,
1,5,6850,0.6067965592901196,0,0.6067965592901196,1.0,,,,
2,6,6852,0.6067245429348305,0,0.6067245429348305,1.0,,,,
3,7,6846,0.6069406090434257,0,0.6069406090434257,1.0,,,,
4,8,6848,0.6068685813263041,0,0.6068685813263041,1.0,,,,
5,9,6840,0.6071567262781296,0,0.6071567262781296,1.0,,,,
6,10,6840,0.6071567262781296,0,0.6071567262781296,1.0,,,,
7,11,6842,0.6070846815194141,0,0.6070846815194141,1.0,,,,
8,12,6840,0.6071567262781296,0,0.6071567262781296,1.0,,,,
9,13,6838,0.607228776716814,0,0.607228776716814,1.0,,,,
10,14,6832,0.6074449621138496,0,0.6074449621138496,1.0,,,,
11,15,6840,0.6071567262781296,0,0.6071567262781296,1.0,,,,
12,16,6848,0.6068685813263041,0,0.6068685813263041,1.0,,,,
13,17,6834,0.6073728946350035,0,0.6073728946350035,1.0,,,,
14,18,6840,0.6071567262781296,0,0.6071567262781296,1.0,,,,
15,19,6840,0.6071567262781296,0,0.6071567262781296,1.0,,,,
16,20,6840,0.6071567262781296,0,0.6071567262781296,1.0,,,,
17,21,6846,0.6069406090434257,0,0.6069406090434257,1.0,,,,
18,22,6820,0.607877486255637,0,0.607877486255637,1.0,,,,
19,23,6854,0.6066525322604143,0,0.6066525322604143,1.0,,,,
20,24,6816,0.608021706402005,0,0.608021706402005,1.0,,,,
21,25,6850,0.6067965592901196,0,0.6067965592901196,1.0,,,,
22,26,6812,0.6081659492622721,0,0.6081659492622721,1.0,,,,
23,27,6804,0.6084545031209787,0,0.6084545031209787,1.0,,,,
24,28,6832,0.6074449621138496,0,0.6074449621138496,1.0,,,,
25,29,6844,0.6070126424412131,0,0.6070126424412131,1.0,,,,
26,30,6840,0.6071567262781296,0,0.6071567262781296,1.0,,,,
27,31,6820,0.607877486255637,0,0.607877486255637,1.0,,,,
28,32,6848,0.6068685813263041,0,0.6068685813263041,1.0,,,,
29,33,6798,0.6086709781313991,0,0.6086709781313991,1.0,,,,
30,34,6800,0.608598814117299,0,0.608598814117299,1.0,,,,
31,35,6790,0.6089596909587313,0,0.6089596909587313,1.0,,,,
32,36,6840,0.6071567262781296,0,0.6071567262781296,1.0,,,,
33,37,6808,0.6083102148358912,0,0.6083102148358912,1.0,,,,
34,38,6840,0.6071567262781296,0,0.6071567262781296,1.0,,,,
35,39,6786,0.6091040814329362,0,0.6091040814329362,1.0,,,,
36,40,6800,0.608598814117299,0,0.608598814117299,1.0,,,,
37,41,6806,0.6083823561393993,0,0.6083823561393993,1.0,,,,
38,42,6804,0.6084545031209787,0,0.6084545031209787,1.0,,,,
39,43,6794,0.6088153231911894,0,0.6088153231911894,1.0,,,,
40,44,6776,0.6094651569513886,0,0.6094651569513886,1.0,,,,
41,45,6840,0.6071567262781296,0,0.6071567262781296,1.0,,,,
42,46,6808,0.6083102148358912,0,0.6083102148358912,1.0,,,,
43,47,6768,0.6097541195274898,0,0.6097541195274898,1.0,,,,
44,48,6816,0.608021706402005,0,0.608021706402005,1.0,,,,
45,49,6762,0.60997090104702,0,0.60997090104702,1.0,,,,
46,50,6800,0.608598814117299,0,0.608598814117299,1.0,,,,
47,51,6834,0.6073728946350035,0,0.6073728946350035,1.0,,,,
48,52,6760,0.6100431729025698,0,0.6100431729025698,1.0,,,,
49,53,6784,0.6091762851847442,0,0.6091762851847442,1.0,,,,
50,54,6804,0.6084545031209787,0,0.6084545031209787,1.0,,,,
51,55,6820,0.607877486255637,0,0.607877486255637,1.0,,,,
52,56,6832,0.6074449621138496,0,0.6074449621138496,1.0,,,,
53,57,6840,0.6071567262781296,0,0.6071567262781296,1.0,,,,
54,58,6844,0.6070126424412131,0,0.6070126424412131,1.0,,,,
55,59,6844,0.6070126424412131,0,0.6070126424412131,1.0,,,,
56,60,6840,0.6071567262781296,0,0.6071567262781296,1.0,,,,
57,61,6832,0.6074449621138496,0,0.6074449621138496,1.0,,,,
58,62,6820,0.607877486255637,0,0.607877486255637,1.0,,,,
59,63,6804,0.6084545031209787,0,0.6084545031209787,1.0,,,,
60,64,6784,0.6091762851847442,0,0.6091762851847442,1.0,,,,
61,65,6760,0.6100431729025698,0,0.6100431729025698,1.0,,,,
62,66,6732,0.611055574614723,0,0.611055574614723,1.0,,,,
63,67,6834,0.6073728946350035,0,0.6073728946350035,1.0,,,,
64,68,6800,0.608598814117299,0,0.608598814117299,1.0,,,,
65,69,6762,0.60997090104702,0,0.60997090104702,1.0,,,,
66,70,6720,0.6114898014140595,0,0.6114898014140595,1.0,,,,
67,71,6816,0.608021706402005,0,0.608021706402005,1.0,,,,
68,72,6768,0.6097541195274898,0,0.6097541195274898,1.0,,,,
69,73,6716,0.6116345890512299,0,0.6116345890512299,1.0,,,,
70,74,6808,0.6083102148358912,0,0.6083102148358912,1.0,,,,
71,75,6750,0.6104046172928292,0,0.6104046172928292,1.0,,,,
72,76,6840,0.6071567262781296,0,0.6071567262781296,1.0,,,,
73,77,6776,0.6094651569513886,0,0.6094651569513886,1.0,,,,
74,78,6708,0.6119242323732165,0,0.6119242323732165,1.0,,,,
75,79,6794,0.6088153231911894,0,0.6088153231911894,1.0,,,,
76,80,6720,0.6114898014140595,0,0.6114898014140595,1.0,,,,
77,81,6804,0.6083058960616652,0,0.6083058960616652,1.0,,,,
78,82,6724,0.6100354729750121,0,0.6100354729750121,1.0,,,,
79,83,6640,0.6119405154746103,0,0.6119405154746103,1.0,,,,
80,84,6720,0.6078558803680443,0,0.6078558803680443,1.0,,,,
81,85,6630,0.6100035583446635,0,0.6100035583446635,1.0,,,,
82,86,6536,0.6123342865724121,0,0.6123342865724121,1.0,,,,
83,87,6612,0.6083669216653914,0,0.6083669216653914,1.0,,,,
84,88,6512,0.610950191823683,0,0.610950191823683,1.0,,,,
85,89,6586,0.6070374003545682,0,0.6070374003545682,1.0,,,,
86,90,6480,0.6098790430889424,0,0.6098790430889424,1.0,,,,
87,91,6370,0.6129170741384249,0,0.6129170741384249,1.0,,,,
88,92,6440,0.6091282470896819,0,0.6091282470896819,1.0,,,,
89,93,6324,0.6124360938555987,0,0.6124360938555987,1.0,,,,
90,94,6392,0.6087055669812655,0,0.6087055669812655,1.0,,,,
91,95,6270,0.6122899817518052,0,0.6122899817518052,1.0,,,,
92,96,6336,0.6086191530954008,0,0.6086191530954008,1.0,,,,
93,97,6208,0.6124872552270038,0,0.6124872552270038,1.0,,,,
94,98,6272,0.6088775745729825,0,0.6088775745729825,1.0,,,,
95,99,6138,0.613036873904609,0,0.613036873904609,1.0,,,,
96,100,6200,0.6094898518985582,0,0.6094898518985582,1.0,,,,
97,101,6060,0.6139482726494134,0,0.6139482726494134,1.0,,,,
98,102,6120,0.6104654903049628,0,0.6104654903049628,1.0,,,,
99,103,6180,0.6069724102021761,0,0.6069724102021761,1.0,,,,
100,104,6032,0.6118145140106962,0,0.6118145140106962,1.0,,,,
101,105,6090,0.6083874246718765,0,0.6083874246718765,1.0,,,,
102,106,5936,0.6135475011936194,0,0.6135475011936194,1.0,,,,
103,107,5992,0.6101881431472328,0,0.6101881431472328,1.0,,,,
104,108,6048,0.6068188525911812,0,0.6068188525911812,1.0,,,,
105,109,5886,0.6123858368650293,0,0.6123858368650293,1.0,,,,
106,110,5940,0.6090861790907741,0,0.6090861790907741,1.0,,,,
107,111,5772,0.6149924140989865,0,0.6149924140989865,1.0,,,,
108,112,5824,0.611764340816888,0,0.611764340816888,1.0,,,,
109,113,5876,0.6085266180109555,0,0.6085266180109555,1.0,,,,
110,114,5700,0.6148660490473102,0,0.6148660490473102,1.0,,,,
111,115,5750,0.6117020254815853,0,0.6117020254815853,1.0,,,,
112,116,5800,0.6085285513762289,0,0.6085285513762289,1.0,,,,
113,117,5616,0.6153166340231953,0,0.6153166340231953,1.0,,,,
114,118,5664,0.612219099419276,0,0.612219099419276,1.0,,,,
115,119,5712,0.6091122893104672,0,0.6091122893104672,1.0,,,,
116,120,5520,0.6163655782200931,0,0.6163655782200931,1.0,,,,
117,121,5566,0.613337094531751,0,0.613337094531751,1.0,,,,
118,122,5612,0.6102994891825184,0,0.6102994891825184,1.0,,,,
119,123,5658,0.6072529079518016,0,0.6072529079518016,1.0,,,,
120,124,5456,0.6150789982164703,0,0.6150789982164703,1.0,,,,
121,125,5500,0.6121132892921015,0,0.6121132892921015,1.0,,,,
122,126,5544,0.6091387300816133,0,0.6091387300816133,1.0,,,,
123,127,5334,0.6174693900488806,0,0.6174693900488806,1.0,,,,
124,128,5376,0.6145784472465625,0,0.6145784472465625,1.0,,,,
125,129,5418,0.6116787647187293,0,0.6116787647187293,1.0,,,,
126,130,5460,0.6087704690705337,0,0.6087704690705337,1.0,,,,
127,131,5240,0.6177214822335524,0,0.6177214822335524,1.0,,,,
128,132,5280,0.6148997414362842,0,0.6148997414362842,1.0,,,,
129,133,5320,0.612069476595818,0,0.612069476595818,1.0,,,,
130,134,5360,0.6092308051799394,0,0.6092308051799394,1.0,,,,
131,135,5130,0.6188303275100507,0,0.6188303275100507,1.0,,,,
132,136,5168,0.6160813922699524,0,0.6160813922699524,1.0,,,,
133,137,5206,0.6133241218672303,0,0.6133241218672303,1.0,,,,
134,138,5244,0.6105586246851292,0,0.6105586246851292,1.0,,,,
135,139,5282,0.60778500974588,0,0.60778500974588,1.0,,,,
136,140,5040,0.6181649524297262,0,0.6181649524297262,1.0,,,,
137,141,5076,0.6154844882467619,0,0.6154844882467619,1.0,,,,
138,142,5112,0.6127959545407978,0,0.6127959545407978,1.0,,,,
139,143,5148,0.6100994512812007,0,0.6100994512812007,1.0,,,,
140,144,5184,0.6073950790415932,0,0.6073950790415932,1.0,,,,
141,145,4930,0.6185958205351444,0,0.6185958205351444,1.0,,,,
142,146,4964,0.6159883330020253,0,0.6159883330020253,1.0,,,,
143,147,4998,0.6133730062502314,0,0.6133730062502314,1.0,,,,
144,148,5032,0.6107499318396811,0,0.6107499318396811,1.0,,,,
145,149,5066,0.6081192019036378,0,0.6081192019036378,1.0,,,,
146,150,4800,0.620185194712531,0,0.620185194712531,1.0,,,,
147,151,4832,0.6176554668691274,0,0.6176554668691274,1.0,,,,
148,152,4864,0.6151180999790719,0,0.6151180999790719,1.0,,,,
149,153,4896,0.6125731772091045,0,0.6125731772091045,1.0,,,,
150,154,4928,0.6100207822673482,0,0.6100207822673482,1.0,,,,
151,155,4960,0.6074609993999506,0,0.6074609993999506,1.0,,,,
152,156,4680,0.6205541594308536,0,0.6205541594308536,1.0,,,,
153,157,4710,0.6180998747184724,0,0.6180998747184724,1.0,,,,
154,158,4740,0.6156382016061801,0,0.6156382016061801,1.0,,,,
155,159,4770,0.6131692154050964,0,0.6131692154050964,1.0,,,,
156,160,4800,0.6106929919343798,0,0.6106929919343798,1.0,,,,
157,161,4830,0.6082096075168077,0,0.6082096075168077,1.0,,,,
158,162,4536,0.6223935888763283,0,0.6223935888763283,1.0,,,,
159,163,4564,0.6200207353580494,0,0.6200207353580494,1.0,,,,
160,164,4592,0.6176407101213026,0,0.6176407101213026,1.0,,,,
161,165,4620,0.6152535805999356,0,0.6152535805999356,1.0,,,,
162,166,4648,0.612859414701501,0,0.612859414701501,1.0,,,,
163,167,4676,0.6104582808053738,0,0.6104582808053738,1.0,,,,
164,168,4704,0.608050247759506,0,0.608050247759506,1.0,,,,
165,169,4394,0.6235191473235419,0,0.6235191473235419,1.0,,,,
166,170,4420,0.6212272403972967,0,0.6212272403972967,1.0,,,,
167,171,4446,0.6189284115106077,0,0.6189284115106077,1.0,,,,
168,172,4472,0.616622720656611,0,0.616622720656611,1.0,,,,
169,173,4498,0.6143102282668538,0,0.6143102282668538,1.0,,,,
170,174,4524,0.6119909952107389,0,0.6119909952107389,1.0,,,,
171,175,4550,0.6096650827917921,0,0.6096650827917921,1.0,,,,
172,176,4576,0.6073325527476243,0,0.6073325527476243,1.0,,,,
173,177,4248,0.6243070582228029,0,0.6243070582228029,1.0,,,,
174,178,4272,0.6220969459594872,0,0.6220969459594872,1.0,,,,
175,179,4296,0.619880180848705,0,0.619880180848705,1.0,,,,
176,180,4320,0.6176568157988797,0,0.6176568157988797,1.0,,,,
177,181,4344,0.6154269041215563,0,0.6154269041215563,1.0,,,,
178,182,4368,0.6131904995297177,0,0.6131904995297177,1.0,,,,
179,183,4392,0.6109476561359564,0,0.6109476561359564,1.0,,,,
180,184,4416,0.6086984284525516,0,0.6086984284525516,1.0,,,,
181,185,4070,0.6272960386128819,0,0.6272960386128819,1.0,,,,
182,186,4092,0.6251764907779361,0,0.6251764907779361,1.0,,,,
183,187,4114,0.6230505215260839,0,0.6230505215260839,1.0,,,,
184,188,4136,0.6209181765932271,0,0.6209181765932271,1.0,,,,
185,189,4158,0.6187795020821546,0,0.6187795020821546,1.0,,,,
186,190,4180,0.6166345444628775,0,0.6166345444628775,1.0,,,,
187,191,4202,0.6144833505699644,0,0.6144833505699644,1.0,,,,
188,192,4224,0.6123259676043008,0,0.6123259676043008,1.0,,,,
189,193,4246,0.610162443129453,0,0.610162443129453,1.0,,,,
190,194,4268,0.6079928250731733,0,0.6079928250731733,1.0,,,,
191,195,3900,0.6286361471003185,0,0.6286361471003185,1.0,,,,
192,196,3920,0.6266045095522268,0,0.6266045095522268,1.0,,,,
193,197,3940,0.6245667336769785,0,0.6245667336769785,1.0,,,,
194,198,3960,0.6225228586498992,0,0.6225228586498992,1.0,,,,
195,199,3980,0.6204729239775136,0,0.6204729239775136,1.0,,,,
196,200,4000,0.6184169694964281,0,0.6184169694964281,1.0,,,,
197,201,4020,0.6163550353733656,0,0.6163550353733656,1.0,,,,
198,202,4040,0.6142871621041801,0,0.6142871621041801,1.0,,,,
199,203,4060,0.6122133905141436,0,0.6122133905141436,1.0,,,,
200,204,4080,0.6101337617565221,0,0.6101337617565221,1.0,,,,
201,205,4100,0.6080483173131357,0,0.6080483173131357,1.0,,,,
202,206,3708,0.6310826780415744,0,0.6310826780415744,1.0,,,,
203,207,3726,0.6291449878631852,0,0.6291449878631852,1.0,,,,
204,208,3744,0.6272014360383936,0,0.6272014360383936,1.0,,,,
205,209,3762,0.6252520553312566,0,0.6252520553312566,1.0,,,,
206,210,3780,0.6232968787998042,0,0.6232968787998042,1.0,,,,
207,211,3798,0.6213359397962164,0,0.6213359397962164,1.0,,,,
208,212,3816,0.6193692719668834,0,0.6193692719668834,1.0,,,,
209,213,3834,0.6173969092515608,0,0.6173969092515608,1.0,,,,
210,214,3852,0.6154188858841874,0,0.6154188858841874,1.0,,,,
211,215,3870,0.613435236391995,0,0.613435236391995,1.0,,,,
212,216,3888,0.611445995596048,0,0.611445995596048,1.0,,,,
213,217,3906,0.6094511986103691,0,0.6094511986103691,1.0,,,,
214,218,3924,0.6074508808424544,0,0.6074508808424544,1.0,,,,
215,219,3504,0.6334532295564935,0,0.6334532295564935,1.0,,,,
216,220,3520,0.6316123253769058,0,0.6316123253769058,1.0,,,,
217,221,3536,0.6297658546201286,0,0.6297658546201286,1.0,,,,
218,222,3552,0.6279138439976367,0,0.6279138439976367,1.0,,,,
219,223,3568,0.6260563204781616,0,0.6260563204781616,1.0,,,,
220,224,3584,0.6241933112878784,0,0.6241933112878784,1.0,,,,
221,225,3600,0.6223248439107557,0,0.6223248439107557,1.0,,,,
222,226,3616,0.6204509460888734,0,0.6204509460888734,1.0,,,,
223,227,3632,0.6185716458221576,0,0.6185716458221576,1.0,,,,
224,228,3648,0.6166869713690913,0,0.6166869713690913,1.0,,,,
225,229,3664,0.6147969512462726,0,0.6147969512462726,1.0,,,,
226,230,3680,0.6129016142289146,0,0.6129016142289146,1.0,,,,
227,231,3696,0.6110009893508587,0,0.6110009893508587,1.0,,,,
228,232,3712,0.6090951059046104,0,0.6090951059046104,1.0,,,,
229,233,3728,0.6071839934413813,0,0.6071839934413813,1.0,,,,
230,234,3276,0.636859926983668,0,0.636859926983668,1.0,,,,
231,235,3290,0.6351225189848995,0,0.6351225189848995,1.0,,,,
232,236,3304,0.6333798435329779,0,0.6333798435329779,1.0,,,,
233,237,3318,0.6316319215070245,0,0.6316319215070245,1.0,,,,
234,238,3332,0.6298787740070996,0,0.6298787740070996,1.0,,,,
235,239,3346,0.6281204223538309,0,0.6281204223538309,1.0,,,,
236,240,3360,0.6263568880894691,0,0.6263568880894691,1.0,,,,
237,241,3374,0.6245881929779339,0,0.6245881929779339,1.0,,,,
238,242,3388,0.6228143590052924,0,0.6228143590052924,1.0,,,,
239,243,3402,0.6210354083803391,0,0.6210354083803391,1.0,,,,
240,244,3416,0.6192513635342686,0,0.6192513635342686,1.0,,,,
241,245,3430,0.6174622471217424,0,0.6174622471217424,1.0,,,,
242,246,3444,0.6156680820206936,0,0.6156680820206936,1.0,,,,
243,247,3458,0.6138688913333489,0,0.6138688913333489,1.0,,,,
244,248,3472,0.6120646983854479,0,0.6120646983854479,1.0,,,,
245,249,3486,0.6102555267276701,0,0.6102555267276701,1.0,,,,
246,250,3500,0.6084414001350648,0,0.6084414001350648,1.0,,,,
247,251,3514,0.606622342608005,0,0.606622342608005,1.0,,,,
248,252,3024,0.6410514533969095,0,0.6410514533969095,1.0,,,,
249,253,3036,0.639424122871816,0,0.639424122871816,1.0,,,,
250,254,3048,0.6377918372974113,0,0.6377918372974113,1.0,,,,
251,255,3060,0.636154612015252,0,0.636154612015252,1.0,,,,
252,256,3072,0.6345124625512503,0,0.6345124625512503,1.0,,,,
253,257,3084,0.6328654046153157,0,0.6328654046153157,1.0,,,,
254,258,3096,0.6312134541020316,0,0.6312134541020316,1.0,,,,
255,259,3108,0.6295566270914756,0,0.6295566270914756,1.0,,,,
256,260,3120,0.6278949398497263,0,0.6278949398497263,1.0,,,,
257,261,3132,0.6262284088287325,0,0.6262284088287325,1.0,,,,
258,262,3144,0.6245570506679714,0,0.6245570506679714,1.0,,,,
259,263,3156,0.6228808821934804,0,0.6228808821934804,1.0,,,,
260,264,3168,0.6211999204198906,0,0.6211999204198906,1.0,,,,
261,265,3180,0.619514182549807,0,0.619514182549807,1.0,,,,
262,266,3192,0.6178236859743453,0,0.6178236859743453,1.0,,,,
263,267,3204,0.6161284482745336,0,0.6161284482745336,1.0,,,,
264,268,3216,0.6144284872206234,0,0.6144284872206234,1.0,,,,
265,269,3228,0.6127238207731776,0,0.6127238207731776,1.0,,,,
266,270,3240,0.6110144670837662,0,0.6110144670837662,1.0,,,,
267,271,3252,0.6093004444947783,0,0.6093004444947783,1.0,,,,
268,272,3264,0.6075817715400715,0,0.6075817715400715,1.0,,,,
269,273,2730,0.6481631431736279,0,0.6481631431736279,1.0,,,,
270,274,2740,0.6466598713402488,0,0.6466598713402488,1.0,,,,
271,275,2750,0.6451519601684886,0,0.6451519601684886,1.0,,,,
272,276,2760,0.6436394195828016,0,0.6436394195828016,1.0,,,,
273,277,2770,0.6421222596534644,0,0.6421222596534644,1.0,,,,
274,278,2780,0.6406004905975936,0,0.6406004905975936,1.0,,,,
275,279,2790,0.6390741227796833,0,0.6390741227796833,1.0,,,,
276,280,2800,0.6375431667121872,0,0.6375431667121872,1.0,,,,
277,281,2810,0.636007633056007,0,0.636007633056007,1.0,,,,
278,282,2820,0.6344675326210173,0,0.6344675326210173,1.0,,,,
279,283,2830,0.6329228763670367,0,0.6329228763670367,1.0,,,,
280,284,2840,0.6313736754038686,0,0.6313736754038686,1.0,,,,
281,285,2850,0.6298199409927434,0,0.6298199409927434,1.0,,,,
282,286,2860,0.6282616845455743,0,0.6282616845455743,1.0,,,,
283,287,2870,0.6266989176269959,0,0.6266989176269959,1.0,,,,
284,288,2880,0.6251316519537843,0,0.6251316519537843,1.0,,,,
285,289,2890,0.6235598993960907,0,0.6235598993960907,1.0,,,,
286,290,2900,0.6219836719781326,0,0.6219836719781326,1.0,,,,
287,291,2910,0.620402981877897,0,0.620402981877897,1.0,,,,
288,292,2920,0.6188178414285297,0,0.6188178414285297,1.0,,,,
289,293,2930,0.6172282631190269,0,0.6172282631190269,1.0,,,,
290,294,2940,0.615634259593774,0,0.615634259593774,1.0,,,,
291,295,2950,0.6140358436542078,0,0.6140358436542078,1.0,,,,
292,296,2960,0.6124330282590443,0,0.6124330282590443,1.0,,,,
293,297,2970,0.6108258265241954,0,0.6108258265241954,1.0,,,,
294,298,2980,0.6092142517243905,0,0.6092142517243905,1.0,,,,
295,299,2990,0.607598317292904,0,0.607598317292904,1.0,,,,
296,300,2400,0.656965542195929,0,0.656965542195929,1.0,,,,
297,301,2408,0.6555977632016858,0,0.6555977632016858,1.0,,,,
298,302,2416,0.6542256892297682,0,0.6542256892297682,1.0,,,,
299,303,2424,0.6528493251369878,0,0.6528493251369878,1.0,,,,
300,304,2432,0.6514686758884223,0,0.6514686758884223,1.0,,,,
301,305,2440,0.6500837465576299,0,0.6500837465576299,1.0,,,,
302,306,2448,0.6486945423274454,0,0.6486945423274454,1.0,,,,
303,307,2456,0.6473010684905257,0,0.6473010684905257,1.0,,,,
304,308,2464,0.6459033304501203,0,0.6459033304501203,1.0,,,,
305,309,2472,0.6445013337204656,0,0.6445013337204656,1.0,,,,
306,310,2480,0.6430950839275188,0,0.6430950839275188,1.0,,,,
307,311,2488,0.641684586809429,0,0.641684586809429,1.0,,,,
308,312,2496,0.6402698482172231,0,0.6402698482172231,1.0,,,,
309,313,2504,0.6388508741155896,0,0.6388508741155896,1.0,,,,
310,314,2512,0.6374276705831481,0,0.6374276705831481,1.0,,,,
311,315,2520,0.6360002438132923,0,0.6360002438132923,1.0,,,,
312,316,2528,0.6345686001146374,0,0.6345686001146374,1.0,,,,
313,317,2536,0.6331327459117969,0,0.6331327459117969,1.0,,,,
314,318,2544,0.6316926877460028,0,0.6316926877460028,1.0,,,,
315,319,2552,0.6302484322755626,0,0.6302484322755626,1.0,,,,
316,320,2560,0.6287999862765179,0,0.6287999862765179,1.0,,,,
317,321,2568,0.6273473566432644,0,0.6273473566432644,1.0,,,,
318,322,2576,0.6258905503892496,0,0.6258905503892496,1.0,,,,
319,323,2584,0.6244295746474993,0,0.6244295746474993,1.0,,,,
320,324,2592,0.6229644366712185,0,0.6229644366712185,1.0,,,,
321,325,2600,0.6214951438344704,0,0.6214951438344704,1.0,,,,
322,326,2608,0.6200217036328001,0,0.6200217036328001,1.0,,,,
323,327,2616,0.6185441236838068,0,0.6185441236838068,1.0,,,,
324,328,2624,0.6170624117276562,0,0.6170624117276562,1.0,,,,
325,329,2632,0.6155765756279195,0,0.6155765756279195,1.0,,,,
326,330,2640,0.6140866233719696,0,0.6140866233719696,1.0,,,,
327,331,2648,0.6125925630719574,0,0.6125925630719574,1.0,,,,
328,332,2656,0.6110944029648252,0,0.6110944029648252,1.0,,,,
329,333,2664,0.6095921514135428,0,0.6095921514135428,1.0,,,,
330,334,2672,0.6080858169073755,0,0.6080858169073755,1.0,,,,
331,335,2680,0.606575408062473,0,0.606575408062473,1.0,,,,
332,336,2016,0.6694207292962752,0,0.6694207292962752,1.0,,,,
333,337,2022,0.6682076758097649,0,0.6682076758097649,1.0,,,,
334,338,2028,0.6669907059018155,0,0.6669907059018155,1.0,,,,
335,339,2034,0.6657698196429805,0,0.6657698196429805,1.0,,,,
336,340,2040,0.6645450171727835,0,0.6645450171727835,1.0,,,,
337,341,2046,0.6633162987001087,0,0.6633162987001087,1.0,,,,
338,342,2052,0.6620836645032431,0,0.6620836645032431,1.0,,,,
339,343,2058,0.6608471149310752,0,0.6608471149310752,1.0,,,,
340,344,2064,0.659606650403451,0,0.659606650403451,1.0,,,,
341,345,2070,0.6583622714111823,0,0.6583622714111823,1.0,,,,
342,346,2076,0.6571139785175124,0,0.6571139785175124,1.0,,,,
343,347,2082,0.6558617723578287,0,0.6558617723578287,1.0,,,,
344,348,2088,0.6546056536406317,0,0.6546056536406317,1.0,,,,
345,349,2094,0.6533456231479504,0,0.6533456231479504,1.0,,,,
346,350,2100,0.6520816817360118,0,0.6520816817360118,1.0,,,,
347,351,2106,0.6508138303357565,0,0.6508138303357565,1.0,,,,
348,352,2112,0.6495420699530943,0,0.6495420699530943,1.0,,,,
349,353,2118,0.6482664016700266,0,0.6482664016700266,1.0,,,,
350,354,2124,0.646986826644794,0,0.646986826644794,1.0,,,,
351,355,2130,0.6457033461123726,0,0.6457033461123726,1.0,,,,
352,356,2136,0.6444159613855346,0,0.6444159613855346,1.0,,,,
353,357,2142,0.6431246738548183,0,0.6431246738548183,1.0,,,,
354,358,2148,0.6418294849895742,0,0.6418294849895742,1.0,,,,
355,359,2154,0.6405303963383319,0,0.6405303963383319,1.0,,,,
356,360,2160,0.6392274095290995,0,0.6392274095290995,1.0,,,,
357,361,2166,0.6379205262707565,0,0.6379205262707565,1.0,,,,
358,362,2172,0.6366097483525975,0,0.6366097483525975,1.0,,,,
359,363,2178,0.6352950776458086,0,0.6352950776458086,1.0,,,,
360,364,2184,0.6339765161035116,0,0.6339765161035116,1.0,,,,
361,365,2190,0.6326540657614771,0,0.6326540657614771,1.0,,,,
362,366,2196,0.6313277287389862,0,0.6313277287389862,1.0,,,,
363,367,2202,0.6299975072390932,0,0.6299975072390932,1.0,,,,
364,368,2208,0.6286634035492409,0,0.6286634035492409,1.0,,,,
365,369,2214,0.6273254200421319,0,0.6273254200421319,1.0,,,,
366,370,2220,0.6259835591759909,0,0.6259835591759909,1.0,,,,
367,371,2226,0.6246378234955081,0,0.6246378234955081,1.0,,,,
368,372,2232,0.623288215632282,0,0.623288215632282,1.0,,,,
369,373,2238,0.6219347383052923,0,0.6219347383052923,1.0,,,,
370,374,2244,0.6205773943217356,0,0.6205773943217356,1.0,,,,
371,375,2250,0.6192161865775679,0,0.6192161865775679,1.0,,,,
372,376,2256,0.6178511180581913,0,0.6178511180581913,1.0,,,,
373,377,2262,0.616482191838953,0,0.616482191838953,1.0,,,,
374,378,2268,0.6151094110857878,0,0.6151094110857878,1.0,,,,
375,379,2274,0.6137327790560005,0,0.6137327790560005,1.0,,,,
376,380,2280,0.6123522990987529,0,0.6123522990987529,1.0,,,,
377,381,2286,0.6109679746554655,0,0.6109679746554655,1.0,,,,
378,382,2292,0.6095798092612532,0,0.6095798092612532,1.0,,,,
379,383,2298,0.6081878065445007,0,0.6081878065445007,1.0,,,,
380,384,2304,0.6067919702284694,0,0.6067919702284694,1.0,,,,
381,385,1540,0.6920672015532034,0,0.6920672015532034,1.0,,,,
382,386,1544,0.6910522703443223,0,0.6910522703443223,1.0,,,,
383,387,1548,0.6900338734416606,0,0.6900338734416606,1.0,,,,
384,388,1552,0.689012006285528,0,0.689012006285528,1.0,,,,
385,389,1556,0.687986664341494,0,0.687986664341494,1.0,,,,
386,390,1560,0.6869578431006613,0,0.6869578431006613,1.0,,,,
387,391,1564,0.6859255380800425,0,0.6859255380800425,1.0,,,,
388,392,1568,0.6848897448231951,0,0.6848897448231951,1.0,,,,
389,393,1572,0.6838504588998888,0,0.6838504588998888,1.0,,,,
390,394,1576,0.6828076759074051,0,0.6828076759074051,1.0,,,,
391,395,1580,0.6817613914699501,0,0.6817613914699501,1.0,,,,
392,396,1584,0.6807116012397774,0,0.6807116012397774,1.0,,,,
393,397,1588,0.6796583008970336,0,0.6796583008970336,1.0,,,,
394,398,1592,0.6786014861503963,0,0.6786014861503963,1.0,,,,
395,399,1596,0.6775411527375063,0,0.6775411527375063,1.0,,,,
396,400,1600,0.676477296425038,0,0.676477296425038,1.0,,,,
397,401,1604,0.6754099130094916,0,0.6754099130094916,1.0,,,,
398,402,1608,0.6743389983169972,0,0.6743389983169972,1.0,,,,
399,403,1612,0.6732645482044682,0,0.6732645482044682,1.0,,,,
400,404,1616,0.672186558559296,0,0.672186558559296,1.0,,,,
401,405,1620,0.6711050253001597,0,0.6711050253001597,1.0,,,,
402,406,1624,0.6700199443772348,0,0.6700199443772348,1.0,,,,
403,407,1628,0.6689313117727365,0,0.6689313117727365,1.0,,,,
404,408,1632,0.6678391235010915,0,0.6678391235010915,1.0,,,,
405,409,1636,0.666743375609607,0,0.666743375609607,1.0,,,,
406,410,1640,0.6656440641787639,0,0.6656440641787639,1.0,,,,
407,411,1644,0.6645411853226929,0,0.6645411853226929,1.0,,,,
408,412,1648,0.66343473518935,0,0.66343473518935,1.0,,,,
409,413,1652,0.6623247099612738,0,0.6623247099612738,1.0,,,,
410,414,1656,0.6612111058558837,0,0.6612111058558837,1.0,,,,
411,415,1660,0.6600939191257983,0,0.6600939191257983,1.0,,,,
412,416,1664,0.6589731460594148,0,0.6589731460594148,1.0,,,,
413,417,1668,0.6578487829812683,0,0.6578487829812683,1.0,,,,
414,418,1672,0.6567208262525713,0,0.6567208262525713,1.0,,,,
415,419,1676,0.655589272271531,0,0.655589272271531,1.0,,,,
416,420,1680,0.6544541174737658,0,0.6544541174737658,1.0,,,,
417,421,1684,0.6533153583329876,0,0.6533153583329876,1.0,,,,
418,422,1688,0.6521729913612938,0,0.6521729913612938,1.0,,,,
419,423,1692,0.651027013109561,0,0.651027013109561,1.0,,,,
420,424,1696,0.6498774201680199,0,0.6498774201680199,1.0,,,,
421,425,1700,0.648724209166851,0,0.648724209166851,1.0,,,,
422,426,1704,0.6475673767762212,0,0.6475673767762212,1.0,,,,
423,427,1708,0.6464069197073287,0,0.6464069197073287,1.0,,,,
424,428,1712,0.6452428347124743,0,0.6452428347124743,1.0,,,,
425,429,1716,0.644075118585648,0,0.644075118585648,1.0,,,,
426,430,1720,0.6429037681630492,0,0.6429037681630492,1.0,,,,
427,431,1724,0.6417287803237092,0,0.6417287803237092,1.0,,,,
428,432,1728,0.6405501519896298,0,0.6405501519896298,1.0,,,,
429,433,1732,0.6393678801266919,0,0.6393678801266919,1.0,,,,
430,434,1736,0.6381819617448266,0,0.6381819617448266,1.0,,,,
431,435,1740,0.6369923938988769,0,0.6369923938988769,1.0,,,,
432,436,1744,0.6357991736887165,0,0.6357991736887165,1.0,,,,
433,437,1748,0.6346022982600619,0,0.6346022982600619,1.0,,,,
434,438,1752,0.6334017648047916,0,0.6334017648047916,1.0,,,,
435,439,1756,0.6321975705617086,0,0.6321975705617086,1.0,,,,
436,440,1760,0.6309897128168923,0,0.6309897128168923,1.0,,,,
437,441,1764,0.629778188904238,0,0.629778188904238,1.0,,,,
438,442,1768,0.6285629962061822,0,0.6285629962061822,1.0,,,,
439,443,1772,0.6273441321538449,0,0.6273441321538449,1.0,,,,
440,444,1776,0.6261215942281325,0,0.6261215942281325,1.0,,,,
441,445,1780,0.6248953799598237,0,0.6248953799598237,1.0,,,,
442,446,1784,0.62366548693036,0,0.62366548693036,1.0,,,,
443,447,1788,0.6224319127723948,0,0.6224319127723948,1.0,,,,
444,448,1792,0.6211946551702678,0,0.6211946551702678,1.0,,,,
445,449,1796,0.6199537118607586,0,0.6199537118607586,1.0,,,,
446,450,1800,0.618709080633243,0,0.618709080633243,1.0,,,,
447,451,1804,0.6174607593310015,0,0.6174607593310015,1.0,,,,
448,452,1808,0.6162087458510542,0,0.6162087458510542,1.0,,,,
449,453,1812,0.6149530381452386,0,0.6149530381452386,1.0,,,,
450,454,1816,0.6136936342205103,0,0.6136936342205103,1.0,,,,
451,455,1820,0.6124305321398767,0,0.6124305321398767,1.0,,,,
452,456,1824,0.6111637300226374,0,0.6111637300226374,1.0,,,,
453,457,1828,0.6098932260452592,0,0.6098932260452592,1.0,,,,
454,458,1832,0.6086190184420002,0,0.6086190184420002,1.0,,,,
455,459,1836,0.6073411055052805,0,0.6073411055052805,1.0,,,,
456,460,920,0.738433383804415,0,0.738433383804415,1.0,,,,
457,461,922,0.7377147367785984,0,0.7377147367785984,1.0,,,,
458,462,924,0.7369933376932747,0,0.7369933376932747,1.0,,,,
459,463,926,0.736269178061333,0,0.736269178061333,1.0,,,,
460,464,928,0.7355422493704162,0,0.7355422493704162,1.0,,,,
461,465,930,0.734812543082824,0,0.734812543082824,1.0,,,,
462,466,932,0.7340800506355121,0,0.7340800506355121,1.0,,,,
463,467,934,0.7333447634399233,0,0.7333447634399233,1.0,,,,
464,468,936,0.7326066728822778,0,0.7326066728822778,1.0,,,,
465,469,938,0.7318657703232391,0,0.7318657703232391,1.0,,,,
466,470,940,0.7311220470979976,0,0.7311220470979976,1.0,,,,
467,471,942,0.7303754945163157,0,0.7303754945163157,1.0,,,,
468,472,944,0.7296261038624027,0,0.7296261038624027,1.0,,,,
469,473,946,0.7288738663948854,0,0.7288738663948854,1.0,,,,
470,474,948,0.7281187733468829,0,0.7281187733468829,1.0,,,,
471,475,950,0.7273608159259034,0,0.7273608159259034,1.0,,,,
472,476,952,0.7265999853137505,0,0.7265999853137505,1.0,,,,
473,477,954,0.7258362726668072,0,0.7258362726668072,1.0,,,,
474,478,956,0.7250696691155887,0,0.7250696691155887,1.0,,,,
475,479,958,0.7243001657650893,0,0.7243001657650893,1.0,,,,
476,480,960,0.7235277536945361,0,0.7235277536945361,1.0,,,,
477,481,962,0.7227524239575216,0,0.7227524239575216,1.0,,,,
478,482,964,0.7219741675818179,0,0.7219741675818179,1.0,,,,
479,483,966,0.7211929755696208,0,0.7211929755696208,1.0,,,,
480,484,968,0.7204088388972377,0,0.7204088388972377,1.0,,,,
481,485,970,0.7196217485153488,0,0.7196217485153488,1.0,,,,
482,486,972,0.7188316953487566,0,0.7188316953487566,1.0,,,,
483,487,974,0.7180386702966165,0,0.7180386702966165,1.0,,,,
484,488,976,0.7172426642322481,0,0.7172426642322481,1.0,,,,
485,489,978,0.7164436680031453,0,0.7164436680031453,1.0,,,,
486,490,980,0.7156416724310858,0,0.7156416724310858,1.0,,,,
487,491,982,0.7148366683120149,0,0.7148366683120149,1.0,,,,
488,492,984,0.7140286464161711,0,0.7140286464161711,1.0,,,,
489,493,986,0.7132175974878873,0,0.7132175974878873,1.0,,,,
490,494,988,0.7124035122457799,0,0.7124035122457799,1.0,,,,
491,495,990,0.7115863813827086,0,0.7115863813827086,1.0,,,,
492,496,992,0.7107661955656438,0,0.7107661955656438,1.0,,,,
493,497,994,0.7099429454358335,0,0.7099429454358335,1.0,,,,
494,498,996,0.7091166216088779,0,0.7091166216088779,1.0,,,,
495,499,998,0.7082872146744278,0,0.7082872146744278,1.0,,,,
496,500,1000,0.707454715196468,0,0.707454715196468,1.0,,,,
497,501,1002,0.7066191137133672,0,0.7066191137133672,1.0,,,,
498,502,1004,0.705780400737497,0,0.705780400737497,1.0,,,,
499,503,1006,0.7049385667558316,0,0.7049385667558316,1.0,,,,
500,504,1008,0.704093602229482,0,0.704093602229482,1.0,,,,
501,505,1010,0.7032454975939206,0,0.7032454975939206,1.0,,,,
502,506,1012,0.7023942432589675,0,0.7023942432589675,1.0,,,,
503,507,1014,0.7015398296088343,0,0.7015398296088343,1.0,,,,
504,508,1016,0.7006822470022235,0,0.7006822470022235,1.0,,,,
505,509,1018,0.6998214857720886,0,0.6998214857720886,1.0,,,,
506,510,1020,0.6989575362259947,0,0.6989575362259947,1.0,,,,
507,511,1022,0.6980903886459416,0,0.6980903886459416,1.0,,,,
508,512,1024,0.6972200332883921,0,0.6972200332883921,1.0,,,,
509,513,1026,0.6963464603845547,0,0.6963464603845547,1.0,,,,
510,514,1028,0.6954696601399768,0,0.6954696601399768,1.0,,,,
511,515,1030,0.6945896227350927,0,0.6945896227350927,1.0,,,,
512,516,1032,0.6937063383247776,0,0.6937063383247776,1.0,,,,
513,517,1034,0.692819797038861,0,0.692819797038861,1.0,,,,
514,518,1036,0.6919299889817432,0,0.6919299889817432,1.0,,,,
515,519,1038,0.691036904232772,0,0.691036904232772,1.0,,,,
516,520,1040,0.6901405328461239,0,0.6901405328461239,1.0,,,,
517,521,1042,0.6892408648507913,0,0.6892408648507913,1.0,,,,
518,522,1044,0.6883378902509303,0,0.6883378902509303,1.0,,,,
519,523,1046,0.6874315990256099,0,0.6874315990256099,1.0,,,,
520,524,1048,0.6865219811290207,0,0.6865219811290207,1.0,,,,
521,525,1050,0.6856090264904905,0,0.6856090264904905,1.0,,,,
522,526,1052,0.6846927250146053,0,0.6846927250146053,1.0,,,,
523,527,1054,0.6837730665812378,0,0.6837730665812378,1.0,,,,
524,528,1056,0.6828500410455804,0,0.6828500410455804,1.0,,,,
525,529,1058,0.6819236382383392,0,0.6819236382383392,1.0,,,,
526,530,1060,0.6809938479656272,0,0.6809938479656272,1.0,,,,
527,531,1062,0.680060660009224,0,0.680060660009224,1.0,,,,
528,532,1064,0.6791240641266351,0,0.6791240641266351,1.0,,,,
529,533,1066,0.6781840500510048,0,0.6781840500510048,1.0,,,,
530,534,1068,0.6772406074914482,0,0.6772406074914482,1.0,,,,
531,535,1070,0.6762937261328715,0,0.6762937261328715,1.0,,,,
532,536,1072,0.6753433956364234,0,0.6753433956364234,1.0,,,,
533,537,1074,0.6743896056391718,0,0.6743896056391718,1.0,,,,
534,538,1076,0.6734323457545172,0,0.6734323457545172,1.0,,,,
535,539,1078,0.6724716055722475,0,0.6724716055722475,1.0,,,,
536,540,1080,0.6715073746585479,0,0.6715073746585479,1.0,,,,
537,541,1082,0.6705396425561735,0,0.6705396425561735,1.0,,,,
538,542,1084,0.6695683987844718,0,0.6695683987844718,1.0,,,,
539,543,1086,0.6685936328397281,0,0.6685936328397281,1.0,,,,
540,544,1088,0.6676153341949895,0,0.6676153341949895,1.0,,,,
541,545,1090,0.666633492300426,0,0.666633492300426,1.0,,,,
542,546,1092,0.6656480965833791,0,0.6656480965833791,1.0,,,,
543,547,1094,0.664659136448471,0,0.664659136448471,1.0,,,,
544,548,1096,0.6636666012777207,0,0.6636666012777207,1.0,,,,
545,549,1098,0.6626704804307747,0,0.6626704804307747,1.0,,,,
546,550,1100,0.6616707632449286,0,0.6616707632449286,1.0,,,,
547,551,1102,0.6606674390354799,0,0.6606674390354799,1.0,,,,
548,552,1104,0.6596604970956036,0,0.6596604970956036,1.0,,,,
549,553,1106,0.6586499266967185,0,0.6586499266967185,1.0,,,,
550,554,1108,0.6576357170885923,0,0.6576357170885923,1.0,,,,
551,555,1110,0.6566178574993988,0,0.6566178574993988,1.0,,,,
552,556,1112,0.6555963371361624,0,0.6555963371361624,1.0,,,,
553,557,1114,0.6545711451845043,0,0.6545711451845043,1.0,,,,
554,558,1116,0.653542270809319,0,0.653542270809319,1.0,,,,
555,559,1118,0.6525097031545349,0,0.6525097031545349,1.0,,,,
556,560,1120,0.6514734313435889,0,0.6514734313435889,1.0,,,,
557,561,1122,0.6504334444793646,0,0.6504334444793646,1.0,,,,
558,562,1124,0.6493897316447369,0,0.6493897316447369,1.0,,,,
559,563,1126,0.6483422819023061,0,0.6483422819023061,1.0,,,,
560,564,1128,0.6472910842950684,0,0.6472910842950684,1.0,,,,
561,565,1130,0.6462361278463835,0,0.6462361278463835,1.0,,,,
562,566,1132,0.6451774015601675,0,0.6451774015601675,1.0,,,,
563,567,1134,0.6441148944212045,0,0.6441148944212045,1.0,,,,
564,568,1136,0.6430485953953571,0,0.6430485953953571,1.0,,,,
565,569,1138,0.6419784934298928,0,0.6419784934298928,1.0,,,,
566,570,1140,0.6409045774533784,0,0.6409045774533784,1.0,,,,
567,571,1142,0.639826836376467,0,0.639826836376467,1.0,,,,
568,572,1144,0.638745259091584,0,0.638745259091584,1.0,,,,
569,573,1146,0.6376598344736789,0,0.6376598344736789,1.0,,,,
570,574,1148,0.6365705513800355,0,0.6365705513800355,1.0,,,,
571,575,1150,0.6354773986509862,0,0.6354773986509862,1.0,,,,
572,576,1152,0.6343803651097388,0,0.6343803651097388,1.0,,,,
573,577,1154,0.6332794395630517,0,0.6332794395630517,1.0,,,,
574,578,1156,0.6321746108013022,0,0.6321746108013022,1.0,,,,
575,579,1158,0.6310658675987864,0,0.6310658675987864,1.0,,,,
576,580,1160,0.6299531987140283,0,0.6299531987140283,1.0,,,,
577,581,1162,0.6288365928902111,0,0.6288365928902111,1.0,,,,
578,582,1164,0.6277160388553351,0,0.6277160388553351,1.0,,,,
579,583,1166,0.6265915253226102,0,0.6265915253226102,1.0,,,,
580,584,1168,0.6254630409907441,0,0.6254630409907441,1.0,,,,
581,585,1170,0.6243305745443547,0,0.6243305745443547,1.0,,,,
582,586,1172,0.6231941146542193,0,0.6231941146542193,1.0,,,,
583,587,1174,0.622053649977591,0,0.622053649977591,1.0,,,,
584,588,1176,0.620909169158696,0,0.620909169158696,1.0,,,,
585,589,1178,0.6197606608290683,0,0.6197606608290683,1.0,,,,
586,590,1180,0.6186081136078387,0,0.6186081136078387,1.0,,,,
587,591,1182,0.6174515161019736,0,0.6174515161019736,1.0,,,,
588,592,1184,0.6162908569071565,0,0.6162908569071565,1.0,,,,
589,593,1186,0.6151261246075883,0,0.6151261246075883,1.0,,,,
590,594,1188,0.613957307776832,0,0.613957307776832,1.0,,,,
591,595,1190,0.6127843949779772,0,0.6127843949779772,1.0,,,,
592,596,1192,0.6116073747641029,0,0.6116073747641029,1.0,,,,
593,597,1194,0.6104262356788671,0,0.6104262356788671,1.0,,,,
594,598,1196,0.6092409662566431,0,0.6092409662566431,1.0,,,,
595,599,1198,0.6080515550233045,0,0.6080515550233045,1.0,,,,
596,600,1200,0.6068579904963831,0,0.6068579904963831,1.0,,,,
0,4,637320,0.6065318747322727,0,0.6065318747322727,1.0,,,,
1,5,637320,0.6065318747322727,0,0.6065318747322727,1.0,,,,
2,6,637320,0.6065318747322727,0,0.6065318747322727,1.0,,,,
3,7,637322,0.6065311244014872,0,0.6065311244014872,1.0,,,,
4,8,637312,0.6065348760849054,0,0.6065348760849054,1.0,,,,
5,9,637308,0.6065363767789161,0,0.6065363767789161,1.0,,,,
6,10,637320,0.6065318747322727,0,0.6065318747322727,1.0,,,,
7,11,637318,0.6065326250660074,0,0.6065326250660074,1.0,,,,
8,12,637320,0.6065318747322727,0,0.6065318747322727,1.0,,,,
9,13,637312,0.6065348760849054,0,0.6065348760849054,1.0,,,,
10,14,637308,0.6065363767789161,0,0.6065363767789161,1.0,,,,
11,15,637320,0.6065318747322727,0,0.6065318747322727,1.0,,,,
12,16,637312,0.6065348760849054,0,0.6065348760849054,1.0,,,,
13,17,637296,0.6065408788386394,0,0.6065408788386394,1.0,,,,
14,18,637308,0.6065363767789161,0,0.6065363767789161,1.0,,,,
15,19,637298,0.6065401284724651,0,0.6065401284724651,1.0,,,,
16,20,637320,0.6065318747322727,0,0.6065318747322727,1.0,,,,
17,21,637308,0.6065363767789161,0,0.6065363767789161,1.0,,,,
18,22,637296,0.6065408788386394,0,0.6065408788386394,1.0,,,,
19,23,637284,0.6065453809114482,0,0.6065453809114482,1.0,,,,
20,24,637296,0.6065408788386394,0,0.6065408788386394,1.0,,,,
21,25,637300,0.6065393781402684,0,0.6065393781402684,1.0,,,,
22,26,629928,0.6065493407098334,0,0.6065493407098334,1.0,,,,
23,27,620838,0.6065343214666197,0,0.6065343214666197,1.0,,,,
24,28,611912,0.6065339304759796,0,0.6065339304759796,1.0,,,,
25,29,603142,0.6065493181311071,0,0.6065493181311071,1.0,,,,
26,30,594600,0.6065496207740775,0,0.6065496207740775,1.0,,,,
27,31,586272,0.606537374324172,0,0.606537374324172,1.0,,,,
28,32,578048,0.6065551085186098,0,0.6065551085186098,1.0,,,,
29,33,570042,0.6065539104903929,0,0.6065539104903929,1.0,,,,
30,34,562224,0.6065434310541988,0,0.6065434310541988,1.0,,,,
31,35,554540,0.6065443374781512,0,0.6065443374781512,1.0,,,,
32,36,546984,0.6065575605401203,0,0.6065575605401203,1.0,,,,
33,37,539608,0.6065584482045796,0,0.6065584482045796,1.0,,,,
34,38,532380,0.6065588065584158,0,0.6065588065584158,1.0,,,,
35,39,525330,0.606542957059968,0,0.606542957059968,1.0,,,,
36,40,518400,0.606535061734217,0,0.606535061734217,1.0,,,,
37,41,511516,0.6065681547267021,0,0.6065681547267021,1.0,,,,
38,42,504840,0.6065652839943121,0,0.6065652839943121,1.0,,,,
39,43,498284,0.6065654432906646,0,0.6065654432906646,1.0,,,,
40,44,491920,0.6065319926037005,0,0.6065319926037005,1.0,,,,
41,45,485550,0.606559444381616,0,0.606559444381616,1.0,,,,
42,46,479320,0.6065756760996888,0,0.6065756760996888,1.0,,,,
43,47,473290,0.6065482865402613,0,0.6065482865402613,1.0,,,,
44,48,467328,0.6065415718750634,0,0.6065415718750634,1.0,,,,
45,49,461384,0.6065807148212464,0,0.6065807148212464,1.0,,,,
46,50,455700,0.6065389146491693,0,0.6065389146491693,1.0,,,,
47,51,450024,0.606545567102714,0,0.606545567102714,1.0,,,,
48,52,444392,0.6065817077474571,0,0.6065817077474571,1.0,,,,
49,53,438946,0.6065696458163772,0,0.6065696458163772,1.0,,,,
50,54,433620,0.6065426027176098,0,0.6065426027176098,1.0,,,,
51,55,428340,0.6065400192557158,0,0.6065400192557158,1.0,,,,
52,56,423136,0.6065445396559856,0,0.6065445396559856,1.0,,,,
53,57,418038,0.6065379727200974,0,0.6065379727200974,1.0,,,,
54,58,412960,0.6065684733863634,0,0.6065684733863634,1.0,,,,
55,59,408044,0.606552907342194,0,0.606552907342194,1.0,,,,
56,60,403200,0.6065417910821796,0,0.6065417910821796,1.0,,,,
57,61,398330,0.6065929708780329,0,0.6065929708780329,1.0,,,,
58,62,393700,0.6065458777324887,0,0.6065458777324887,1.0,,,,
59,63,389088,0.6065323665161406,0,0.6065323665161406,1.0,,,,
60,64,384512,0.606541352174627,0,0.606541352174627,1.0,,,,
61,65,379990,0.6065612239651862,0,0.6065612239651862,1.0,,,,
62,66,375540,0.606579832642609,0,0.606579832642609,1.0,,,,
63,67,371180,0.606584478954138,0,0.606584478954138,1.0,,,,
64,68,366928,0.6065619037346611,0,0.6065619037346611,1.0,,,,
65,69,362664,0.6065893188919544,0,0.6065893188919544,1.0,,,,
66,70,358540,0.606566053618997,0,0.606566053618997,1.0,,,,
67,71,354432,0.606573085250973,0,0.606573085250973,1.0,,,,
68,72,350352,0.6066023355368851,0,0.6066023355368851,1.0,,,,
69,73,346458,0.6065444985625285,0,0.6065444985625285,1.0,,,,
70,74,342472,0.6065898882704694,0,0.6065898882704694,1.0,,,,
71,75,338550,0.6066309417923154,0,0.6066309417923154,1.0,,,,
72,76,334856,0.6065493911061804,0,0.6065493911061804,1.0,,,,
73,77,331100,0.6065498047859785,0,0.6065498047859785,1.0,,,,
74,78,327288,0.6066297750746282,0,0.6066297750746282,1.0,,,,
75,79,323742,0.6065531116287283,0,0.6065531116287283,1.0,,,,
76,80,320160,0.6065394502136605,0,0.6065394502136605,1.0,,,,
77,81,316548,0.6065856077390402,0,0.6065856077390402,1.0,,,,
78,82,313076,0.6065628519326564,0,0.6065628519326564,1.0,,,,
79,83,309590,0.6065871195056379,0,0.6065871195056379,1.0,,,,
80,84,306096,0.6066545440274174,0,0.6066545440274174,1.0,,,,
81,85,302770,0.6066266953082146,0,0.6066266953082146,1.0,,,,
82,86,299452,0.6066274980803875,0,0.6066274980803875,1.0,,,,
83,87,296148,0.60665234170162,0,0.60665234170162,1.0,,,,
84,88,293040,0.606552630351986,0,0.606552630351986,1.0,,,,
85,89,289784,0.6066076402672886,0,0.6066076402672886,1.0,,,,
86,90,286560,0.606671536235958,0,0.606671536235958,1.0,,,,
87,91,283556,0.6065851958469761,0,0.6065851958469761,1.0,,,,
88,92,280416,0.6066468008458203,0,0.6066468008458203,1.0,,,,
89,93,277512,0.6065396424804144,0,0.6065396424804144,1.0,,,,
90,94,274480,0.606574973845932,0,0.606574973845932,1.0,,,,
91,95,271510,0.6065893480866611,0,0.6065893480866611,1.0,,,,
92,96,268608,0.6065760863859829,0,0.6065760863859829,1.0,,,,
93,97,265586,0.6067030356274143,0,0.6067030356274143,1.0,,,,
94,98,262836,0.6066171448971582,0,0.6066171448971582,1.0,,,,
95,99,259974,0.6066643523371433,0,0.6066643523371433,1.0,,,,
96,100,257200,0.6066623040036642,0,0.6066623040036642,1.0,,,,
97,101,254520,0.6066031551698347,0,0.6066031551698347,1.0,,,,
98,102,251736,0.6066727213280105,0,0.6066727213280105,1.0,,,,
99,103,249054,0.6066766557044281,0,0.6066766557044281,1.0,,,,
100,104,246480,0.606606421116246,0,0.606606421116246,1.0,,,,
101,105,243810,0.6066593423300662,0,0.6066593423300662,1.0,,,,
102,106,241256,0.6066285023788736,0,0.6066285023788736,1.0,,,,
103,107,238610,0.6067192538020078,0,0.6067192538020078,1.0,,,,
104,108,236088,0.6067160242179815,0,0.6067160242179815,1.0,,,,
105,109,233696,0.6066090888435677,0,0.6066090888435677,1.0,,,,
106,110,231220,0.6066161947747616,0,0.6066161947747616,1.0,,,,
107,111,228660,0.6067405267878471,0,0.6067405267878471,1.0,,,,
108,112,226240,0.6067483934469583,0,0.6067483934469583,1.0,,,,
109,113,223966,0.6066291017394265,0,0.6066291017394265,1.0,,,,
110,114,221616,0.606617948347118,0,0.606617948347118,1.0,,,,
111,115,219190,0.6067179415944425,0,0.6067179415944425,1.0,,,,
112,116,216920,0.6066761209616299,0,0.6066761209616299,1.0,,,,
113,117,214578,0.6067417474201331,0,0.6067417474201331,1.0,,,,
114,118,212400,0.606651758774602,0,0.606651758774602,1.0,,,,
115,119,210154,0.6066650069099436,0,0.6066650069099436,1.0,,,,
116,120,207840,0.6067843645954143,0,0.6067843645954143,1.0,,,,
117,121,205700,0.6067311410281582,0,0.6067311410281582,1.0,,,,
118,122,203496,0.6067792487353999,0,0.6067792487353999,1.0,,,,
119,123,201474,0.6066390954658774,0,0.6066390954658774,1.0,,,,
120,124,199392,0.6065949195130742,0,0.6065949195130742,1.0,,,,
121,125,197250,0.6066493820435205,0,0.6066493820435205,1.0,,,,
122,126,195048,0.6068052377277412,0,0.6068052377277412,1.0,,,,
123,127,193040,0.6067502980919808,0,0.6067502980919808,1.0,,,,
124,128,190976,0.6067906764551483,0,0.6067906764551483,1.0,,,,
125,129,189114,0.6066022323320226,0,0.6066022323320226,1.0,,,,
126,130,186940,0.6068351901961134,0,0.6068351901961134,1.0,,,,
127,131,184972,0.6068325212372983,0,0.6068325212372983,1.0,,,,
128,132,183216,0.6065783590162676,0,0.6065783590162676,1.0,,,,
129,133,181146,0.6067593585775187,0,0.6067593585775187,1.0,,,,
130,134,179292,0.606681278894552,0,0.606681278894552,1.0,,,,
131,135,177390,0.6066917326206064,0,0.6066917326206064,1.0,,,,
132,136,175440,0.6067932019419515,0,0.6067932019419515,1.0,,,,
133,137,173716,0.606610368705671,0,0.606610368705671,1.0,,,,
134,138,171672,0.6068946996877687,0,0.6068946996877687,1.0,,,,
135,139,169858,0.6068860725560442,0,0.6068860725560442,1.0,,,,
136,140,168280,0.6065660495326439,0,0.6065660495326439,1.0,,,,
137,141,166380,0.6067272891789338,0,0.6067272891789338,1.0,,,,
138,142,164720,0.6065675570633627,0,0.6065675570633627,1.0,,,,
139,143,162734,0.6069082714167072,0,0.6069082714167072,1.0,,,,
140,144,160992,0.6069181485569569,0,0.6069181485569569,1.0,,,,
141,145,159500,0.6065769726677209,0,0.6065769726677209,1.0,,,,
142,146,157680,0.6067507581363801,0,0.6067507581363801,1.0,,,,
143,147,156114,0.6065626148523806,0,0.6065626148523806,1.0,,,,
144,148,154216,0.6069096423827486,0,0.6069096423827486,1.0,,,,
145,149,152576,0.606883516520744,0,0.606883516520744,1.0,,,,
146,150,150900,0.6069378251004397,0,0.6069378251004397,1.0,,,,
147,151,149490,0.6065907039699623,0,0.6065907039699623,1.0,,,,
148,152,147744,0.6068042510957359,0,0.6068042510957359,1.0,,,,
149,153,146268,0.6066038404042536,0,0.6066038404042536,1.0,,,,
150,154,144452,0.6069858030677241,0,0.6069858030677241,1.0,,,,
151,155,142910,0.6069408552001401,0,0.6069408552001401,1.0,,,,
152,156,141336,0.6069725586482414,0,0.6069725586482414,1.0,,,,
153,157,140044,0.6065456269270723,0,0.6065456269270723,1.0,,,,
154,158,138408,0.606727889646162,0,0.606727889646162,1.0,,,,
155,159,136740,0.606993547767993,0,0.606993547767993,1.0,,,,
156,160,135360,0.6067786921468763,0,0.6067786921468763,1.0,,,,
157,161,133952,0.6066323159385507,0,0.6066323159385507,1.0,,,,
158,162,132516,0.6065564245895078,0,0.6065564245895078,1.0,,,,
159,163,131052,0.6065530967378119,0,0.6065530967378119,1.0,,,,
160,164,129560,0.6066244879499466,0,0.6066244879499466,1.0,,,,
161,165,128040,0.606772834728289,0,0.606772834728289,1.0,,,,
162,166,126492,0.6070004586857715,0,0.6070004586857715,1.0,,,,
163,167,125250,0.6066705575399657,0,0.6066705575399657,1.0,,,,
164,168,123648,0.6070526277157191,0,0.6070526277157191,1.0,,,,
165,169,122356,0.6068593934439276,0,0.6068593934439276,1.0,,,,
166,170,121040,0.6067319864217409,0,0.6067319864217409,1.0,,,,
167,171,119700,0.6066723964483886,0,0.6066723964483886,1.0,,,,
168,172,118336,0.6066826885862108,0,0.6066826885862108,1.0,,,,
169,173,116948,0.6067650071455305,0,0.6067650071455305,1.0,,,,
170,174,115536,0.6069215798360146,0,0.6069215798360146,1.0,,,,
171,175,114100,0.6071547221992956,0,0.6071547221992956,1.0,,,,
172,176,112992,0.6067200305933899,0,0.6067200305933899,1.0,,,,
173,177,111510,0.607100248275523,0,0.607100248275523,1.0,,,,
174,178,110360,0.6067910409827901,0,0.6067910409827901,1.0,,,,
175,179,109190,0.6065409983840716,0,0.6065409983840716,1.0,,,,
176,180,107640,0.6071520171082997,0,0.6071520171082997,1.0,,,,
177,181,106428,0.6070398006656289,0,0.6070398006656289,1.0,,,,
178,182,105196,0.6069928249343322,0,0.6069928249343322,1.0,,,,
179,183,103944,0.6070131739119942,0,0.6070131739119942,1.0,,,,
180,184,102672,0.6071030159063627,0,0.6071030159063627,1.0,,,,
181,185,101380,0.6072646081346801,0,0.6072646081346801,1.0,,,,
182,186,100440,0.6066118873247704,0,0.6066118873247704,1.0,,,,
183,187,99110,0.6069081389702691,0,0.6069081389702691,1.0,,,,
184,188,97760,0.6072830975659294,0,0.6072830975659294,1.0,,,,
185,189,96768,0.6068028597462619,0,0.6068028597462619,1.0,,,,
186,190,95380,0.607326097382175,0,0.607326097382175,1.0,,,,
187,191,94354,0.6069656300994408,0,0.6069656300994408,1.0,,,,
188,192,93312,0.606659757581062,0,0.606659757581062,1.0,,,,
189,193,91868,0.6074147635458164,0,0.6074147635458164,1.0,,,,
190,194,90792,0.6072413201346057,0,0.6072413201346057,1.0,,,,
191,195,89700,0.6071285848311301,0,0.6071285848311301,1.0,,,,
192,196,88592,0.6070786317516615,0,0.6070786317516615,1.0,,,,
193,197,87468,0.6070936249424779,0,0.6070936249424779,1.0,,,,
194,198,86328,0.6071758235821767,0,0.6071758235821767,1.0,,,,
195,199,85172,0.6073275875494146,0,0.6073275875494146,1.0,,,,
196,200,84000,0.607551383360109,0,0.607551383360109,1.0,,,,
197,201,83214,0.6066907004454773,0,0.6066907004454773,1.0,,,,
198,202,82012,0.6070447811583399,0,0.6070447811583399,1.0,,,,
199,203,80794,0.6074784150056204,0,0.6074784150056204,1.0,,,,
200,204,79968,0.6067705574945071,0,0.6067705574945071,1.0,,,,
201,205,78720,0.6073488538028705,0,0.6073488538028705,1.0,,,,
202,206,77868,0.6067457897278985,0,0.6067457897278985,1.0,,,,
203,207,76590,0.6074790594117357,0,0.6074790594117357,1.0,,,,
204,208,75712,0.6069891749559091,0,0.6069891749559091,1.0,,,,
205,209,74822,0.6065473475875555,0,0.6065473475875555,1.0,,,,
206,210,73500,0.6075212359182068,0,0.6075212359182068,1.0,,,,
207,211,72584,0.6072061136468012,0,0.6072061136468012,1.0,,,,
208,212,71656,0.6069453330222567,0,0.6069453330222567,1.0,,,,
209,213,70716,0.6067409762179911,0,0.6067409762179911,1.0,,,,
210,214,69764,0.6065952269852691,0,0.6065952269852691,1.0,,,,
211,215,68370,0.6080115581032673,0,0.6080115581032673,1.0,,,,
212,216,67392,0.6080188624824213,0,0.6080188624824213,1.0,,,,
213,217,66836,0.6065331267175216,0,0.6065331267175216,1.0,,,,
214,218,65836,0.6066459166142373,0,0.6066459166142373,1.0,,,,
215,219,64824,0.6068300041125209,0,0.6068300041125209,1.0,,,,
216,220,63800,0.6070883392372061,0,0.6070883392372061,1.0,,,,
217,221,62764,0.6074240317934476,0,0.6074240317934476,1.0,,,,
218,222,61716,0.6078403626121347,0,0.6078403626121347,1.0,,,,
219,223,61102,0.6065873635768214,0,0.6065873635768214,1.0,,,,
220,224,60032,0.6071391558773586,0,0.6071391558773586,1.0,,,,
221,225,58950,0.6077814106559275,0,0.6077814106559275,1.0,,,,
222,226,58308,0.6066561018682131,0,0.6066561018682131,1.0,,,,
223,227,57204,0.6074517179895774,0,0.6074517179895774,1.0,,,,
224,228,56088,0.608349305546272,0,0.608349305546272,1.0,,,,
225,229,55418,0.6073723517290264,0,0.6073723517290264,1.0,,,,
226,230,54280,0.6084444345125771,0,0.6084444345125771,1.0,,,,
227,231,53592,0.6075663882862036,0,0.6075663882862036,1.0,,,,
228,232,52896,0.6067208974181518,0,0.6067208974181518,1.0,,,,
229,233,51726,0.6080597295314081,0,0.6080597295314081,1.0,,,,
230,234,51012,0.6073281983127925,0,0.6073281983127925,1.0,,,,
231,235,50290,0.6066353937543588,0,0.6066353937543588,1.0,,,,
232,236,49088,0.6082766880922904,0,0.6082766880922904,1.0,,,,
233,237,48348,0.6077159035627556,0,0.6077159035627556,1.0,,,,
234,238,47600,0.6072013705835382,0,0.6072013705835382,1.0,,,,
235,239,46844,0.6067353901992719,0,0.6067353901992719,1.0,,,,
236,240,45600,0.6088270823800327,0,0.6088270823800327,1.0,,,,
237,241,44826,0.6085219625887472,0,0.6085219625887472,1.0,,,,
238,242,44044,0.6082752478013282,0,0.6082752478013282,1.0,,,,
239,243,43254,0.6080900217457612,0,0.6080900217457612,1.0,,,,
240,244,42456,0.6079695823754308,0,0.6079695823754308,1.0,,,,
241,245,41650,0.6079174612365751,0,0.6079174612365751,1.0,,,,
242,246,40836,0.607937444939188,0,0.607937444939188,1.0,,,,
243,247,40014,0.6080335990772111,0,0.6080335990772111,1.0,,,,
244,248,39184,0.6082102948537592,0,0.6082102948537592,1.0,,,,
245,249,38346,0.6084722388282968,0,0.6084722388282968,1.0,,,,
246,250,37500,0.6088245061954186,0,0.6088245061954186,1.0,,,,
247,251,36646,0.609272578100042,0,0.609272578100042,1.0,,,,
248,252,35784,0.6098223835707993,0,0.6098223835707993,1.0,,,,
249,253,35420,0.6070465185480255,0,0.6070465185480255,1.0,,,,
250,254,34544,0.6077254291446775,0,0.6077254291446775,1.0,,,,
251,255,33660,0.6085226301398217,0,0.6085226301398217,1.0,,,,
252,256,32768,0.6094460609704543,0,0.6094460609704543,1.0,,,,
253,257,32382,0.6066833725073,0,0.6066833725073,1.0,,,,
254,258,31476,0.6077731497848357,0,0.6077731497848357,1.0,,,,
255,259,30562,0.6090118475853498,0,0.6090118475853498,1.0,,,,
256,260,29640,0.6104104017362629,0,0.6104104017362629,1.0,,,,
257,261,29232,0.6076931605235208,0,0.6076931605235208,1.0,,,,
258,262,28296,0.6093109274073044,0,0.6093109274073044,1.0,,,,
259,263,27878,0.6065739838434865,0,0.6065739838434865,1.0,,,,
260,264,26928,0.6084385176988807,0,0.6084385176988807,1.0,,,,
261,265,25970,0.6105186881456292,0,0.6105186881456292,1.0,,,,
262,266,25536,0.6078292977672368,0,0.6078292977672368,1.0,,,,
263,267,24564,0.6102172609171148,0,0.6102172609171148,1.0,,,,
264,268,24120,0.6075274262673208,0,0.6075274262673208,1.0,,,,
265,269,23134,0.610268400208319,0,0.610268400208319,1.0,,,,
266,270,22680,0.6075875128189941,0,0.6075875128189941,1.0,,,,
267,271,21680,0.6107369046892978,0,0.6107369046892978,1.0,,,,
268,272,21216,0.6080779702125889,0,0.6080779702125889,1.0,,,,
269,273,20202,0.6117045838120313,0,0.6117045838120313,1.0,,,,
270,274,19728,0.6090857535898719,0,0.6090857535898719,1.0,,,,
271,275,18700,0.613276327205929,0,0.613276327205929,1.0,,,,
272,276,18216,0.6107232079896878,0,0.6107232079896878,1.0,,,,
273,277,17728,0.6080726663913477,0,0.6080726663913477,1.0,,,,
274,278,16680,0.613138209558189,0,0.613138209558189,1.0,,,,
275,279,16182,0.6105888382492339,0,0.6105888382492339,1.0,,,,
276,280,15680,0.607928288506468,0,0.607928288506468,1.0,,,,
277,281,14612,0.6141388314997082,0,0.6141388314997082,1.0,,,,
278,282,14100,0.6116387967374272,0,0.6116387967374272,1.0,,,,
279,283,13584,0.6090132855963403,0,0.6090132855963403,1.0,,,,
280,284,12496,0.6167826338938839,0,0.6167826338938839,1.0,,,,
281,285,11970,0.6144234347400399,0,0.6144234347400399,1.0,,,,
282,286,11440,0.6119283239733464,0,0.6119283239733464,1.0,,,,
283,287,10906,0.6092717380255621,0,0.6092717380255621,1.0,,,,
284,288,9792,0.6199112806861347,0,0.6199112806861347,1.0,,,,
285,289,9248,0.6177605046196536,0,0.6177605046196536,1.0,,,,
286,290,8700,0.6154521235403786,0,0.6154521235403786,1.0,,,,
287,291,8148,0.6129454936195503,0,0.6129454936195503,1.0,,,,
288,292,7592,0.610185496866801,0,0.610185496866801,1.0,,,,
289,293,7032,0.6070956377270127,0,0.6070956377270127,1.0,,,,
290,294,5880,0.6259654689191813,0,0.6259654689191813,1.0,,,,
291,295,5310,0.6244184842192422,0,0.6244184842192422,1.0,,,,
292,296,4736,0.6226771082645068,0,0.6226771082645068,1.0,,,,
293,297,4158,0.6206293411047399,0,0.6206293411047399,1.0,,,,
294,298,3576,0.6180746930657051,0,0.6180746930657051,1.0,,,,
295,299,2990,0.6146223798824564,0,0.6146223798824564,1.0,,,,
296,300,2400,0.609413142357291,0,0.609413142357291,1.0,,,,
297,301,1204,0.686278546051559,0,0.686278546051559,1.0,,,,
298,302,604,0.7199641800864643,0,0.7199641800864643,1.0,,,,
0,4,31014736,0.606530688196413,0,0.606530688196413,1.0,,,,
1,5,31014730,0.6065307358586974,0,0.6065307358586974,1.0,,,,
2,6,31014732,0.606530720474614,0,0.606530720474614,1.0,,,,
3,7,31014732,0.606530720474614,0,0.606530720474614,1.0,,,,
4,8,31014736,0.606530688196413,0,0.606530688196413,1.0,,,,
5,9,31014738,0.6065306728123332,0,0.6065306728123332,1.0,,,,
6,10,31014720,0.6065308127791339,0,0.6065308127791339,1.0,,,,
7,11,31014720,0.6065308127791339,0,0.6065308127791339,1.0,,,,
8,12,31014720,0.6065308127791339,0,0.6065308127791339,1.0,,,,
9,13,31014724,0.6065307820109554,0,0.6065307820109554,1.0,,,,
10,14,31014732,0.606530720474614,0,0.606530720474614,1.0,,,,
11,15,31014720,0.6065308127791339,0,0.6065308127791339,1.0,,,,
12,16,31014720,0.6065308127791339,0,0.6065308127791339,1.0,,,,
13,17,31014732,0.606530720474614,0,0.606530720474614,1.0,,,,
14,18,30777336,0.6065306971249872,0,0.6065306971249872,1.0,,,,
15,19,30086728,0.6065307880632396,0,0.6065307880632396,1.0,,,,
16,20,29417520,0.6065307336937779,0,0.6065307336937779,1.0,,,,
17,21,28768698,0.6065307026362322,0,0.6065307026362322,1.0,,,,
18,22,28139320,0.6065307783969536,0,0.6065307783969536,1.0,,,,
19,23,27528516,0.6065309159830754,0,0.6065309159830754,1.0,,,,
20,24,26935488,0.6065308874136713,0,0.6065308874136713,1.0,,,,
21,25,26359450,0.6065307751316771,0,0.6065307751316771,1.0,,,,
22,26,25799644,0.6065308231345168,0,0.6065308231345168,1.0,,,,
23,27,25255368,0.6065311591442134,0,0.6065311591442134,1.0,,,,
24,28,24726072,0.6065308204992802,0,0.6065308204992802,1.0,,,,
25,29,24210998,0.6065311844345449,0,0.6065311844345449,1.0,,,,
26,30,23709720,0.6065307152110717,0,0.6065307152110717,1.0,,,,
27,31,23221542,0.606530869854404,0,0.606530869854404,1.0,,,,
28,32,22745984,0.6065312525425465,0,0.6065312525425465,1.0,,,,
29,33,22282656,0.6065307530189751,0,0.6065307530189751,1.0,,,,
30,34,21830924,0.6065311436608104,0,0.6065311436608104,1.0,,,,
31,35,21390460,0.6065311650710725,0,0.6065311650710725,1.0,,,,
32,36,20960784,0.6065314584959718,0,0.6065314584959718,1.0,,,,
33,37,20541586,0.6065309695182063,0,0.6065309695182063,1.0,,,,
34,38,20132324,0.6065315682100055,0,0.6065315682100055,1.0,,,,
35,39,19732830,0.6065309395652813,0,0.6065309395652813,1.0,,,,
36,40,19342560,0.6065314762498275,0,0.6065314762498275,1.0,,,,
37,41,18961352,0.6065311218327213,0,0.6065311218327213,1.0,,,,
38,42,18588780,0.6065312729686713,0,0.6065312729686713,1.0,,,,
39,43,18224604,0.6065311727608634,0,0.6065311727608634,1.0,,,,
40,44,17868488,0.6065314799933209,0,0.6065314799933209,1.0,,,,
41,45,17520210,0.6065315183775407,0,0.6065315183775407,1.0,,,,
42,46,17179528,0.6065310057455873,0,0.6065310057455873,1.0,,,,
43,47,16846116,0.6065310069970703,0,0.6065310069970703,1.0,,,,
44,48,16519776,0.6065309601461708,0,0.6065309601461708,1.0,,,,
45,49,16200282,0.6065308309030714,0,0.6065308309030714,1.0,,,,
46,50,15887400,0.606530848819648,0,0.606530848819648,1.0,,,,
47,51,15580908,0.6065312184785027,0,0.6065312184785027,1.0,,,,
48,52,15280616,0.6065317954973937,0,0.6065317954973937,1.0,,,,
49,53,14986386,0.6065317169163464,0,0.6065317169163464,1.0,,,,
50,54,14698044,0.6065307741766832,0,0.6065307741766832,1.0,,,,
51,55,14415280,0.6065311395376278,0,0.6065311395376278,1.0,,,,
52,56,14137984,0.6065318693583367,0,0.6065318693583367,1.0,,,,
53,57,13866048,0.6065320262683448,0,0.6065320262683448,1.0,,,,
54,58,13599260,0.6065325545351624,0,0.6065325545351624,1.0,,,,
55,59,13337540,0.6065321969750669,0,0.6065321969750669,1.0,,,,
56,60,13080720,0.6065313277307557,0,0.6065313277307557,1.0,,,,
57,61,12828544,0.6065321072786437,0,0.6065321072786437,1.0,,,,
58,62,12581040,0.6065315260433685,0,0.6065315260433685,1.0,,,,
59,63,12337920,0.6065326080759603,0,0.6065326080759603,1.0,,,,
60,64,12099200,0.6065326541893717,0,0.6065326541893717,1.0,,,,
61,65,11864710,0.6065326220953623,0,0.6065326220953623,1.0,,,,
62,66,11634348,0.606532226863723,0,0.606532226863723,1.0,,,,
63,67,11407956,0.6065324331302527,0,0.6065324331302527,1.0,,,,
64,68,11185456,0.6065326433614833,0,0.6065326433614833,1.0,,,,
65,69,10966722,0.6065333505383765,0,0.6065333505383765,1.0,,,,
66,70,10751720,0.6065331037851244,0,0.6065331037851244,1.0,,,,
67,71,10540376,0.6065313296654175,0,0.6065313296654175,1.0,,,,
68,72,10332432,0.606531782114541,0,0.606531782114541,1.0,,,,
69,73,10127874,0.6065327858369415,0,0.6065327858369415,1.0,,,,
70,74,9926656,0.6065333777355404,0,0.6065333777355404,1.0,,,,
71,75,9728700,0.6065333792936171,0,0.6065333792936171,1.0,,,,
72,76,9533896,0.6065334782991194,0,0.6065334782991194,1.0,,,,
73,77,9342256,0.6065313392213713,0,0.6065313392213713,1.0,,,,
74,78,9153456,0.6065333545725919,0,0.6065333545725919,1.0,,,,
75,79,8967606,0.6065348440926522,0,0.6065348440926522,1.0,,,,
76,80,8784800,0.6065312316441563,0,0.6065312316441563,1.0,,,,
77,81,8604630,0.6065316974894583,0,0.6065316974894583,1.0,,,,
78,82,8427140,0.6065333266929631,0,0.6065333266929631,1.0,,,,
79,83,8252358,0.6065334783772559,0,0.6065334783772559,1.0,,,,
80,84,8080128,0.6065348365773826,0,0.6065348365773826,1.0,,,,
81,85,7910610,0.6065307396257953,0,0.6065307396257953,1.0,,,,
82,86,7743268,0.6065356935506344,0,0.6065356935506344,1.0,,,,
83,87,7578570,0.6065335644571753,0,0.6065335644571753,1.0,,,,
84,88,7416112,0.6065352183808663,0,0.6065352183808663,1.0,,,,
85,89,7255992,0.606535851225592,0,0.606535851225592,1.0,,,,
86,90,7098120,0.6065366697183172,0,0.6065366697183172,1.0,,,,
87,91,6942572,0.6065332728269998,0,0.6065332728269998,1.0,,,,
88,92,6789048,0.6065342801144831,0,0.6065342801144831,1.0,,,,
89,93,6637596,0.6065365022688859,0,0.6065365022688859,1.0,,,,
90,94,6488256,0.606536794885945,0,0.606536794885945,1.0,,,,
91,95,6341060,0.6065320722005033,0,0.6065320722005033,1.0,,,,
92,96,6195648,0.6065342861817128,0,0.6065342861817128,1.0,,,,
93,97,6052218,0.6065343205450816,0,0.6065343205450816,1.0,,,,
94,98,5910576,0.6065382320801376,0,0.6065382320801376,1.0,,,,
95,99,5770908,0.6065368142992494,0,0.6065368142992494,1.0,,,,
96,100,5633000,0.6065371449806725,0,0.6065371449806725,1.0,,,,
97,101,5496824,0.6065388877997782,0,0.6065388877997782,1.0,,,,
98,102,5362548,0.6065328856709685,0,0.6065328856709685,1.0,,,,
99,103,5229722,0.606537634101309,0,0.606537634101309,1.0,,,,
100,104,5098704,0.6065353136571637,0,0.6065353136571637,1.0,,,,
101,105,4969230,0.6065365021807178,0,0.6065365021807178,1.0,,,,
102,106,4841444,0.6065325951847265,0,0.6065325951847265,1.0,,,,
103,107,4715062,0.6065360289304961,0,0.6065360289304961,1.0,,,,
104,108,4590216,0.6065387500687623,0,0.6065387500687623,1.0,,,,
105,109,4467038,0.6065318395319209,0,0.6065318395319209,1.0,,,,
106,110,4345000,0.6065421212014387,0,0.6065421212014387,1.0,,,,
107,111,4224660,0.6065374226374566,0,0.6065374226374566,1.0,,,,
108,112,4105696,0.6065336353560967,0,0.6065336353560967,1.0,,,,
109,113,3987996,0.606535873038505,0,0.606535873038505,1.0,,,,
110,114,3871668,0.6065361656503887,0,0.6065361656503887,1.0,,,,
111,115,3756590,0.6065403890700225,0,0.6065403890700225,1.0,,,,
112,116,3642864,0.6065403295772162,0,0.6065403295772162,1.0,,,,
113,117,3530358,0.606542774995387,0,0.606542774995387,1.0,,,,
114,118,3419168,0.6065393198681129,0,0.6065393198681129,1.0,,,,
115,119,3309152,0.6065378561707317,0,0.6065378561707317,1.0,,,,
116,120,3200160,0.6065480017762458,0,0.6065480017762458,1.0,,,,
117,121,3092518,0.6065435203695179,0,0.6065435203695179,1.0,,,,
118,122,2986072,0.606533302168137,0,0.606533302168137,1.0,,,,
119,123,2880414,0.6065489337385487,0,0.6065489337385487,1.0,,,,
120,124,2776112,0.6065417551656683,0,0.6065417551656683,1.0,,,,
121,125,2672750,0.6065445913363174,0,0.6065445913363174,1.0,,,,
122,126,2570400,0.6065496469117977,0,0.6065496469117977,1.0,,,,
123,127,2469134,0.606547834807647,0,0.606547834807647,1.0,,,,
124,128,2368768,0.6065546845952656,0,0.6065546845952656,1.0,,,,
125,129,2269626,0.6065343011373732,0,0.6065343011373732,1.0,,,,
126,130,2171000,0.6065592985447327,0,0.6065592985447327,1.0,,,,
127,131,2073730,0.6065353281591073,0,0.6065353281591073,1.0,,,,
128,132,1977096,0.6065404515921923,0,0.6065404515921923,1.0,,,,
129,133,1881418,0.6065349107873291,0,0.6065349107873291,1.0,,,,
130,134,1786488,0.6065419242801098,0,0.6065419242801098,1.0,,,,
131,135,1692360,0.60655235463734,0,0.60655235463734,1.0,,,,
132,136,1599088,0.6065547945680669,0,0.6065547945680669,1.0,,,,
133,137,1506726,0.6065348893898749,0,0.6065348893898749,1.0,,,,
134,138,1414776,0.6065689409742678,0,0.6065689409742678,1.0,,,,
135,139,1323836,0.6065534797180586,0,0.6065534797180586,1.0,,,,
136,140,1233400,0.6065710875271066,0,0.6065710875271066,1.0,,,,
137,141,1143792,0.6065541083024913,0,0.6065541083024913,1.0,,,,
138,142,1054776,0.6065399817875327,0,0.6065399817875327,1.0,,,,
139,143,966108,0.6065811572703637,0,0.6065811572703637,1.0,,,,
140,144,878112,0.6065929391356988,0,0.6065929391356988,1.0,,,,
141,145,790830,0.6065374699673648,0,0.6065374699673648,1.0,,,,
142,146,703720,0.6065567790889689,0,0.6065567790889689,1.0,,,,
143,147,616812,0.6066433285269965,0,0.6066433285269965,1.0,,,,
144,148,530432,0.6066407113090236,0,0.6066407113090236,1.0,,,,
145,149,444318,0.6065773357675748,0,0.6065773357675748,1.0,,,,
146,150,357900,0.6066879588539803,0,0.6066879588539803,1.0,,,,
147,151,271498,0.6066356809333635,0,0.6066356809333635,1.0,,,,
148,152,184224,0.6068135876626505,0,0.6068135876626505,1.0,,,,
149,152,304,0.8767094145019025,0,0.8767094145019025,1.0,,,,
0,4,142875992,0.6065306631322243,0,0.6065306631322243,1.0,,,,
1,5,142875990,0.6065306680973045,0,0.6065306680973045,1.0,,,,
2,6,142875996,0.606530660158375,0,0.606530660158375,1.0,,,,
3,7,142875992,0.6065306631322243,0,0.6065306631322243,1.0,,,,
4,8,142875984,0.606530682992545,0,0.606530682992545,1.0,,,,
5,9,142875990,0.6065306680973045,0,0.6065306680973045,1.0,,,,
6,10,142875980,0.6065306859663951,0,0.6065306859663951,1.0,,,,
7,11,142875986,0.6065306780274647,0,0.6065306780274647,1.0,,,,
8,12,142875984,0.606530682992545,0,0.606530682992545,1.0,,,,
9,13,142875980,0.6065306859663951,0,0.6065306859663951,1.0,,,,
10,14,142875992,0.6065306631322243,0,0.6065306631322243,1.0,,,,
11,15,142875990,0.6065306680973045,0,0.6065306680973045,1.0,,,,
12,16,142875968,0.6065307088005678,0,0.6065307088005678,1.0,,,,
13,17,142771984,0.6065306961469445,0,0.6065306961469445,1.0,,,,
14,18,142560864,0.6065307177466612,0,0.6065307177466612,1.0,,,,
15,19,142344694,0.6065306675277056,0,0.6065306675277056,1.0,,,,
16,20,142123200,0.6065306905802507,0,0.6065306905802507,1.0,,,,
17,21,141896244,0.6065306850538718,0,0.6065306850538718,1.0,,,,
18,22,141663588,0.6065307092378537,0,0.6065307092378537,1.0,,,,
19,23,141425068,0.6065306776134785,0,0.6065306776134785,1.0,,,,
20,24,141180384,0.6065306996981537,0,0.6065306996981537,1.0,,,,
21,25,140929350,0.60653070074641,0,0.60653070074641,1.0,,,,
22,26,140671700,0.606530700564291,0,0.606530700564291,1.0,,,,
23,27,140407182,0.6065306661272423,0,0.6065306661272423,1.0,,,,
24,28,140135464,0.6065306998896168,0,0.6065306998896168,1.0,,,,
25,29,139856328,0.6065306643255184,0,0.6065306643255184,1.0,,,,
26,30,139569360,0.6065307401357575,0,0.6065307401357575,1.0,,,,
27,31,139274382,0.6065306630941854,0,0.6065306630941854,1.0,,,,
28,32,138970880,0.6065307202655896,0,0.6065307202655896,1.0,,,,
29,33,138658608,0.6065307010615143,0,0.6065307010615143,1.0,,,,
30,34,138337092,0.6065307591002078,0,0.6065307591002078,1.0,,,,
31,35,138005980,0.6065307741355914,0,0.6065307741355914,1.0,,,,
32,36,137664864,0.6065307026187078,0,0.6065307026187078,1.0,,,,
33,37,137313142,0.6065307792047284,0,0.6065307792047284,1.0,,,,
34,38,136950480,0.6065307322376282,0,0.6065307322376282,1.0,,,,
35,39,136576284,0.6065306668485665,0,0.6065306668485665,1.0,,,,
36,40,136189920,0.6065307322453992,0,0.6065307322453992,1.0,,,,
37,41,135790852,0.606530804726725,0,0.606530804726725,1.0,,,,
38,42,135378516,0.6065307623003957,0,0.6065307623003957,1.0,,,,
39,43,134952146,0.6065307599837745,0,0.6065307599837745,1.0,,,,
40,44,134511080,0.6065306833450892,0,0.6065306833450892,1.0,,,,
41,45,134054460,0.6065306687144472,0,0.6065306687144472,1.0,,,,
42,46,133581424,0.6065307733392167,0,0.6065307733392167,1.0,,,,
43,47,133091216,0.6065307456195456,0,0.6065307456195456,1.0,,,,
44,48,132582816,0.606530689094216,0,0.606530689094216,1.0,,,,
45,49,132055098,0.6065307805005035,0,0.6065307805005035,1.0,,,,
46,50,131507100,0.6065307300472164,0,0.6065307300472164,1.0,,,,
47,51,130937502,0.6065307695723264,0,0.6065307695723264,1.0,,,,
48,52,130345072,0.6065307690237844,0,0.6065307690237844,1.0,,,,
49,53,129728418,0.6065307093430917,0,0.6065307093430917,1.0,,,,
50,54,129085920,0.6065307704624373,0,0.6065307704624373,1.0,,,,
51,55,128415980,0.6065308545403213,0,0.6065308545403213,1.0,,,,
52,56,127716960,0.6065306717951302,0,0.6065306717951302,1.0,,,,
53,57,126986652,0.6065306854459674,0,0.6065306854459674,1.0,,,,
54,58,126222964,0.6065308187101757,0,0.6065308187101757,1.0,,,,
55,59,125423734,0.6065307536859336,0,0.6065307536859336,1.0,,,,
56,60,124586280,0.6065307096212271,0,0.6065307096212271,1.0,,,,
57,61,123707756,0.6065307776422447,0,0.6065307776422447,1.0,,,,
58,62,122785172,0.6065307482030314,0,0.6065307482030314,1.0,,,,
59,63,121815036,0.6065307889362966,0,0.6065307889362966,1.0,,,,
60,64,120793600,0.6065308536972867,0,0.6065308536972867,1.0,,,,
61,65,119716740,0.6065308301161404,0,0.6065308301161404,1.0,,,,
62,66,118579824,0.606530676328815,0,0.606530676328815,1.0,,,,
63,67,117377434,0.6065308811964851,0,0.6065308811964851,1.0,,,,
64,68,116104016,0.6065309361688649,0,0.6065309361688649,1.0,,,,
65,69,114753072,0.6065308345787005,0,0.6065308345787005,1.0,,,,
66,70,113317120,0.6065308921822129,0,0.6065308921822129,1.0,,,,
67,71,111788080,0.6065306873749325,0,0.6065306873749325,1.0,,,,
68,72,110156256,0.6065308658525252,0,0.6065308658525252,1.0,,,,
69,73,108411278,0.6065307157870368,0,0.6065307157870368,1.0,,,,
70,74,106540612,0.6065308680471374,0,0.6065308680471374,1.0,,,,
71,75,104530350,0.6065309291055683,0,0.6065309291055683,1.0,,,,
72,76,102364248,0.6065308237171485,0,0.6065308237171485,1.0,,,,
73,77,100023308,0.6065307374620429,0,0.6065307374620429,1.0,,,,
74,78,97485336,0.606530853730769,0,0.606530853730769,1.0,,,,
75,79,94724476,0.6065307668736276,0,0.6065307668736276,1.0,,,,
76,80,91709760,0.606530763250982,0,0.606530763250982,1.0,,,,
77,81,88404372,0.6065307798993884,0,0.6065307798993884,1.0,,,,
78,82,84763892,0.606530904891535,0,0.606530904891535,1.0,,,,
79,83,80734432,0.6065308383856463,0,0.6065308383856463,1.0,,,,
80,84,76249488,0.606530955437068,0,0.606530955437068,1.0,,,,
81,85,71226600,0.606530824832031,0,0.606530824832031,1.0,,,,
82,86,65561412,0.6065308442483154,0,0.6065308442483154,1.0,,,,
83,87,59120154,0.6065313483386463,0,0.6065313483386463,1.0,,,,
84,88,51728160,0.6065311442343665,0,0.6065311442343665,1.0,,,,
85,89,43150226,0.6065313401444117,0,0.6065313401444117,1.0,,,,
86,90,33059160,0.6065317826183665,0,0.6065317826183665,1.0,,,,
87,90,180,0.8769958517695154,0,0.8769958517695154,1.0,,,,
0,4,364128,0.6065336970472263,0,0.6065336970472263,1.0,,,,
1,5,329630,0.6065321087415435,0,0.6065321087415435,1.0,,,,
2,6,364128,0.6065336970472263,0,0.6065336970472263,1.0,,,,
3,7,338772,0.6065397069681981,0,0.6065397069681981,1.0,,,,
4,8,364128,0.6065336970472263,0,0.6065336970472263,1.0,,,,
5,9,344088,0.6065385187305927,0,0.6065385187305927,1.0,,,,
6,10,364120,0.6065390263942024,0,0.6065390263942024,1.0,,,,
7,11,347556,0.6065413839276423,0,0.6065413839276423,1.0,,,,
8,12,364128,0.6065336970472263,0,0.6065336970472263,1.0,,,,
9,13,350012,0.6065346413654215,0,0.6065346413654215,1.0,,,,
10,14,364112,0.6065443557787904,0,0.6065443557787904,1.0,,,,
11,15,351810,0.6065474789344639,0,0.6065474789344639,1.0,,,,
12,16,364128,0.6065336970472263,0,0.6065336970472263,1.0,,,,
13,17,353226,0.6065380329135424,0,0.6065380329135424,1.0,,,,
14,18,364104,0.6065496851832698,0,0.6065496851832698,1.0,,,,
15,19,354350,0.6065320275640147,0,0.6065320275640147,1.0,,,,
16,20,364120,0.6065390263942024,0,0.6065390263942024,1.0,,,,
17,21,355236,0.6065471497190782,0,0.6065471497190782,1.0,,,,
18,22,364100,0.6065523499040509,0,0.6065523499040509,1.0,,,,
19,23,355994,0.6065442735753019,0,0.6065442735753019,1.0,,,,
20,24,364128,0.6065336970472263,0,0.6065336970472263,1.0,,,,
21,25,356600,0.6065644954696348,0,0.6065644954696348,1.0,,,,
22,26,364104,0.6065496851832698,0,0.6065496851832698,1.0,,,,
23,27,357156,0.6065559018274944,0,0.6065559018274944,1.0,,,,
24,28,364112,0.6065443557787904,0,0.6065443557787904,1.0,,,,
25,29,357628,0.6065544013519064,0,0.6065544013519064,1.0,,,,
26,30,364080,0.6065656736224964,0,0.6065656736224964,1.0,,,,
27,31,358050,0.606546413435103,0,0.606546413435103,1.0,,,,
28,32,364096,0.606555014643103,0,0.606555014643103,1.0,,,,
29,33,358380,0.6065675966401267,0,0.6065675966401267,1.0,,,,
30,34,364072,0.6065710031775247,0,0.6065710031775247,1.0,,,,
31,35,358750,0.6065341969994774,0,0.6065341969994774,1.0,,,,
32,36,364104,0.6065496851832698,0,0.6065496851832698,1.0,,,,
33,37,358974,0.6065764145785253,0,0.6065764145785253,1.0,,,,
34,38,364116,0.6065416910773624,0,0.6065416910773624,1.0,,,,
35,39,359268,0.6065517415873386,0,0.6065517415873386,1.0,,,,
36,40,364080,0.6065656736224964,0,0.6065656736224964,1.0,,,,
37,41,359488,0.6065603034131762,0,0.6065603034131762,1.0,,,,
38,42,364056,0.6065816623651027,0,0.6065816623651027,1.0,,,,
39,43,359738,0.6065342099433398,0,0.6065342099433398,1.0,,,,
40,44,364056,0.6065816623651027,0,0.6065816623651027,1.0,,,,
41,45,359910,0.6065482048829963,0,0.6065482048829963,1.0,,,,
42,46,364044,0.6065896568325103,0,0.6065896568325103,1.0,,,,
43,47,360020,0.6065930267832529,0,0.6065930267832529,1.0,,,,
44,48,364128,0.6065336970472263,0,0.6065336970472263,1.0,,,,
45,49,360248,0.606548755118237,0,0.606548755118237,1.0,,,,
46,50,364100,0.6065523499040509,0,0.6065523499040509,1.0,,,,
47,51,360366,0.6065700820080729,0,0.6065700820080729,1.0,,,,
48,52,364104,0.6065496851832698,0,0.6065496851832698,1.0,,,,
49,53,360506,0.6065690667750879,0,0.6065690667750879,1.0,,,,
50,54,364068,0.6065736679558648,0,0.6065736679558648,1.0,,,,
51,55,360690,0.6065317518246344,0,0.6065317518246344,1.0,,,,
52,56,364112,0.6065443557787904,0,0.6065443557787904,1.0,,,,
53,57,360810,0.606531483998646,0,0.606531483998646,1.0,,,,
54,58,364124,0.6065363617293096,0,0.6065363617293096,1.0,,,,
55,59,360844,0.6065836185560688,0,0.6065836185560688,1.0,,,,
56,60,364080,0.6065656736224964,0,0.6065656736224964,1.0,,,,
57,61,360998,0.6065502181902926,0,0.6065502181902926,1.0,,,,
58,62,364064,0.6065763327524824,0,0.6065763327524824,1.0,,,,
59,63,361116,0.6065366091161869,0,0.6065366091161869,1.0,,,,
60,64,364032,0.6065976513758381,0,0.6065976513758381,1.0,,,,
61,65,361140,0.6065821289907376,0,0.6065821289907376,1.0,,,,
62,66,364056,0.6065816623651027,0,0.6065816623651027,1.0,,,,
63,67,361264,0.6065568353490365,0,0.6065568353490365,1.0,,,,
64,68,364072,0.6065710031775247,0,0.6065710031775247,1.0,,,,
65,69,361284,0.6065980326891685,0,0.6065980326891685,1.0,,,,
66,70,364000,0.606618970549088,0,0.606618970549088,1.0,,,,
67,71,361390,0.6065784409326778,0,0.6065784409326778,1.0,,,,
68,72,364032,0.6065976513758381,0,0.6065976513758381,1.0,,,,
69,73,361496,0.6065560542683623,0,0.6065560542683623,1.0,,,,
70,74,364080,0.6065656736224964,0,0.6065656736224964,1.0,,,,
71,75,361500,0.6065995246848584,0,0.6065995246848584,1.0,,,,
72,76,364040,0.6065923216679108,0,0.6065923216679108,1.0,,,,
73,77,361592,0.6065815723524237,0,0.6065815723524237,1.0,,,,
74,78,364104,0.6065496851832698,0,0.6065496851832698,1.0,,,,
75,79,361662,0.6065761803389934,0,0.6065761803389934,1.0,,,,
76,80,364000,0.606618970549088,0,0.606618970549088,1.0,,,,
77,81,361746,0.6065593648114391,0,0.6065593648114391,1.0,,,,
78,82,364080,0.6065656736224964,0,0.6065656736224964,1.0,,,,
79,83,361714,0.6066184328262597,0,0.6066184328262597,1.0,,,,
80,84,364056,0.6065816623651027,0,0.6065816623651027,1.0,,,,
81,85,361760,0.6066234388844173,0,0.6066234388844173,1.0,,,,
82,86,364124,0.6065363617293096,0,0.6065363617293096,1.0,,,,
83,87,361920,0.6065503988531027,0,0.6065503988531027,1.0,,,,
84,88,363968,0.6066402902372546,0,0.6066402902372546,1.0,,,,
85,89,361874,0.6066139008348346,0,0.6066139008348346,1.0,,,,
86,90,363960,0.6066456202492214,0,0.6066456202492214,1.0,,,,
87,91,361998,0.60656204889847,0,0.60656204889847,1.0,,,,
88,92,363952,0.6066509502812245,0,0.6066509502812245,1.0,,,,
89,93,361956,0.606620090728157,0,0.606620090728157,1.0,,,,
90,94,363968,0.6066402902372546,0,0.6066402902372546,1.0,,,,
91,95,361950,0.6066527523170573,0,0.6066527523170573,1.0,,,,
92,96,364032,0.6065976513758381,0,0.6065976513758381,1.0,,,,
93,97,362004,0.6066440403250851,0,0.6066440403250851,1.0,,,,
94,98,363972,0.6066376252498579,0,0.6066376252498579,1.0,,,,
95,99,362142,0.6065779668162932,0,0.6065779668162932,1.0,,,,
96,100,364000,0.606618970549088,0,0.606618970549088,1.0,,,,
97,101,362186,0.6065738207646,0,0.6065738207646,1.0,,,,
98,102,363936,0.6066616104585305,0,0.6066616104585305,1.0,,,,
99,103,362148,0.6066236061940412,0,0.6066236061940412,1.0,,,,
100,104,364000,0.606618970549088,0,0.606618970549088,1.0,,,,
101,105,362250,0.606578721712812,0,0.606578721712812,1.0,,,,
102,106,364004,0.6066163056194359,0,0.6066163056194359,1.0,,,,
103,107,362302,0.6065664500568688,0,0.6065664500568688,1.0,,,,
104,108,363960,0.6066456202492214,0,0.6066456202492214,1.0,,,,
105,109,362316,0.6065787952564301,0,0.6065787952564301,1.0,,,,
106,110,364100,0.6065523499040509,0,0.6065523499040509,1.0,,,,
107,111,362304,0.606607763489526,0,0.606607763489526,1.0,,,,
108,112,364000,0.606618970549088,0,0.606618970549088,1.0,,,,
109,113,362278,0.606645361224024,0,0.606645361224024,1.0,,,,
110,114,364116,0.6065416910773624,0,0.6065416910773624,1.0,,,,
111,115,362250,0.6066835940737715,0,0.6066835940737715,1.0,,,,
112,116,364008,0.6066136407080743,0,0.6066136407080743,1.0,,,,
113,117,362466,0.6065578636639666,0,0.6065578636639666,1.0,,,,
114,118,363912,0.6066776009724077,0,0.6066776009724077,1.0,,,,
115,119,362474,0.6065707108826746,0,0.6065707108826746,1.0,,,,
116,120,364080,0.6065656736224964,0,0.6065656736224964,1.0,,,,
117,121,362516,0.6065602083022371,0,0.6065602083022371,1.0,,,,
118,122,364048,0.6065869919976681,0,0.6065869919976681,1.0,,,,
119,123,362358,0.6066829535937145,0,0.6066829535937145,1.0,,,,
120,124,364064,0.6065763327524824,0,0.6065763327524824,1.0,,,,
121,125,362500,0.6066044258932379,0,0.6066044258932379,1.0,,,,
122,126,363888,0.6066935917733329,0,0.6066935917733329,1.0,,,,
123,127,362458,0.6066484890965527,0,0.6066484890965527,1.0,,,,
124,128,364032,0.6065976513758381,0,0.6065976513758381,1.0,,,,
125,129,362490,0.6066425508670027,0,0.6066425508670027,1.0,,,,
126,130,364000,0.606618970549088,0,0.606618970549088,1.0,,,,
127,131,362608,0.6065786177021124,0,0.6065786177021124,1.0,,,,
128,132,364056,0.6065816623651027,0,0.6065816623651027,1.0,,,,
129,133,362558,0.606626611330185,0,0.606626611330185,1.0,,,,
130,134,363944,0.606656280350992,0,0.606656280350992,1.0,,,,
131,135,362610,0.6066059503737058,0,0.6066059503737058,1.0,,,,
132,136,363936,0.6066616104585305,0,0.6066616104585305,1.0,,,,
133,137,362502,0.6066918906981916,0,0.6066918906981916,1.0,,,,
134,138,364044,0.6065896568325103,0,0.6065896568325103,1.0,,,,
135,139,362512,0.6066985132313036,0,0.6066985132313036,1.0,,,,
136,140,364000,0.606618970549088,0,0.606618970549088,1.0,,,,
137,141,362652,0.6066178212614771,0,0.6066178212614771,1.0,,,,
138,142,364088,0.6065603441228423,0,0.6065603441228423,1.0,,,,
139,143,362648,0.6066330715774376,0,0.6066330715774376,1.0,,,,
140,144,364032,0.6065976513758381,0,0.6065976513758381,1.0,,,,
141,145,359310,0.6067076736306148,0,0.6067076736306148,1.0,,,,
142,146,360620,0.6067078345439961,0,0.6067078345439961,1.0,,,,
143,147,356034,0.6065786015742352,0,0.6065786015742352,1.0,,,,
144,148,357272,0.6066145466218587,0,0.6066145466218587,1.0,,,,
145,149,352534,0.6066260855438774,0,0.6066260855438774,1.0,,,,
146,150,353700,0.6066981143194909,0,0.6066981143194909,1.0,,,,
147,151,349112,0.6066451377847164,0,0.6066451377847164,1.0,,,,
148,152,350512,0.6065424938449326,0,0.6065424938449326,1.0,,,,
149,153,345780,0.6066260919965404,0,0.6066260919965404,1.0,,,,
150,154,347116,0.6065540111192057,0,0.6065540111192057,1.0,,,,
151,155,342550,0.6065589369950559,0,0.6065589369950559,1.0,,,,
152,156,343512,0.6067372121153047,0,0.6067372121153047,1.0,,,,
153,157,339120,0.6066578478005226,0,0.6066578478005226,1.0,,,,
154,158,340332,0.6066463241078034,0,0.6066463241078034,1.0,,,,
155,159,335808,0.6066976835925013,0,0.6066976835925013,1.0,,,,
156,160,336960,0.6067161639694738,0,0.6067161639694738,1.0,,,,
157,161,332626,0.6066675506568721,0,0.6066675506568721,1.0,,,,
158,162,333720,0.6067156414246638,0,0.6067156414246638,1.0,,,,
159,163,329586,0.6065561929847942,0,0.6065561929847942,1.0,,,,
160,164,330624,0.6066334945799886,0,0.6066334945799886,1.0,,,,
161,165,326370,0.6065972550214404,0,0.6065972550214404,1.0,,,,
162,166,327352,0.606704026592533,0,0.606704026592533,1.0,,,,
163,167,323312,0.606544159483253,0,0.606544159483253,1.0,,,,
164,168,324240,0.6066800044017345,0,0.6066800044017345,1.0,,,,
165,169,320086,0.6066408313950857,0,0.6066408313950857,1.0,,,,
166,170,321300,0.606549225382062,0,0.606549225382062,1.0,,,,
167,171,317034,0.6066295956285027,0,0.6066295956285027,1.0,,,,
168,172,318200,0.6065613948640779,0,0.6065613948640779,1.0,,,,
169,173,313822,0.6067649880819078,0,0.6067649880819078,1.0,,,,
170,174,314940,0.6067203623258686,0,0.6067203623258686,1.0,,,,
171,175,310800,0.6067778632014087,0,0.6067778632014087,1.0,,,,
172,176,311872,0.6067563655288714,0,0.6067563655288714,1.0,,,,
173,177,307980,0.6066548096093748,0,0.6066548096093748,1.0,,,,
174,178,309008,0.6066559844870267,0,0.6066559844870267,1.0,,,,
175,179,305016,0.6066667294799672,0,0.6066667294799672,1.0,,,,
176,180,306000,0.6066907586163656,0,0.6066907586163656,1.0,,,,
177,181,301908,0.6068172457495838,0,0.6068172457495838,1.0,,,,
178,182,303212,0.6065729596782471,0,0.6065729596782471,1.0,,,,
179,183,299022,0.606813248785763,0,0.606813248785763,1.0,,,,
180,184,300288,0.6065854898611649,0,0.6065854898611649,1.0,,,,
181,185,296370,0.6066400433159973,0,0.6066400433159973,1.0,,,,
182,186,297228,0.6067318462988436,0,0.6067318462988436,1.0,,,,
183,187,293590,0.6065916477189517,0,0.6065916477189517,1.0,,,,
184,188,294408,0.6067057811778157,0,0.6067057811778157,1.0,,,,
185,189,290682,0.6066713904736036,0,0.6066713904736036,1.0,,,,
186,190,291460,0.6068080694049646,0,0.6068080694049646,1.0,,,,
187,191,288028,0.6065607671479396,0,0.6065607671479396,1.0,,,,
188,192,288768,0.606719518864297,0,0.606719518864297,1.0,,,,
189,193,285254,0.6065721250335118,0,0.6065721250335118,1.0,,,,
190,194,285956,0.6067531718605602,0,0.6067531718605602,1.0,,,,
191,195,282360,0.6067087316190943,0,0.6067087316190943,1.0,,,,
192,196,283416,0.6065765454998944,0,0.6065765454998944,1.0,,,,
193,197,279740,0.6066321071065527,0,0.6066321071065527,1.0,,,,
194,198,280368,0.6068577321361962,0,0.6068577321361962,1.0,,,,
195,199,277008,0.6066738085230324,0,0.6066738085230324,1.0,,,,
196,200,278000,0.6065724048366076,0,0.6065724048366076,1.0,,,,
197,201,274164,0.6068370136339877,0,0.6068370136339877,1.0,,,,
198,202,275124,0.6067511496400161,0,0.6067511496400161,1.0,,,,
199,203,271614,0.6067623031108258,0,0.6067623031108258,1.0,,,,
200,204,272544,0.6066914725125436,0,0.6066914725125436,1.0,,,,
201,205,268960,0.6068013400838478,0,0.6068013400838478,1.0,,,,
202,206,269860,0.606745647745126,0,0.606745647745126,1.0,,,,
203,207,266616,0.6065801577585659,0,0.6065801577585659,1.0,,,,
204,208,267488,0.606539087249034,0,0.606539087249034,1.0,,,,
205,209,263758,0.6068484973744145,0,0.6068484973744145,1.0,,,,
206,210,264600,0.6068227912594734,0,0.6068227912594734,1.0,,,,
207,211,261218,0.6068479621091434,0,0.6068479621091434,1.0,,,,
208,212,262032,0.606837105707785,0,0.606837105707785,1.0,,,,
209,213,259008,0.6065590654591498,0,0.6065590654591498,1.0,,,,
210,214,259796,0.6065625302663806,0,0.6065625302663806,1.0,,,,
211,215,256280,0.6067758409667491,0,0.6067758409667491,1.0,,,,
212,216,257040,0.6067943995322936,0,0.6067943995322936,1.0,,,,
213,217,253890,0.6066946390068405,0,0.6066946390068405,1.0,,,,
214,218,254624,0.6067277629304834,0,0.6067277629304834,1.0,,,,
215,219,251412,0.6067175791061082,0,0.6067175791061082,1.0,,,,
216,220,252120,0.6067653979111955,0,0.6067653979111955,1.0,,,,
217,221,248846,0.6068474671970222,0,0.6068474671970222,1.0,,,,
218,222,249528,0.6069101181143775,0,0.6069101181143775,1.0,,,,
219,223,246638,0.6066481205921266,0,0.6066481205921266,1.0,,,,
220,224,247296,0.606725057406169,0,0.606725057406169,1.0,,,,
221,225,244350,0.606544937548393,0,0.606544937548393,1.0,,,,
222,226,244984,0.6066362956018563,0,0.6066362956018563,1.0,,,,
223,227,241982,0.6065404917873182,0,0.6065404917873182,1.0,,,,
224,228,242592,0.6066464137705363,0,0.6066464137705363,1.0,,,,
225,229,239534,0.6066374481419116,0,0.6066374481419116,1.0,,,,
226,230,240120,0.6067580845025768,0,0.6067580845025768,1.0,,,,
227,231,237006,0.6068385673359394,0,0.6068385673359394,1.0,,,,
228,232,237568,0.6069740765374144,0,0.6069740765374144,1.0,,,,
229,233,234864,0.6066648749877174,0,0.6066648749877174,1.0,,,,
230,234,235404,0.6068146843762282,0,0.6068146843762282,1.0,,,,
231,235,232650,0.60658310458175,0,0.60658310458175,1.0,,,,
232,236,233168,0.6067473681470312,0,0.6067473681470312,1.0,,,,
233,237,230364,0.6065957351838452,0,0.6065957351838452,1.0,,,,
234,238,230860,0.6067746145517475,0,0.6067746145517475,1.0,,,,
235,239,228006,0.6067053337545606,0,0.6067053337545606,1.0,,,,
236,240,228480,0.6068989984879085,0,0.6068989984879085,1.0,,,,
237,241,225576,0.6069145596829262,0,0.6069145596829262,1.0,,,,
238,242,226512,0.6066041276203628,0,0.6066041276203628,1.0,,,,
239,243,223560,0.6066982072770708,0,0.6066982072770708,1.0,,,,
240,244,223992,0.6069211889967607,0,0.6069211889967607,1.0,,,,
241,245,221480,0.606567622206213,0,0.606567622206213,1.0,,,,
242,246,221892,0.6068051279478,0,0.6068051279478,1.0,,,,
243,247,218842,0.6070724340914366,0,0.6070724340914366,1.0,,,,
244,248,219728,0.6067773354707677,0,0.6067773354707677,1.0,,,,
245,249,217128,0.6065731285264907,0,0.6065731285264907,1.0,,,,
246,250,217500,0.6068402245815177,0,0.6068402245815177,1.0,,,,
247,251,214856,0.606714115756337,0,0.606714115756337,1.0,,,,
248,252,215208,0.6069962946346711,0,0.6069962946346711,1.0,,,,
249,253,212520,0.6069506705706107,0,0.6069506705706107,1.0,,,,
250,254,213360,0.6066697463287466,0,0.6066697463287466,1.0,,,,
251,255,210630,0.6066972992317822,0,0.6066972992317822,1.0,,,,
252,256,210944,0.6070093860482375,0,0.6070093860482375,1.0,,,,
253,257,208170,0.6071222342869144,0,0.6071222342869144,1.0,,,,
254,258,208980,0.6068504941672332,0,0.6068504941672332,1.0,,,,
255,259,206164,0.6070410623177629,0,0.6070410623177629,1.0,,,,
256,260,206960,0.6067736451336472,0,0.6067736451336472,1.0,,,,
257,261,204102,0.6070442144377075,0,0.6070442144377075,1.0,,,,
258,262,204884,0.6067811008796891,0,0.6067811008796891,1.0,,,,
259,263,201984,0.6071340325559265,0,0.6071340325559265,1.0,,,,
260,264,202752,0.6068752040763072,0,0.6068752040763072,1.0,,,,
261,265,200340,0.6066701460432935,0,0.6066701460432935,1.0,,,,
262,266,200564,0.6070583822085427,0,0.6070583822085427,1.0,,,,
263,267,198114,0.6069290159650448,0,0.6069290159650448,1.0,,,,
264,268,198856,0.6066782231491196,0,0.6066782231491196,1.0,,,,
265,269,196370,0.6066159949855221,0,0.6066159949855221,1.0,,,,
266,270,196560,0.6070352824848371,0,0.6070352824848371,1.0,,,,
267,271,194036,0.6070533116951794,0,0.6070533116951794,1.0,,,,
268,272,194752,0.606810486272336,0,0.606810486272336,1.0,,,,
269,273,192192,0.6068998959874141,0,0.6068998959874141,1.0,,,,
270,274,192896,0.6066607883991387,0,0.6066607883991387,1.0,,,,
271,275,190300,0.606823690775746,0,0.606823690775746,1.0,,,,
272,276,190992,0.6065882852595421,0,0.6065882852595421,1.0,,,,
273,277,188360,0.6068268667540073,0,0.6068268667540073,1.0,,,,
274,278,189040,0.606595148133182,0,0.606595148133182,1.0,,,,
275,279,186372,0.6069116732364083,0,0.6069116732364083,1.0,,,,
276,280,187040,0.6066836269729076,0,0.6066836269729076,1.0,,,,
277,281,184336,0.6070804421913603,0,0.6070804421913603,1.0,,,,
278,282,184992,0.606856054400771,0,0.606856054400771,1.0,,,,
279,283,182818,0.6065828926141922,0,0.6065828926141922,1.0,,,,
280,284,182896,0.6071148499189912,0,0.6071148499189912,1.0,,,,
281,285,180690,0.6069134095577433,0,0.6069134095577433,1.0,,,,
282,286,181324,0.6066958107049634,0,0.6066958107049634,1.0,,,,
283,287,179088,0.6065557538768571,0,0.6065557538768571,1.0,,,,
284,288,179136,0.607121134897978,0,0.607121134897978,1.0,,,,
285,289,176868,0.6070572107118498,0,0.6070572107118498,1.0,,,,
286,290,177480,0.6068463489014065,0,0.6068463489014065,1.0,,,,
287,291,175182,0.6068478144280941,0,0.6068478144280941,1.0,,,,
288,292,175784,0.6066400574805627,0,0.6066400574805627,1.0,,,,
289,293,173456,0.6067088835411271,0,0.6067088835411271,1.0,,,,
290,294,173460,0.6073259235031626,0,0.6073259235031626,1.0,,,,
291,295,171690,0.6066424473278291,0,0.6066424473278291,1.0,,,,
292,296,171680,0.6072768770951151,0,0.6072768770951151,1.0,,,,
293,297,169884,0.6066506096594981,0,0.6066506096594981,1.0,,,,
294,298,169860,0.6073027306451343,0,0.6073027306451343,1.0,,,,
295,299,168038,0.6067355528704225,0,0.6067355528704225,1.0,,,,
296,300,168600,0.6065400983530199,0,0.6065400983530199,1.0,,,,
297,301,166152,0.6068995417589659,0,0.6068995417589659,1.0,,,,
298,302,166704,0.6067071360253711,0,0.6067071360253711,1.0,,,,
299,303,164226,0.6071449278748234,0,0.6071449278748234,1.0,,,,
300,304,164768,0.6069555612748011,0,0.6069555612748011,1.0,,,,
301,305,162870,0.6065631316753197,0,0.6065631316753197,1.0,,,,
302,306,162792,0.6072878174827456,0,0.6072878174827456,1.0,,,,
303,307,160868,0.6069624111220422,0,0.6069624111220422,1.0,,,,
304,308,161392,0.6067785967748267,0,0.6067785967748267,1.0,,,,
305,309,158826,0.6074503238663796,0,0.6074503238663796,1.0,,,,
306,310,159340,0.6072695214857502,0,0.6072695214857502,1.0,,,,
307,311,157366,0.6070694899135132,0,0.6070694899135132,1.0,,,,
308,312,157872,0.606891190547143,0,0.606891190547143,1.0,,,,
309,313,155874,0.6067489825217752,0,0.6067489825217752,1.0,,,,
310,314,156372,0.6065731769102247,0,0.6065731769102247,1.0,,,,
311,315,153720,0.6074838419110672,0,0.6074838419110672,1.0,,,,
312,316,154208,0.6073110239138431,0,0.6073110239138431,1.0,,,,
313,317,152160,0.6073065305647645,0,0.6073065305647645,1.0,,,,
314,318,152640,0.6071361894657638,0,0.6071361894657638,1.0,,,,
315,319,150568,0.6071954919896808,0,0.6071954919896808,1.0,,,,
316,320,151040,0.607027619584644,0,0.607027619584644,1.0,,,,
317,321,148944,0.6071527382400533,0,0.6071527382400533,1.0,,,,
318,322,149408,0.6069873266879673,0,0.6069873266879673,1.0,,,,
319,323,147288,0.6071803594347289,0,0.6071803594347289,1.0,,,,
320,324,147744,0.6070174012507652,0,0.6070174012507652,1.0,,,,
321,325,145600,0.6072805278652164,0,0.6072805278652164,1.0,,,,
322,326,146048,0.6071200159763132,0,0.6071200159763132,1.0,,,,
323,327,143880,0.6074555023853306,0,0.6074555023853306,1.0,,,,
324,328,144320,0.6072974301213693,0,0.6072974301213693,1.0,,,,
325,329,142786,0.6065861896421455,0,0.6065861896421455,1.0,,,,
326,330,142560,0.6075519941921476,0,0.6075519941921476,1.0,,,,
327,331,141006,0.6068978659929593,0,0.6068978659929593,1.0,,,,
328,332,141432,0.6067441418745196,0,0.6067441418745196,1.0,,,,
329,333,139194,0.6072912069834866,0,0.6072912069834866,1.0,,,,
330,334,139612,0.6071399032998027,0,0.6071399032998027,1.0,,,,
331,335,138020,0.6065873624825351,0,0.6065873624825351,1.0,,,,
332,336,137760,0.6076199604662749,0,0.6076199604662749,1.0,,,,
333,337,136148,0.6071305410387419,0,0.6071305410387419,1.0,,,,
334,338,136552,0.6069835467966631,0,0.6069835467966631,1.0,,,,
335,339,134922,0.6065397590797303,0,0.6065397590797303,1.0,,,,
336,340,134640,0.6076185039919549,0,0.6076185039919549,1.0,,,,
337,341,132990,0.6072421009986139,0,0.6072421009986139,1.0,,,,
338,342,133380,0.6070993929921394,0,0.6070993929921394,1.0,,,,
339,343,131712,0.6067721211567282,0,0.6067721211567282,1.0,,,,
340,344,132096,0.6066312883659823,0,0.6066312883659823,1.0,,,,
341,345,129720,0.6076437278874159,0,0.6076437278874159,1.0,,,,
342,346,130096,0.6075052857445299,0,0.6075052857445299,1.0,,,,
343,347,128390,0.6073029580498771,0,0.6073029580498771,1.0,,,,
344,348,128760,0.607166380219817,0,0.607166380219817,1.0,,,,
345,349,127036,0.6070187645376327,0,0.6070187645376327,1.0,,,,
346,350,127400,0.6068840455869478,0,0.6068840455869478,1.0,,,,
347,351,125658,0.6067929880492408,0,0.6067929880492408,1.0,,,,
348,352,126016,0.606660122767539,0,0.606660122767539,1.0,,,,
349,353,124256,0.6066275451039923,0,0.6066275451039923,1.0,,,,
350,354,123900,0.6078803767413371,0,0.6078803767413371,1.0,,,,
351,355,122120,0.6079322432721678,0,0.6079322432721678,1.0,,,,
352,356,122464,0.6078035999461447,0,0.6078035999461447,1.0,,,,
353,357,120666,0.6079186239705835,0,0.6079186239705835,1.0,,,,
354,358,121004,0.6077918217339471,0,0.6077918217339471,1.0,,,,
355,359,119188,0.6079722004766986,0,0.6079722004766986,1.0,,,,
356,360,119520,0.6078472353313472,0,0.6078472353313472,1.0,,,,
357,361,118408,0.6066103363941502,0,0.6066103363941502,1.0,,,,
358,362,118012,0.6079721295196026,0,0.6079721295196026,1.0,,,,
359,363,116886,0.6067782735049089,0,0.6067782735049089,1.0,,,,
360,364,117208,0.6066564354511876,0,0.6066564354511876,1.0,,,,
361,365,115340,0.6070198919810954,0,0.6070198919810954,1.0,,,,
362,366,115656,0.6068998787929796,0,0.6068998787929796,1.0,,,,
363,367,113770,0.6073377741024589,0,0.6073377741024589,1.0,,,,
364,368,114080,0.607219582966767,0,0.607219582966767,1.0,,,,
365,369,112176,0.6077346207029414,0,0.6077346207029414,1.0,,,,
366,370,112480,0.6076182491960439,0,0.6076182491960439,1.0,,,,
367,371,111300,0.6065891931769987,0,0.6065891931769987,1.0,,,,
368,372,110856,0.608098704389777,0,0.608098704389777,1.0,,,,
369,373,109662,0.6071219614231897,0,0.6071219614231897,1.0,,,,
370,374,109956,0.6070086774556623,0,0.6070086774556623,1.0,,,,
371,375,108000,0.6077417451013191,0,0.6077417451013191,1.0,,,,
372,376,108288,0.6076302729936621,0,0.6076302729936621,1.0,,,,
373,377,107068,0.6067366528871652,0,0.6067366528871652,1.0,,,,
374,378,107352,0.6066264424105638,0,0.6066264424105638,1.0,,,,
375,379,105362,0.6075071611387253,0,0.6075071611387253,1.0,,,,
376,380,105640,0.6073987579139467,0,0.6073987579139467,1.0,,,,
377,381,104394,0.606595214567887,0,0.606595214567887,1.0,,,,
378,382,103904,0.6082672775730064,0,0.6082672775730064,1.0,,,,
379,383,102644,0.6075269058367508,0,0.6075269058367508,1.0,,,,
380,384,102912,0.6074215605247059,0,0.6074215605247059,1.0,,,,
381,385,101640,0.6067157276339893,0,0.6067157276339893,1.0,,,,
382,386,101904,0.6066116293545271,0,0.6066116293545271,1.0,,,,
383,387,99846,0.60782004899485,0,0.60782004899485,1.0,,,,
384,388,100104,0.607717752785613,0,0.607717752785613,1.0,,,,
385,389,98806,0.6071180327959103,0,0.6071180327959103,1.0,,,,
386,390,99060,0.6070169775085675,0,0.6070169775085675,1.0,,,,
387,391,96968,0.6084075448308914,0,0.6084075448308914,1.0,,,,
388,392,97216,0.6083082913720562,0,0.6083082913720562,1.0,,,,
389,393,95892,0.6078239583351089,0,0.6078239583351089,1.0,,,,
390,394,96136,0.60772594063496,0,0.60772594063496,1.0,,,,
391,395,94800,0.6072851073821949,0,0.6072851073821949,1.0,,,,
392,396,95040,0.6071883225412351,0,0.6071883225412351,1.0,,,,
393,397,93692,0.6067926951212553,0,0.6067926951212553,1.0,,,,
394,398,93928,0.6066971403671766,0,0.6066971403671766,1.0,,,,
395,399,91770,0.608451904598205,0,0.608451904598205,1.0,,,,
396,400,92000,0.6083581512186912,0,0.6083581512186912,1.0,,,,
397,401,90626,0.6080973553093053,0,0.6080973553093053,1.0,,,,
398,402,90852,0.6080048288101295,0,0.6080048288101295,1.0,,,,
399,403,89466,0.6077959439048052,0,0.6077959439048052,1.0,,,,
400,404,89688,0.6077046421434403,0,0.6077046421434403,1.0,,,,
401,405,88290,0.6075497798306897,0,0.6075497798306897,1.0,,,,
402,406,88508,0.6074597008267338,0,0.6074597008267338,1.0,,,,
403,407,87098,0.6073610804786291,0,0.6073610804786291,1.0,,,,
404,408,87312,0.6072722224613196,0,0.6072722224613196,1.0,,,,
405,409,85890,0.6072321784824285,0,0.6072321784824285,1.0,,,,
406,410,86100,0.60714453988371,0,0.60714453988371,1.0,,,,
407,411,84666,0.6071655295914801,0,0.6071655295914801,1.0,,,,
408,412,84872,0.6070791090712254,0,0.6070791090712254,1.0,,,,
409,413,83426,0.6071637211690061,0,0.6071637211690061,1.0,,,,
410,414,83628,0.6070785176157669,0,0.6070785176157669,1.0,,,,
411,415,82170,0.6072294814263575,0,0.6072294814263575,1.0,,,,
412,416,82368,0.6071454939942962,0,0.6071454939942962,1.0,,,,
413,417,80898,0.6073656894130663,0,0.6073656894130663,1.0,,,,
414,418,81092,0.6072829175301085,0,0.6072829175301085,1.0,,,,
415,419,79610,0.6075753858864934,0,0.6075753858864934,1.0,,,,
416,420,79800,0.60749382926792,0,0.60749382926792,1.0,,,,
417,421,78306,0.6078617850884918,0,0.6078617850884918,1.0,,,,
418,422,78492,0.607781443766368,0,0.607781443766368,1.0,,,,
419,423,76986,0.6082282875833623,0,0.6082282875833623,1.0,,,,
420,424,77168,0.608149161929751,0,0.608149161929751,1.0,,,,
421,425,75650,0.6086784942250177,0,0.6086784942250177,1.0,,,,
422,426,75828,0.6086005849736854,0,0.6086005849736854,1.0,,,,
423,427,74298,0.609216221382555,0,0.609216221382555,1.0,,,,
424,428,74472,0.6091395296553781,0,0.6091395296553781,1.0,,,,
425,429,73788,0.6070106991929991,0,0.6070106991929991,1.0,,,,
426,430,73960,0.6069346033083214,0,0.6069346033083214,1.0,,,,
427,431,72408,0.6076738351364068,0,0.6076738351364068,1.0,,,,
428,432,72576,0.6075989549634632,0,0.6075989549634632,1.0,,,,
429,433,71012,0.6084352566308578,0,0.6084352566308578,1.0,,,,
430,434,71176,0.6083615943054573,0,0.6083615943054573,1.0,,,,
431,435,69600,0.6092997106217309,0,0.6092997106217309,1.0,,,,
432,436,69760,0.6092272687800866,0,0.6092272687800866,1.0,,,,
433,437,69046,0.6071867533859846,0,0.6071867533859846,1.0,,,,
434,438,69204,0.6071148949516126,0,0.6071148949516126,1.0,,,,
435,439,67606,0.6082018932798587,0,0.6082018932798587,1.0,,,,
436,440,67760,0.6081312556202697,0,0.6081312556202697,1.0,,,,
437,441,66150,0.6093336257445762,0,0.6093336257445762,1.0,,,,
438,442,66300,0.6092642128254661,0,0.6092642128254661,1.0,,,,
439,443,65564,0.6072940671604544,0,0.6072940671604544,1.0,,,,
440,444,65712,0.6072252291944236,0,0.6072252291944236,1.0,,,,
441,445,64080,0.6085987019453025,0,0.6085987019453025,1.0,,,,
442,446,64224,0.6085310908955303,0,0.6085310908955303,1.0,,,,
443,447,63474,0.6065952283795671,0,0.6065952283795671,1.0,,,,
444,448,62720,0.6099697337061988,0,0.6099697337061988,1.0,,,,
445,449,61962,0.6080881739919517,0,0.6080881739919517,1.0,,,,
446,450,62100,0.6080223628688312,0,0.6080223628688312,1.0,,,,
447,451,60434,0.609725336507294,0,0.609725336507294,1.0,,,,
448,452,60568,0.609660762461646,0,0.609660762461646,1.0,,,,
449,453,59796,0.6078255494402789,0,0.6078255494402789,1.0,,,,
450,454,59928,0.6077615379972169,0,0.6077615379972169,1.0,,,,
451,455,58240,0.6096813169519019,0,0.6096813169519019,1.0,,,,
452,456,58368,0.6096185487595012,0,0.6096185487595012,1.0,,,,
453,457,57582,0.6078376596617345,0,0.6078376596617345,1.0,,,,
454,458,57708,0.6077754496536755,0,0.6077754496536755,1.0,,,,
455,459,55998,0.6099334666932994,0,0.6099334666932994,1.0,,,,
456,460,56120,0.6098725079855335,0,0.6098725079855335,1.0,,,,
457,461,55320,0.6081552843794987,0,0.6081552843794987,1.0,,,,
458,462,55440,0.6080948799224349,0,0.6080948799224349,1.0,,,,
459,463,53708,0.6105156242741684,0,0.6105156242741684,1.0,,,,
460,464,53824,0.6104564813692656,0,0.6104564813692656,1.0,,,,
461,465,53010,0.6088139222947678,0,0.6088139222947678,1.0,,,,
462,466,53124,0.60875533031311,0,0.60875533031311,1.0,,,,
463,467,52304,0.6071059091115067,0,0.6071059091115067,1.0,,,,
464,468,52416,0.6070478650941041,0,0.6070478650941041,1.0,,,,
465,469,50652,0.6098547491617531,0,0.6098547491617531,1.0,,,,
466,470,50760,0.6097979799426262,0,0.6097979799426262,1.0,,,,
467,471,49926,0.6082393721642579,0,0.6082393721642579,1.0,,,,
468,472,50032,0.608183148440919,0,0.608183148440919,1.0,,,,
469,473,49192,0.6066206167030241,0,0.6066206167030241,1.0,,,,
470,474,49296,0.6065649355400538,0,0.6065649355400538,1.0,,,,
471,475,47500,0.6098194741541573,0,0.6098194741541573,1.0,,,,
472,476,47600,0.6097650860871892,0,0.6097650860871892,1.0,,,,
473,477,46746,0.6083139501081648,0,0.6083139501081648,1.0,,,,
474,478,46844,0.6082601033181327,0,0.6082601033181327,1.0,,,,
475,479,45984,0.6068092692646022,0,0.6068092692646022,1.0,,,,
476,480,46080,0.6067559609091163,0,0.6067559609091163,1.0,,,,
477,481,44252,0.6105346633284734,0,0.6105346633284734,1.0,,,,
478,482,44344,0.6104826728433473,0,0.6104826728433473,1.0,,,,
479,483,43470,0.6091698867890364,0,0.6091698867890364,1.0,,,,
480,484,43560,0.6091184351066721,0,0.6091184351066721,1.0,,,,
481,485,42680,0.6078120607421781,0,0.6078120607421781,1.0,,,,
482,486,42768,0.6077611452360304,0,0.6077611452360304,1.0,,,,
483,487,40908,0.6121606613963718,0,0.6121606613963718,1.0,,,,
484,488,40992,0.6121110969906424,0,0.6121110969906424,1.0,,,,
485,489,40098,0.6109779017292049,0,0.6109779017292049,1.0,,,,
486,490,40180,0.610928876205955,0,0.610928876205955,1.0,,,,
487,491,39280,0.6098110081281735,0,0.6098110081281735,1.0,,,,
488,492,39360,0.6097625192480951,0,0.6097625192480951,1.0,,,,
489,493,38454,0.6086610285960482,0,0.6086610285960482,1.0,,,,
490,494,38532,0.608613074121465,0,0.608613074121465,1.0,,,,
491,495,37620,0.6075291010589101,0,0.6075291010589101,1.0,,,,
492,496,37696,0.6074816787512646,0,0.6074816787512646,1.0,,,,
493,497,35784,0.6130471062135802,0,0.6130471062135802,1.0,,,,
494,498,35856,0.6130010968134334,0,0.6130010968134334,1.0,,,,
495,499,34930,0.6121628261256693,0,0.6121628261256693,1.0,,,,
496,500,35000,0.6121173564287817,0,0.6121173564287817,1.0,,,,
497,501,34068,0.6113121062694582,0,0.6113121062694582,1.0,,,,
498,502,34136,0.6112671748711795,0,0.6112671748711795,1.0,,,,
499,503,33198,0.6104975530180485,0,0.6104975530180485,1.0,,,,
500,504,33264,0.6104531586013053,0,0.6104531586013053,1.0,,,,
501,505,32320,0.6097220525085941,0,0.6097220525085941,1.0,,,,
502,506,32384,0.6096781938535182,0,0.6096781938535182,1.0,,,,
503,507,31434,0.6089888110783964,0,0.6089888110783964,1.0,,,,
504,508,31496,0.6089454870781597,0,0.6089454870781597,1.0,,,,
505,509,30540,0.6083014030501745,0,0.6083014030501745,1.0,,,,
506,510,30600,0.6082586127249201,0,0.6082586127249201,1.0,,,,
507,511,29638,0.6076638275016525,0,0.6076638275016525,1.0,,,,
508,512,29696,0.6076215700272233,0,0.6076215700272233,1.0,,,,
509,513,28728,0.6070805760821147,0,0.6070805760821147,1.0,,,,
510,514,28784,0.607038850807433,0,0.607038850807433,1.0,,,,
511,515,27810,0.6065567144663646,0,0.6065567144663646,1.0,,,,
512,516,26832,0.6156209172415502,0,0.6156209172415502,1.0,,,,
513,517,25850,0.6155685331898211,0,0.6155685331898211,1.0,,,,
514,518,25900,0.6155289576012647,0,0.6155289576012647,1.0,,,,
515,519,24912,0.6155750779952476,0,0.6155750779952476,1.0,,,,
516,520,24960,0.6155360616830511,0,0.6155360616830511,1.0,,,,
517,521,23966,0.6156913769580176,0,0.6156913769580176,1.0,,,,
518,522,24012,0.6156529228892959,0,0.6156529228892959,1.0,,,,
519,523,23012,0.6159297704648472,0,0.6159297704648472,1.0,,,,
520,524,23056,0.6158918823455318,0,0.6158918823455318,1.0,,,,
521,525,22050,0.6163045846246207,0,0.6163045846246207,1.0,,,,
522,526,22092,0.6162672670434457,0,0.6162672670434457,1.0,,,,
523,527,21080,0.6168325571930835,0,0.6168325571930835,1.0,,,,
524,528,21120,0.6167958157900875,0,0.6167958157900875,1.0,,,,
525,529,20102,0.6175333792656252,0,0.6175333792656252,1.0,,,,
526,530,20140,0.6174972209509811,0,0.6174972209509811,1.0,,,,
527,531,19116,0.6184303914734129,0,0.6184303914734129,1.0,,,,
528,532,19152,0.6183948247046934,0,0.6183948247046934,1.0,,,,
529,533,18122,0.6195514889834728,0,0.6195514889834728,1.0,,,,
530,534,18156,0.619516524113752,0,0.619516524113752,1.0,,,,
531,535,17120,0.6209303126739503,0,0.6209303126739503,1.0,,,,
532,536,17152,0.6208959624018656,0,0.6208959624018656,1.0,,,,
533,537,17184,0.6071924118821213,0,0.6071924118821213,1.0,,,,
534,538,17216,0.6071571558418998,0,0.6071571558418998,1.0,,,,
535,539,16170,0.6082300936839717,0,0.6082300936839717,1.0,,,,
536,540,16200,0.6081954067505467,0,0.6081954067505467,1.0,,,,
537,541,15148,0.6095524749180543,0,0.6095524749180543,1.0,,,,
538,542,15176,0.6095183691842466,0,0.6095183691842466,1.0,,,,
539,543,14118,0.6112126689723477,0,0.6112126689723477,1.0,,,,
540,544,14144,0.6111791599752964,0,0.6111791599752964,1.0,,,,
541,545,13080,0.6132785262540339,0,0.6132785262540339,1.0,,,,
542,546,13104,0.6132456340938909,0,0.6132456340938909,1.0,,,,
543,547,12034,0.6158382515383547,0,0.6158382515383547,1.0,,,,
544,548,12056,0.6158060024714808,0,0.6158060024714808,1.0,,,,
545,549,10980,0.6190088361232561,0,0.6190088361232561,1.0,,,,
546,550,11000,0.6189772648932057,0,0.6189772648932057,1.0,,,,
547,551,9918,0.6229491132060859,0,0.6229491132060859,1.0,,,,
548,552,9936,0.622918266559158,0,0.622918266559158,1.0,,,,
549,553,8848,0.6278807133495002,0,0.6278807133495002,1.0,,,,
550,554,8864,0.6278506555235928,0,0.6278506555235928,1.0,,,,
551,555,7770,0.6341231621984675,0,0.6341231621984675,1.0,,,,
552,556,7784,0.6340939838509488,0,0.6340939838509488,1.0,,,,
553,557,6684,0.6421557381530908,0,0.6421557381530908,1.0,,,,
554,558,6696,0.6421275716419248,0,0.6421275716419248,1.0,,,,
555,559,6708,0.6114473112928721,0,0.6114473112928721,1.0,,,,
556,560,6720,0.6114166545144888,0,0.6114166545144888,1.0,,,,
557,561,5610,0.618451244249536,0,0.618451244249536,1.0,,,,
558,562,5620,0.6184213985634684,0,0.6184213985634684,1.0,,,,
559,563,4504,0.6284167087707129,0,0.6284167087707129,1.0,,,,
560,564,4512,0.6283878695608528,0,0.6283878695608528,1.0,,,,
561,565,3390,0.6434867915217791,0,0.6434867915217791,1.0,,,,
562,566,3396,0.6434593370939363,0,0.6434593370939363,1.0,,,,
563,567,2268,0.668709604836094,0,0.668709604836094,1.0,,,,
564,568,2272,0.6686843951009345,0,0.6686843951009345,1.0,,,,
565,569,1138,0.7197394783158902,0,0.7197394783158902,1.0,,,,
566,570,1140,0.7197191174669131,0,0.7197191174669131,1.0,,,,
