,width,size,polarization,pol_std_dev,pol_95%_ci_lower,pol_95%_ci_upper,quops_rate,quops_rate_std_dev,raw_quops_rate,raw_quops_rate_std_dev
0,2,4,0.8592582004096959,8.084716385424924e-06,0.8592449010512418,1.0,,,,
1,2,5000004,0.7599772800241442,5.4614338827012355e-05,0.7598874394367738,1.0,,,,
2,2,7500004,0.0,0.0,0.0,1.0,,,,
3,2,6250004,0.0,0.0,0.0,1.0,,,,
4,2,5625004,0.0,0.0,0.0,1.0,,,,
5,2,5312504,0.0,0.0,0.0,1.0,,,,
6,2,5156256,0.0,0.0,0.0,1.0,,,,
7,2,5078132,0.683850730360579,0.22795024454954566,0.30887257807657637,1.0,,,,
8,2,5117196,0.07598199146595624,0.22794597439786876,-0.29898913641853786,1.0,,,,
9,2,5097664,0.5318696346399772,0.34819040982409777,-0.04090358952066364,1.0,,,,
10,2,5087900,0.4558998156058481,0.37224064079466135,-0.15643603850136983,1.0,,,,
11,2,5083016,0.22796434303247087,0.3482212865837927,-0.3448596733978681,1.0,,,,
12,2,5080576,0.37992166641321806,0.379921666923863,-0.2450494756765365,1.0,,,,
13,2,5079356,0.7598346342303615,5.166428036319547e-05,0.759749646489164,1.0,,,,
14,2,5079968,0.5318742544420239,0.3481934336841922,-0.0409039439684723,1.0,,,,
15,2,5079664,0.45588315220543574,0.37222703565938037,-0.15643032145424496,1.0,,,,
16,2,5079512,0.4559056717230402,0.3722454236241183,-0.15643805013863432,1.0,,,,
17,2,5079436,0.3799090480531532,0.37990904883101306,-0.24504133727386335,1.0,,,,
18,2,5079396,0.4558868554730286,0.37223005957021654,-0.15643159251997757,1.0,,,,
19,2,5079376,0.3799115111784871,0.3799115119144055,-0.24504292592070998,1.0,,,,
20,2,5079368,0.45590246553988456,0.3722428051781134,-0.156436948978112,1.0,,,,
21,2,5079364,0.4559014131617882,0.37224194541696887,-0.15643658704912555,1.0,,,,
22,2,5079360,0.45588650169012135,0.3722297715176115,-0.15643147245634959,1.0,,,,
23,3,6,0.8507892094751875,3.1692477602244554e-06,0.850783996062622,1.0,,,,
24,3,5000004,0.7595757359051597,5.958910920029906e-05,0.7594777118205253,1.0,,,,
25,3,7500006,0.0,0.0,0.0,1.0,,,,
26,3,6250008,0.0,0.0,0.0,1.0,,,,
27,3,5625006,0.0,0.0,0.0,1.0,,,,
28,3,5312508,0.0,0.0,0.0,1.0,,,,
29,3,5156256,0.07593532345176421,0.22780597035529257,-0.29880549778269205,1.0,,,,
30,3,5078130,0.6075349106379486,0.30376745656644505,0.10783744458614652,1.0,,,,
31,3,5117196,0.0,0.0,0.0,1.0,,,,
32,3,5097666,0.3037579756076864,0.3720260231210897,-0.30822483242650606,1.0,,,,
33,3,5087898,0.45564565392301076,0.3720331200767893,-0.15634882860330762,1.0,,,,
34,3,5083014,0.45564687400493364,0.3720341175696797,-0.15634924939718942,1.0,,,,
35,3,5080572,0.5315984307685275,0.3480128661388336,-0.04088273402985376,1.0,,,,
36,3,5079354,0.37970353145835534,0.37970353249345845,-0.24490877949338385,1.0,,,,
37,3,5078742,0.6075230021258466,0.30376150329421114,0.10783532920686933,1.0,,,,
38,3,5079048,0.5315901875686695,0.3480074699289774,-0.04088210046449836,1.0,,,,
39,3,5078898,0.6075370547022965,0.3037685303422234,0.10783782228933897,1.0,,,,
40,3,5078976,0.7593920052676563,3.989240681749097e-05,0.7593263822584415,1.0,,,,
41,3,5079012,0.3037751237673103,0.37204702657933947,-0.30824223495570313,1.0,,,,
42,3,5078994,0.3797049743526514,0.37970497501381634,-0.24490970954507651,1.0,,,,
43,3,5078988,0.683459116459806,0.22781970929650158,0.3086956946670608,1.0,,,,
44,4,8,0.8423386516039336,7.2191074711394205e-06,0.8423267761721436,1.0,,,,
45,4,5000008,0.7591013561630285,5.69702346189616e-05,0.7590076401270803,1.0,,,,
46,4,7500008,0.0,0.0,0.0,1.0,,,,
47,4,6250008,0.0,0.0,0.0,1.0,,,,
48,4,5625008,0.0,0.0,0.0,1.0,,,,
49,4,5312512,0.0,0.0,0.0,1.0,,,,
50,4,5156264,0.0,0.0,0.0,1.0,,,,
51,4,5078136,0.4553700193149887,0.37180806450106696,-0.15625424678926642,1.0,,,,
52,4,5039072,0.7590330198312502,7.4965828490576e-05,0.7589097010433832,1.0,,,,
53,4,5058608,0.7589741443148456,4.842392967192767e-05,0.7588944869505352,1.0,,,,
54,4,5068376,0.6072011243706726,0.30360056849424194,0.10777818919764465,1.0,,,,
55,4,5073256,0.6830590187163197,0.22768634362600043,0.308514983451549,1.0,,,,
56,4,5075696,0.6071607093640348,0.3035803602712084,0.10777101671789696,1.0,,,,
57,4,5076920,0.6071667287877391,0.3035833657957549,0.10777209205372235,1.0,,,,
58,4,5077528,0.4553786961562866,0.3718151511471398,-0.15625722748075838,1.0,,,,
59,4,5077224,0.531265206185384,0.3477947200768233,-0.04085710834099043,1.0,,,,
60,4,5077072,0.6830766142029681,0.22769221037543913,0.3085229281353707,1.0,,,,
61,4,5077152,0.45538866262685734,0.3718232865960183,-0.15626064382359278,1.0,,,,
62,4,5077112,0.6071479488317308,0.303573975782031,0.10776875867028984,1.0,,,,
63,4,5077136,0.45537571358438067,0.3718127147775508,-0.1562562022246904,1.0,,,,
64,4,5077128,0.53126072863268,0.347791787688528,-0.040856762114948486,1.0,,,,
65,4,5077120,0.5312608530128864,0.3477918682182117,-0.04085677020607181,1.0,,,,
66,5,10,0.833952867311887,4.104016549060615e-06,0.8339461162046637,1.0,,,,
67,5,5000010,0.7585831779876429,5.944899311495779e-05,0.7584853843939687,1.0,,,,
68,5,7500010,0.0,0.0,0.0,1.0,,,,
69,5,6250010,0.0,0.0,0.0,1.0,,,,
70,5,5625010,0.0,0.0,0.0,1.0,,,,
71,5,5312510,0.0,0.0,0.0,1.0,,,,
72,5,5156260,0.0,0.0,0.0,1.0,,,,
73,5,5078140,0.7584335135888567,3.926213675073037e-05,0.7583689273739017,1.0,,,,
74,5,5117200,0.15167558524249786,0.30335117048516624,-0.3473370902056006,1.0,,,,
75,5,5097670,0.37920885061367116,0.37920885178548874,-0.2445897105734578,1.0,,,,
76,5,5087910,0.5309222740705579,0.34757021797406135,-0.04083073449677299,1.0,,,,
77,5,5083030,0.22752881514717505,0.34755600669717435,-0.34420081586967677,1.0,,,,
78,5,5080590,0.3792219442040069,0.3792219446075273,-0.2445981546753755,1.0,,,,
79,5,5079370,0.5309086616359566,0.34756130492748144,-0.04082968496975037,1.0,,,,
80,5,5078760,0.37921958965314884,0.3792195903785508,-0.2445966365195672,1.0,,,,
81,5,5078450,0.6826092452751557,0.22753642000116217,0.3083118343732439,1.0,,,,
82,5,5078610,0.3792168672097255,0.3792168678035213,-0.24459488032706705,1.0,,,,
83,5,5078530,0.5308923577660906,0.34755063115324786,-0.040828430481002154,1.0,,,,
84,5,5078490,0.6825968051697225,0.22753227093167372,0.3083062194871193,1.0,,,,
85,5,5078510,0.45507428762277546,0.37156660095661137,-0.15615277095085023,1.0,,,,
86,5,5078500,0.6826108993558462,0.22753696928758424,0.3083125848777701,1.0,,,,
87,6,12,0.8256344646341622,3.571071474054015e-06,0.8256285902215874,1.0,,,,
88,6,5000016,0.7580324982098298,5.670143694605888e-05,0.7579392243460535,1.0,,,,
89,6,7500012,0.0,0.0,0.0,1.0,,,,
90,6,6250020,0.0,0.0,0.0,1.0,,,,
91,6,5625024,0.0,0.0,0.0,1.0,,,,
92,6,5312520,0.0,0.0,0.0,1.0,,,,
93,6,5156268,0.0,0.0,0.0,1.0,,,,
94,6,5078148,0.5305028039907216,0.347295609684698,-0.04079847394060665,1.0,,,,
95,6,5039088,0.7579793054121016,5.042417363252884e-05,0.757896357646476,1.0,,,,
96,6,5058624,0.6821184044829562,0.22737280450089434,0.308090141078985,1.0,,,,
97,6,5068392,0.606327581058016,0.3031637924214091,0.10762314252479799,1.0,,,,
98,6,5063508,0.6821113249005182,0.22737044719196667,0.308086939269733,1.0,,,,
99,6,5065956,0.6821034969359603,0.22736783562073953,0.30808340733984374,1.0,,,,
100,6,5067180,0.6063240709590478,0.3031620377428716,0.10762251887202406,1.0,,,,
101,6,5066568,0.7579172831132986,4.559342002720719e-05,0.7578422819373539,1.0,,,,
102,6,5066880,0.606321273677045,0.30316064147558774,0.1076220184497032,1.0,,,,
103,6,5066724,0.6820996753912343,0.22736656158977014,0.3080816815760624,1.0,,,,
104,6,5066808,0.606316922412191,0.3031584643768783,0.10762124851222621,1.0,,,,
105,6,5066772,0.6063286563372595,0.30316433106477825,0.10762333173569932,1.0,,,,
106,6,5066748,0.6063261196054908,0.30316306078370453,0.10762288461629682,1.0,,,,
107,6,5066736,0.6821178557110302,0.22737262240737927,0.3080898918508913,1.0,,,,
108,7,14,0.8173962501112166,2.3348052521901988e-06,0.8173924093565768,1.0,,,,
109,7,5000016,0.757476211117162,4.899674419863696e-05,0.7573956114729553,1.0,,,,
110,7,7500010,0.0,0.0,0.0,1.0,,,,
111,7,6250020,0.0,0.0,0.0,1.0,,,,
112,7,5625018,0.0,0.0,0.0,1.0,,,,
113,7,5312524,0.0,0.0,0.0,1.0,,,,
114,7,5156270,0.0,0.0,0.0,1.0,,,,
115,7,5078150,0.4543955109214579,0.37101238185011504,-0.15591985722198132,1.0,,,,
116,7,5039090,0.7573900334089761,3.157881964334326e-05,0.7573380862506629,1.0,,,,
117,7,5058620,0.6815750942004295,0.22719169993002855,0.3078447478155325,1.0,,,,
118,7,5068392,0.6058560385275513,0.3029280201119004,0.10753944544347516,1.0,,,,
119,7,5063506,0.5301417938050834,0.3470592755983951,-0.0407707145542765,1.0,,,,
120,7,5061070,0.6815927780621489,0.22719759951741075,0.30785272685600823,1.0,,,,
121,7,5062288,0.5301364354239207,0.347055767776384,-0.040770302568231,1.0,,,,
122,7,5061686,0.7573172551174582,5.232449509886088e-05,0.7572311813230206,1.0,,,,
123,7,5061994,0.6058720818792354,0.3029360438511131,0.1075422897441543,1.0,,,,
124,7,5061840,0.6058777802795976,0.30293889101296684,0.10754330456326716,1.0,,,,
125,7,5061770,0.6058546292802806,0.3029273169197707,0.10753919294725772,1.0,,,,
126,7,5061728,0.6815791880105075,0.22719306697618902,0.3078465928346766,1.0,,,,
127,7,5061756,0.7573256585478474,4.376307092655348e-05,0.7572536682961732,1.0,,,,
128,8,16,0.8092334701902878,3.2968478968747792e-06,0.8092280468754974,1.0,,,,
129,8,5000016,0.7567913589053437,6.574182069004279e-05,0.7566832136103085,1.0,,,,
130,8,7500016,0.0,0.0,0.0,1.0,,,,
131,8,6250016,0.0,0.0,0.0,1.0,,,,
132,8,5625024,0.0,0.0,0.0,1.0,,,,
133,8,5312528,0.0,0.0,0.0,1.0,,,,
134,8,5156272,0.0,0.0,0.0,1.0,,,,
135,8,5078144,0.5296409966605575,0.3467314238782662,-0.04073219561919039,1.0,,,,
136,8,5039088,0.7567059783635529,7.483328992102362e-05,0.7565828776016328,1.0,,,,
137,8,5058624,0.6053069532954083,0.3026534808759377,0.10744197725449078,1.0,,,,
138,8,5048864,0.6809972313745608,0.22699908105129488,0.3075837430451807,1.0,,,,
139,8,5053744,0.680988304509656,0.22699610602780396,0.30757971009391843,1.0,,,,
140,8,5056192,0.6810254748618056,0.22700849986989577,0.3075964925758271,1.0,,,,
141,8,5057408,0.7566506487876562,5.8390534452428984e-05,0.756554596358482,1.0,,,,
142,8,5058016,0.6810238703794523,0.22700796172404925,0.30759577334339133,1.0,,,,
143,8,5058320,0.6810205941549013,0.2270068742342892,0.3075942860394956,1.0,,,,
144,8,5058480,0.7566534573040264,5.7694011261433904e-05,0.7565585506555014,1.0,,,,
145,8,5058560,0.7566385402561167,4.416832270061515e-05,0.7565658833652742,1.0,,,,
146,8,5058592,0.6053224517246332,0.30266123142761125,0.10744472602621263,1.0,,,,
147,8,5058576,0.756651422283012,5.831059650245724e-05,0.7565555013517654,1.0,,,,
148,9,18,0.8011515501478048,1.8240567271584626e-06,0.8011485495744887,1.0,,,,
149,9,5000022,0.7560702423990998,5.488637559932681e-05,0.7559799543112389,1.0,,,,
150,9,7500024,0.0,0.0,0.0,1.0,,,,
151,9,6250032,0.0,0.0,0.0,1.0,,,,
152,9,5625036,0.0,0.0,0.0,1.0,,,,
153,9,5312538,0.0,0.0,0.0,1.0,,,,
154,9,5156280,0.0,0.0,0.0,1.0,,,,
155,9,5078160,0.5291519745324699,0.3464112838133684,-0.040694587340521116,1.0,,,,
156,9,5039100,0.7559921204006164,7.293366627333105e-05,0.7558721445195967,1.0,,,,
157,9,5058630,0.7559422426268771,4.802317308807818e-05,0.7558632445071473,1.0,,,,
158,9,5068404,0.7559370592377928,3.1035250068118756e-05,0.7558860062514307,1.0,,,,
159,9,5073282,0.604718682488256,0.30235934330826597,0.10733756274615847,1.0,,,,
160,9,5070852,0.6047407022988542,0.3023703568806264,0.10734146523022381,1.0,,,,
161,9,5069628,0.4535419927946716,0.3703154873572023,-0.15562698390792623,1.0,,,,
162,9,5069016,0.6803373781065878,0.22677913374053754,0.30728570310340353,1.0,,,,
163,9,5069322,0.5291190239242123,0.3463897116449727,-0.04069205173176782,1.0,,,,
164,9,5069178,0.6803453753747154,0.22678179790868236,0.3072893178149329,1.0,,,,
165,9,5069250,0.6803139561887006,0.22677132601376826,0.3072751248960518,1.0,,,,
166,9,5069286,0.6047185803918296,0.30235929353435276,0.1073375425278193,1.0,,,,
167,9,5069268,0.604730574378175,0.3023652884597444,0.10733967486189544,1.0,,,,
168,10,20,0.7931479631313744,1.7748558283218162e-06,0.7931450434935368,1.0,,,,
169,10,5000020,0.7552655925296542,9.705995093411507e-05,0.7551059289103675,1.0,,,,
170,10,7500020,0.0,0.0,0.0,1.0,,,,
171,10,6250020,0.0,0.0,0.0,1.0,,,,
172,10,5625020,0.0,0.0,0.0,1.0,,,,
173,10,5312520,0.0,0.0,0.0,1.0,,,,
174,10,5156280,0.0,0.0,0.0,1.0,,,,
175,10,5078160,0.604069580597766,0.30203479639041564,0.10722234053553231,1.0,,,,
176,10,5039100,0.7551674484304058,7.13132027935648e-05,0.7550501382118104,1.0,,,,
177,10,5058640,0.6796237510474892,0.22654125579108897,0.3069633852711478,1.0,,,,
178,10,5068400,0.7551040118005423,6.33628977113094e-05,0.7549997798338072,1.0,,,,
179,10,5073280,0.6796037477325702,0.22653459563611897,0.30695433791115445,1.0,,,,
180,10,5075720,0.528561493628519,0.34602472874733553,-0.04064918516084792,1.0,,,,
181,10,5074500,0.6040932668787757,0.3020466361039452,0.10722655048778584,1.0,,,,
182,10,5073900,0.4530608216858985,0.36992261556612754,-0.15546188092038132,1.0,,,,
183,10,5073600,0.604073125164435,0.30203656348305685,0.10722297823480648,1.0,,,,
184,10,5073440,0.528578300825716,0.34603572627152634,-0.04065046889094481,1.0,,,,
185,10,5073360,0.679572087329618,0.22652403428219187,0.30694005093541243,1.0,,,,
186,10,5073400,0.37753906630114376,0.37753906814687666,-0.24351270080046838,1.0,,,,
187,10,5073380,0.6040980584539304,0.30204903983484876,0.10722738792560416,1.0,,,,
188,11,22,0.7852226183039194,9.83319347399883e-07,0.7852210007435929,1.0,,,,
189,11,5000028,0.7544061025058566,7.416374305170987e-05,0.7542841031485366,1.0,,,,
190,11,7500020,0.0,0.0,0.0,1.0,,,,
191,11,6250024,0.0,0.0,0.0,1.0,,,,
192,11,5625026,0.0,0.0,0.0,1.0,,,,
193,11,5312538,0.0,0.0,0.0,1.0,,,,
194,11,5156294,0.0,0.0,0.0,1.0,,,,
195,11,5078172,0.527940290842103,0.34561805321012834,-0.04060140668855805,1.0,,,,
196,11,5039100,0.7542833423005636,4.956704101554913e-05,0.754201804518093,1.0,,,,
197,11,5058636,0.6787897399770842,0.22626325787024373,0.3065866807805333,1.0,,,,
198,11,5068404,0.6787834920062844,0.2262611709503022,0.30658386579303726,1.0,,,,
199,11,5073288,0.6033389664375959,0.30166948534004184,0.10709266305322707,1.0,,,,
200,11,5070846,0.4525031508946896,0.3694672786656933,-0.15527052251037587,1.0,,,,
201,11,5069636,0.45253920227023536,0.36949671272692,-0.15528289016554797,1.0,,,,
202,11,5069020,0.6787739272488481,0.22625798205797024,0.3065795467634871,1.0,,,,
203,11,5069328,0.6033883830726413,0.3016942001708998,0.10710142379151111,1.0,,,,
204,11,5069174,0.678791304599562,0.22626377569954903,0.3065873935738039,1.0,,,,
205,11,5069262,0.5279560383030624,0.3456283597210001,-0.04060261343798277,1.0,,,,
206,11,5069218,0.6787992992182681,0.22626644067658275,0.30659100430528946,1.0,,,,
207,11,5069240,0.6787860631117828,0.2262620254525417,0.3065850312423517,1.0,,,,
208,12,24,0.7773751947895512,1.7810596106564543e-06,0.7773722649464917,1.0,,,,
209,12,5000016,0.753402758880207,7.818196019917127e-05,0.7532741495556794,1.0,,,,
210,12,7500024,0.0,0.0,0.0,1.0,,,,
211,12,6250032,0.0,0.0,0.0,1.0,,,,
212,12,5625024,0.0,0.0,0.0,1.0,,,,
213,12,5312520,0.0,0.0,0.0,1.0,,,,
214,12,5156280,0.0,0.0,0.0,1.0,,,,
215,12,5078160,0.22595038744721507,0.34514491923235235,-0.34181300469000453,1.0,,,,
216,12,5039088,0.7532684502253012,8.518244426466105e-05,0.7531283251044858,1.0,,,,
217,12,5058624,0.7531742601773421,8.646571532215313e-05,0.7530320240756372,1.0,,,,
218,12,5068392,0.6025703364247791,0.3012851738586588,0.10695622542728539,1.0,,,,
219,12,5063520,0.7532139666923302,8.086424293284584e-05,0.7530809450127057,1.0,,,,
220,12,5065968,0.6025269414648589,0.30126347420725524,0.10694852639392399,1.0,,,,
221,12,5064744,0.7531821390363238,8.888248865201061e-05,0.7530359273424913,1.0,,,,
222,12,5065368,0.7532018691900447,9.581132920633706e-05,0.7530442595535003,1.0,,,,
223,12,5065680,0.6025437540921204,0.301271880217842,0.10695151113377022,1.0,,,,
224,12,5065536,0.6025868164604454,0.3012934124564599,0.10695915296956887,1.0,,,,
225,12,5065464,0.7532031993482221,4.428877113575779e-05,0.7531303443197038,1.0,,,,
226,12,5065512,0.7532402048178328,4.7544052551523785e-05,0.7531619948513856,1.0,,,,
227,13,26,0.7696052648880924,1.6891426028684629e-06,0.7696024862485107,1.0,,,,
228,13,5000034,0.7522261434135128,5.412461710284103e-05,0.7521371084183787,1.0,,,,
229,13,7500038,0.0,0.0,0.0,1.0,,,,
230,13,6250036,0.0,0.0,0.0,1.0,,,,
231,13,5625048,0.0,0.0,0.0,1.0,,,,
232,13,5312554,0.0,0.0,0.0,1.0,,,,
233,13,5156294,0.0,0.0,0.0,1.0,,,,
234,13,5078164,0.451232436391998,0.3684297472691882,-0.15483449786581654,1.0,,,,
235,13,5039112,0.7521210052262549,8.60700541754144e-05,0.7519794199871364,1.0,,,,
236,13,5058638,0.6768488227052363,0.22561629198610803,0.3057100223880886,1.0,,,,
237,13,5068414,0.676866818161637,0.2256222772431812,0.30571817209660385,1.0,,,,
238,13,5073302,0.6015917123123551,0.3007958573422177,0.10678252698440699,1.0,,,,
239,13,5070858,0.3008030469561488,0.36840699210513844,-0.3052264550568039,1.0,,,,
240,13,5069636,0.6768265943767644,0.22560887149878378,0.3057000007612651,1.0,,,,
241,13,5070260,0.4512344837409346,0.36843141544840824,-0.15483519467169699,1.0,,,,
242,13,5069948,0.6768316056455213,0.2256105590433323,0.3057022360192396,1.0,,,,
243,13,5070104,0.5264312129308891,0.3446301288621196,-0.040485349047297614,1.0,,,,
244,13,5070026,0.5264216209121017,0.3446238482127094,-0.04048460939780529,1.0,,,,
245,13,5070000,0.4511964762465127,0.3684003824143369,-0.1548221528250715,1.0,,,,
246,13,5069974,0.6016207871924422,0.3008103980051185,0.1067876824740222,1.0,,,,
247,14,28,0.7687490971457034,1.1714694852138723e-06,0.7687471700784002,1.0,,,,
248,14,5000016,0.7509566897819622,0.00010889310267715259,0.7507775606280582,1.0,,,,
249,14,7500024,0.0,0.0,0.0,1.0,,,,
250,14,6250020,0.0,0.0,0.0,1.0,,,,
251,14,5625032,0.0,0.0,0.0,1.0,,,,
252,14,5312524,0.0,0.0,0.0,1.0,,,,
253,14,5156284,0.0,0.0,0.0,1.0,,,,
254,14,5078164,0.45040149986202327,0.36775128674822644,-0.15454936683880927,1.0,,,,
255,14,5039104,0.7507818773650825,9.624319215922715e-05,0.7506235573139806,1.0,,,,
256,14,5058648,0.750729830517755,8.889243545431254e-05,0.7505836024614326,1.0,,,,
257,14,5068420,0.6005700827759514,0.3002850507874035,0.10660117423067267,1.0,,,,
258,14,5063548,0.6006241790283616,0.30031210014249393,0.1066107742939591,1.0,,,,
259,14,5061112,0.6756581652865421,0.22521939574821304,0.30517225928073166,1.0,,,,
260,14,5062344,0.6756277444679266,0.2252092586560858,0.3051585139786655,1.0,,,,
261,14,5062960,0.7507100950017255,0.00010043572651486926,0.7505448782316085,1.0,,,,
262,14,5063268,0.6756920334265126,0.2252306892024461,0.30518754968848877,1.0,,,,
263,14,5063408,0.6756530307477465,0.2252177052092907,0.30516990567846336,1.0,,,,
264,14,5063492,0.6756727072198385,0.2252242382604832,0.30517883528134365,1.0,,,,
265,14,5063520,0.6756564827300358,0.22521883768346787,0.30517149474073113,1.0,,,,
266,15,30,0.7687836946747908,1.6211352154611169e-06,0.7687810279073614,1.0,,,,
267,15,5000040,0.7494626864919866,6.651213473326922e-05,0.7493532740303503,1.0,,,,
268,15,7500030,0.0,0.0,0.0,1.0,,,,
269,15,6250050,0.0,0.0,0.0,1.0,,,,
270,15,5625060,0.0,0.0,0.0,1.0,,,,
271,15,5312550,0.0,0.0,0.0,1.0,,,,
272,15,5156310,0.0,0.0,0.0,1.0,,,,
273,15,5078190,0.5993264682138633,0.29966323479352713,0.10638044697851112,1.0,,,,
274,15,5039130,0.7493418364460763,9.196249267177307e-05,0.7491905581456313,1.0,,,,
275,15,5058660,0.6743245870434026,0.22477487989263817,0.3045699096200128,1.0,,,,
276,15,5068440,0.4495180795192966,0.3670299807823125,-0.15424623886760752,1.0,,,,
277,15,5063550,0.7492437868793824,8.650562077596247e-05,0.749101485133206,1.0,,,,
278,15,5066010,0.6743261742173497,0.22477542350818075,0.3045706025463924,1.0,,,,
279,15,5067240,0.5993757899014798,0.2996878995084927,0.10638919521000922,1.0,,,,
280,15,5066640,0.5244357889528016,0.34332381842729826,-0.04033189236010404,1.0,,,,
281,15,5066340,0.7491823526865526,3.172038582207258e-05,0.7491301726518753,1.0,,,,
282,15,5066490,0.7491899717402362,7.100090626471223e-05,0.7490731752494307,1.0,,,,
283,15,5066580,0.5244551805207995,0.3433365122871202,-0.04033338219151317,1.0,,,,
284,15,5066550,0.5994007528446904,0.2997003849615855,0.10639361958288224,1.0,,,,
285,15,5066520,0.7492515172405296,8.659819001680505e-05,0.749109063217952,1.0,,,,
286,16,32,0.7688147801967489,1.6229888624107894e-06,0.7688121103800702,1.0,,,,
287,16,5000032,0.7477437559432472,8.522045367878887e-05,0.7476035682969455,1.0,,,,
288,16,7500032,0.0,0.0,0.0,1.0,,,,
289,16,6250048,0.0,0.0,0.0,1.0,,,,
290,16,5625056,0.0,0.0,0.0,1.0,,,,
291,16,5312544,0.0,0.0,0.0,1.0,,,,
292,16,5156288,0.0,0.0,0.0,1.0,,,,
293,16,5078176,0.5979136554578393,0.29895683460963907,0.10612966252498296,1.0,,,,
294,16,5039104,0.7475067358018899,0.00013580080662795691,0.7472833434749869,1.0,,,,
295,16,5058656,0.6727457311867688,0.22424859456016988,0.3038567931352894,1.0,,,,
296,16,5068416,0.67269755282516,0.22423252672676808,0.3038350463596265,1.0,,,,
297,16,5073312,0.5979768919835731,0.29898845351293923,0.10614088595478804,1.0,,,,
298,16,5070880,0.672736070037964,0.2242453652526419,0.30385244419736807,1.0,,,,
299,16,5072096,0.5979635557076618,0.29898178420787935,0.10613852068570023,1.0,,,,
300,16,5071488,0.7474352115230092,7.157594308189166e-05,0.7473174690966394,1.0,,,,
301,16,5071808,0.7474351961480574,0.00010515510320348095,0.7472622160032877,1.0,,,,
302,16,5071968,0.7473830980180273,4.433889190862752e-05,0.7473101605408375,1.0,,,,
303,16,5072032,0.672693470246123,0.224231175833219,0.30383318600047776,1.0,,,,
304,16,5072064,0.597951608739895,0.29897580969461834,0.10613640179224776,1.0,,,,
305,17,34,0.7688430698059744,1.0512365940917989e-06,0.7688413405217771,1.0,,,,
306,17,5000040,0.7456527010257961,0.00015717262040312679,0.745394152065233,1.0,,,,
307,17,7500026,0.0,0.0,0.0,1.0,,,,
308,17,6250050,0.0,0.0,0.0,1.0,,,,
309,17,5625062,0.0,0.0,0.0,1.0,,,,
310,17,5312568,0.0,0.0,0.0,1.0,,,,
311,17,5156304,0.0,0.0,0.0,1.0,,,,
312,17,5078172,0.5217227977069219,0.3415477504164093,-0.04012325172807141,1.0,,,,
313,17,5039106,0.7455517006059205,0.00010867224961513094,0.7453729347553035,1.0,,,,
314,17,5058656,0.6708507896805382,0.2236169447328059,0.30300091559507253,1.0,,,,
315,17,5068414,0.5962513314605878,0.29812567441389587,0.10583459704972914,1.0,,,,
316,17,5063552,0.670895697348045,0.22363193015086189,0.3030211722498772,1.0,,,,
317,17,5066000,0.44724534635888097,0.3651743010891288,-0.1534663789327359,1.0,,,,
318,17,5064776,0.7454154034811558,8.177719688189567e-05,0.7452808799922851,1.0,,,,
319,17,5065388,0.670797859334578,0.22359930301348188,0.30297700587740034,1.0,,,,
320,17,5065694,0.7453664133418801,5.864761265990196e-05,0.7452699380190546,1.0,,,,
321,17,5065864,0.5218189263148176,0.34161068428662084,-0.04013064933667365,1.0,,,,
322,17,5065796,0.521847142379079,0.341629174989527,-0.04013285047869286,1.0,,,,
323,17,5065762,0.6709207400890127,0.22364027347859225,0.30303249021672846,1.0,,,,
324,18,36,0.7688672000792659,5.843758882935989e-07,0.7688662387809296,1.0,,,,
325,18,5000040,0.7432094799442535,0.00010312977671417886,0.7430398314615586,1.0,,,,
326,18,7500024,0.0,0.0,0.0,1.0,,,,
327,18,6250032,0.0,0.0,0.0,1.0,,,,
328,18,5625036,0.0,0.0,0.0,1.0,,,,
329,18,5312556,0.0,0.0,0.0,1.0,,,,
330,18,5156316,0.0,0.0,0.0,1.0,,,,
331,18,5078196,0.6685825189377417,0.2228608570827626,0.3019764090365972,1.0,,,,
332,18,5117256,0.14855117367240228,0.297102347349537,-0.34018218771758607,1.0,,,,
333,18,5097744,0.2971179607194099,0.3638936990070816,-0.30148717414723936,1.0,,,,
334,18,5087988,0.3714281509329209,0.37142816632535824,-0.23957118267229338,1.0,,,,
335,18,5083092,0.371422914626599,0.37142292006009225,-0.23956778887225277,1.0,,,,
336,18,5080644,0.5199538540239305,0.3403897085694428,-0.03998721657280291,1.0,,,,
337,18,5079420,0.29714211744102864,0.3639232896365533,-0.3015116940111015,1.0,,,,
338,18,5078808,0.5942805647946829,0.2971402980989023,0.10548477442198867,1.0,,,,
339,18,5078520,0.44567591269138485,0.363892863502255,-0.1529278477698247,1.0,,,,
340,18,5078376,0.44574469817392226,0.36394902447639277,-0.15295144708974384,1.0,,,,
341,18,5078304,0.5200175752237659,0.34043141948907857,-0.0399921098357684,1.0,,,,
342,18,5078268,0.4457358650651411,0.3639418121000291,-0.15294841583940683,1.0,,,,
343,18,5078232,0.44570300030797655,0.3639149836284994,-0.152937147760905,1.0,,,,
344,19,38,0.7688889126355376,1.4164009016713853e-06,0.7688865826560544,1.0,,,,
345,19,5000040,0.7403108075648213,0.0001425582977370103,0.7400762991650439,1.0,,,,
346,19,7500022,0.0,0.0,0.0,1.0,,,,
347,19,6250050,0.0,0.0,0.0,1.0,,,,
348,19,5625064,0.0,0.0,0.0,1.0,,,,
349,19,5312552,0.0,0.0,0.0,1.0,,,,
350,19,5156296,0.0,0.0,0.0,1.0,,,,
351,19,5078168,0.7398446552618523,0.00015241558435418308,0.7395939316255896,1.0,,,,
352,19,5117232,0.0739767287526726,0.22193018625801778,-0.2910984276417667,1.0,,,,
353,19,5097700,0.2959839905317512,0.3625048942582481,-0.300336560523067,1.0,,,,
354,19,5087934,0.4438737901671746,0.3624214334860787,-0.1523094679174249,1.0,,,,
355,19,5083070,0.221944565569253,0.33902592429458617,-0.3357530798953412,1.0,,,,
356,19,5080638,0.5919124092460792,0.29595623593408654,0.10506440113450688,1.0,,,,
357,19,5079422,0.5178466708652196,0.33901022911898054,-0.039825156035503406,1.0,,,,
358,19,5078814,0.5918841953614953,0.2959421189124351,0.10505940975053951,1.0,,,,
359,19,5078510,0.59188441666576,0.29594221608937776,0.10505947119873355,1.0,,,,
360,19,5078358,0.36992673067163306,0.36992673483916394,-0.23860274813879168,1.0,,,,
361,19,5078282,0.6658973818816092,0.22196581175654095,0.3007636215420993,1.0,,,,
362,19,5078320,0.4439478963529244,0.36248194640902753,-0.1523349054899259,1.0,,,,
363,20,40,0.7689088425036009,1.0281713597558998e-06,0.7689071511617142,1.0,,,,
364,20,5000040,0.7364983183910561,0.00012598513029180025,0.736291072851726,1.0,,,,
365,20,7500040,0.0,0.0,0.0,1.0,,,,
366,20,6250040,0.0,0.0,0.0,1.0,,,,
367,20,5625040,0.0,0.0,0.0,1.0,,,,
368,20,5312560,0.0,0.0,0.0,1.0,,,,
369,20,5156320,0.0,0.0,0.0,1.0,,,,
370,20,5078200,0.5152532840079457,0.3373124567380623,-0.03962570732616688,1.0,,,,
371,20,5039120,0.7362078562825938,0.00010388407983958935,0.7360369669712576,1.0,,,,
372,20,5058680,0.6625580254453027,0.22085269817585315,0.2992553369460243,1.0,,,,
373,20,5068440,0.588872924978414,0.2944364804428088,0.10452491464999358,1.0,,,,
374,20,5063560,0.5153438344758089,0.33737175713528345,-0.03963270601173241,1.0,,,,
375,20,5061120,0.662626782035369,0.22087567928605803,0.29928628960980347,1.0,,,,
376,20,5062360,0.5888967936115821,0.2944484069139624,0.10452916423811393,1.0,,,,
377,20,5061760,0.6624889913476941,0.22082969332394534,0.29922414582980406,1.0,,,,
378,20,5062080,0.6625107433077149,0.22083695497970787,0.2992339523660954,1.0,,,,
379,20,5062240,0.44175069399351674,0.36068793542171607,-0.15158095977520625,1.0,,,,
380,20,5062160,0.6625334019752568,0.22084450337814243,0.2992441939182125,1.0,,,,
381,20,5062200,0.6626098142353665,0.22086997972946856,0.29927869758039066,1.0,,,,
382,21,42,0.7689260419594124,8.214900144196382e-07,0.7689246906083387,1.0,,,,
383,21,5000058,0.7317319254120906,0.00015871880287604575,0.7314708329813595,1.0,,,,
384,21,7500066,0.0,0.0,0.0,1.0,,,,
385,21,6250062,0.0,0.0,0.0,1.0,,,,
386,21,5625060,0.0,0.0,0.0,1.0,,,,
387,21,5312580,0.0,0.0,0.0,1.0,,,,
388,21,5156340,0.0,0.0,0.0,1.0,,,,
389,21,5078220,0.5850221157420904,0.29251107378486946,0.10384139936598014,1.0,,,,
390,21,5039160,0.7315977392703162,0.00020778047987797361,0.731255940380917,1.0,,,,
391,21,5058690,0.5851499553672025,0.29257502527272233,0.10386403879357425,1.0,,,,
392,21,5048946,0.7314947448665722,0.000135660508375198,0.731271583330295,1.0,,,,
393,21,5053818,0.6582930266698339,0.21943108619036517,0.2973288898866832,1.0,,,,
394,21,5056254,0.6582469745878881,0.2194156978190736,0.29730815167551194,1.0,,,,
395,21,5057472,0.7314008478397751,0.00016026617672296168,0.7311372099790658,1.0,,,,
396,21,5058102,0.5851364220127837,0.292568264807545,0.10386162640437219,1.0,,,,
397,21,5057808,0.6582390543840795,0.21941309163384531,0.29730451864640395,1.0,,,,
398,21,5057976,0.5851634472894487,0.29258174592517533,0.10386647524253528,1.0,,,,
399,21,5057892,0.7316244543804744,0.00021714922049946263,0.7312672439127528,1.0,,,,
400,21,5057934,0.7315316128190096,0.00016815375669332176,0.731254999889249,1.0,,,,
401,22,44,0.7689430989688206,8.932640354025322e-07,0.7689416295494824,1.0,,,,
402,22,5000028,0.7255326764652807,0.00022055613739496095,0.725169861619266,1.0,,,,
403,22,7500020,0.0,0.0,0.0,1.0,,,,
404,22,6250024,0.0,0.0,0.0,1.0,,,,
405,22,5625048,0.0,0.0,0.0,1.0,,,,
406,22,5312560,0.0,0.0,0.0,1.0,,,,
407,22,5156316,0.0,0.0,0.0,1.0,,,,
408,22,5078172,0.3623767929850478,0.3623767965763596,-0.23373303738306378,1.0,,,,
409,22,5039100,0.7253017041353242,0.00011027319173904003,0.7251203047349135,1.0,,,,
410,22,5058636,0.652569349384498,0.21752320593449243,0.2947436756222579,1.0,,,,
411,22,5068404,0.6524719237136809,0.21749067480859827,0.29469976365353673,1.0,,,,
412,22,5073288,0.7248762243309069,0.00020777505526061322,0.7245344343650032,1.0,,,,
413,22,5075752,0.43495659339154286,0.35514057830052015,-0.1492496579128128,1.0,,,,
414,22,5074520,0.5798768905202729,0.2899384796939085,0.10292809142379339,1.0,,,,
415,22,5073904,0.58004677957878,0.29002344220556153,0.1029582171506313,1.0,,,,
416,22,5073596,0.5799062026701411,0.2899531107288383,0.10293333552120215,1.0,,,,
417,22,5073464,0.5074520472254573,0.33220538537560046,-0.03902581171740538,1.0,,,,
418,22,5073376,0.5800006797379933,0.2900003638821628,0.10295008115183546,1.0,,,,
419,22,5073332,0.6525155598124256,0.2175052183996231,0.2947194755450456,1.0,,,,
420,23,46,0.7689572126740765,9.545131445326499e-07,0.7689556424999537,1.0,,,,
421,23,5000062,0.7169680650002032,0.0002245655789908122,0.7165986546227633,1.0,,,,
422,23,7500070,0.0,0.0,0.0,1.0,,,,
423,23,6250066,0.0,0.0,0.0,1.0,,,,
424,23,5625064,0.0,0.0,0.0,1.0,,,,
425,23,5312586,0.0,0.0,0.0,1.0,,,,
426,23,5156324,0.0,0.0,0.0,1.0,,,,
427,23,5078216,0.4296489165519624,0.35080690092760924,-0.14742843547395484,1.0,,,,
428,23,5039162,0.7163641204316618,0.00020687218287334739,0.7160238156908351,1.0,,,,
429,23,5058712,0.6446075634792167,0.21486931639949247,0.29114753800205156,1.0,,,,
430,23,5068464,0.5729377222818065,0.2864689314735545,0.10169633000780931,1.0,,,,
431,23,5063588,0.5730498301418702,0.28652500164656314,0.10171620243327378,1.0,,,,
432,23,5061150,0.7162844523025929,0.0002700097265332756,0.7158402863024457,1.0,,,,
433,23,5062392,0.6445737315285731,0.21485806653766862,0.2911322120741082,1.0,,,,
434,23,5062990,0.3581312978413044,0.35813130729147785,-0.23099470265317668,1.0,,,,
435,23,5062714,0.6445702935110449,0.21485689656752274,0.29113069865747,1.0,,,,
436,23,5062852,0.5729273903520725,0.2864637217565896,0.10169456806248267,1.0,,,,
437,23,5062806,0.501316364173645,0.3281886127821925,-0.03855390385306168,1.0,,,,
438,23,5062760,0.5730154586764262,0.2865078509713339,0.10171004382858195,1.0,,,,
439,24,48,0.7689710719161498,3.7512139606334655e-07,0.7689704548414532,1.0,,,,
440,24,5000064,0.7040272397828703,0.00028711527505260114,0.7035549351554088,1.0,,,,
441,24,7500048,0.0,0.0,0.0,1.0,,,,
442,24,6250080,0.0,0.0,0.0,1.0,,,,
443,24,5625072,0.0,0.0,0.0,1.0,,,,
444,24,5312592,0.0,0.0,0.0,1.0,,,,
445,24,5156352,0.0,0.0,0.0,1.0,,,,
446,24,5078208,0.42184913623145287,0.34443840595496356,-0.14475204156446214,1.0,,,,
447,24,5039136,0.7036160667045237,0.00036840035950766345,0.7030100481131336,1.0,,,,
448,24,5058672,0.7032701780162631,0.00025335060711541865,0.7028534162675583,1.0,,,,
449,24,5068464,0.5626050072987241,0.2813025969161638,0.09986223537163458,1.0,,,,
450,24,5063568,0.7032189400461903,0.00025403391805317105,0.7028010542509929,1.0,,,,
451,24,5066016,0.5624411266100007,0.2812206137238809,0.0998332170342166,1.0,,,,
452,24,5064816,0.6328756445798912,0.2109586036499853,0.28584874157566537,1.0,,,,
453,24,5065440,0.7032208103569914,0.0002389111515772503,0.7028278015126468,1.0,,,,
454,24,5065728,0.7029978637603574,0.00013333404863725555,0.7027785292503491,1.0,,,,
455,24,5065872,0.49217968132006573,0.3222073639705767,-0.03785143241153299,1.0,,,,
456,24,5065824,0.4219624861074858,0.3445309817029942,-0.1447909787939396,1.0,,,,
457,24,5065776,0.6326663908737198,0.2108888402781347,0.2857542486161882,1.0,,,,
458,25,50,0.7689830392824483,8.56142507910857e-07,0.7689816309280227,1.0,,,,
459,25,5000050,0.6832845523011476,0.0005014142768469089,0.6824597258157344,1.0,,,,
460,25,7500050,0.0,0.0,0.0,1.0,,,,
461,25,6250050,0.0,0.0,0.0,1.0,,,,
462,25,5625050,0.0,0.0,0.0,1.0,,,,
463,25,5312550,0.0,0.0,0.0,1.0,,,,
464,25,5156300,0.0,0.0,0.0,1.0,,,,
465,25,5078200,0.47738984084132363,0.3125251703556359,-0.0367140643936974,1.0,,,,
466,25,5039150,0.6825633154660227,0.00045785322563390905,0.6818101469098549,1.0,,,,
467,25,5058700,0.6823106865274825,0.0002754217107781166,0.6818576178132525,1.0,,,,
468,25,5068450,0.4774669514117222,0.31257556894307503,-0.03671985949963624,1.0,,,,
469,25,5063600,0.682216789323866,0.00034816539478364355,0.6816440572494469,1.0,,,,
470,25,5066050,0.5457411764829638,0.2728706472663384,0.09686896172983711,1.0,,,,
471,25,5064850,0.6137629465959986,0.20458788930834138,0.27721586868377707,1.0,,,,
472,25,5065450,0.6138207434099858,0.20460701682579732,0.2772422007315492,1.0,,,,
473,25,5065750,0.6822591320580728,0.00025659550133708684,0.6818370324583732,1.0,,,,
474,25,5065900,0.40932595003635364,0.3342132888235289,-0.14045491007835142,1.0,,,,
475,25,5065850,0.4092040573254769,0.3341138085414645,-0.14041315772523227,1.0,,,,
476,25,5065800,0.613750140062187,0.20458350374847153,0.2772102763959513,1.0,,,,
477,26,52,0.7689938655781602,6.026326910474504e-07,0.7689928742473834,1.0,,,,
478,26,5000060,0.6430001087577204,0.0005520205291950304,0.6420920349871946,1.0,,,,
479,26,7500064,0.0,0.0,0.0,1.0,,,,
480,26,6250088,0.0,0.0,0.0,1.0,,,,
481,26,5625100,0.0,0.0,0.0,1.0,,,,
482,26,5312580,0.0,0.0,0.0,1.0,,,,
483,26,5156320,0.0,0.0,0.0,1.0,,,,
484,26,5078216,0.3849910394682733,0.3143440499166098,-0.13210492264454987,1.0,,,,
485,26,5039164,0.6422993074795689,0.0003687808572541379,0.6416926629693858,1.0,,,,
486,26,5058716,0.4493853554409153,0.29419184871030485,-0.03456023568753619,1.0,,,,
487,26,5048940,0.6419965645415411,0.0007314793526064747,0.6407932810065035,1.0,,,,
488,26,5053828,0.6419429228930089,0.0005198578849443877,0.6410877566722754,1.0,,,,
489,26,5056272,0.6419352481120066,0.0006748631144787827,0.640825098288689,1.0,,,,
490,26,5057520,0.6419301854050122,0.00036091845941803405,0.6413364745392696,1.0,,,,
491,26,5058144,0.5132760575107547,0.2566382093234228,0.09110620317372414,1.0,,,,
492,26,5057832,0.5774716799096563,0.1924910540597515,0.2608238959813651,1.0,,,,
493,26,5057676,0.5773937789038592,0.192464943270625,0.2607889472236811,1.0,,,,
494,26,5057624,0.6417636285567265,0.0003881906598407439,0.6411250549212885,1.0,,,,
495,27,54,0.7690037194746208,5.847540800734932e-07,0.769002757554159,1.0,,,,
496,27,5000076,0.5363186595621964,0.0006160621830398317,0.5353052372710958,1.0,,,,
497,27,2500092,0.6486571319843717,0.0004892663293379794,0.6478522888726107,1.0,,,,
498,27,3750084,0.5900221999932669,0.0006126361045418282,0.5890144136012956,1.0,,,,
499,27,3125088,0.6179195877685684,0.0006721865395960709,0.6168138409109328,1.0,,,,
500,27,3437586,0.6039626790543539,0.0009785040488249535,0.6023530398940368,1.0,,,,
501,27,3281364,0.6107753396711133,0.0005777807464876702,0.6098248903431411,1.0,,,,
502,27,3359502,0.6068989989482212,0.0005956662271323573,0.6059191280045885,1.0,,,,
503,27,3398544,0.6055129015470685,0.0006444350821241735,0.6044528058369742,1.0,,,,
504,27,3379050,0.6062795956414913,0.0006619388672319822,0.6051907062048947,1.0,,,,
505,27,3369276,0.6068087807720189,0.00030163239346280414,0.6063125954847727,1.0,,,,
506,27,3374190,0.6067822439155186,0.0003937678257954315,0.6061344958420851,1.0,,,,
507,27,3376620,0.6064164346953073,0.0007413579719292998,0.6051969008314836,1.0,,,,
508,27,3375432,0.6068168769313393,0.000423187406155721,0.6061207336482132,1.0,,,,
509,27,3376026,0.6065254477973032,0.0005082615982576667,0.6056893574681693,1.0,,,,
510,27,3375756,0.6065442213476292,0.0008830683039151104,0.6050915739876889,1.0,,,,
511,27,3375918,0.6063452302631125,0.0007387433318729392,0.6051299974821815,1.0,,,,
512,27,3375864,0.6063947981132599,0.0007536256898198332,0.6051550838535062,1.0,,,,
513,27,3375810,0.6066014167619532,0.0008407522171526301,0.6052183793647371,1.0,,,,
514,28,56,0.7690124690135731,4.56841354980158e-07,0.7690117175095442,1.0,,,,
515,28,5000072,0.387310370533642,0.0014675254750032263,0.38489629112726165,1.0,,,,
516,28,2500064,0.5563150656942366,0.0011000201468617118,0.5545055325526491,1.0,,,,
517,28,1250088,0.6652301725027626,0.00045191223607433576,0.6644867768744204,1.0,,,,
518,28,1875104,0.6099523693424559,0.0006967323891419607,0.6088062445623174,1.0,,,,
519,28,2187584,0.5850865209343418,0.0007967795237525484,0.5837758186177688,1.0,,,,
520,28,2031344,0.5974232578747777,0.0007237727831682551,0.5962326516464659,1.0,,,,
521,28,1953224,0.6032637384626433,0.0005116041731541944,0.6024221495978046,1.0,,,,
522,28,1914192,0.6066355977625506,0.0006796940407180721,0.6055175010655693,1.0,,,,
523,28,1933736,0.6052563286664414,0.0007616598872423878,0.6040033981519277,1.0,,,,
524,28,1923992,0.6058173340448463,0.0008701876274353327,0.6043858753977152,1.0,,,,
525,28,1919120,0.6061859829649024,0.0008037274073374733,0.6048638513798323,1.0,,,,
526,28,1916656,0.606421251768974,0.0008212502280096949,0.6050702951438981,1.0,,,,
527,28,1915424,0.6065129476794497,0.00035383974538824077,0.6059308812982861,1.0,,,,
528,28,1914808,0.6066230592783369,0.0008510548735662281,0.6052230740113205,1.0,,,,
529,28,1915144,0.6065716312906329,0.0007305896085720951,0.6053698113845317,1.0,,,,
530,28,1915312,0.606369215632484,0.0007509693936788854,0.6051338709798822,1.0,,,,
531,28,1915256,0.6064003906350318,0.0007862599027851781,0.6051069930949502,1.0,,,,
532,28,1915200,0.6062462300910438,0.0008350874938485978,0.6048725111636629,1.0,,,,
533,29,58,0.7690212206136094,3.2094300341533255e-07,0.7690206926623688,1.0,,,,
534,29,5000064,0.3351449957659186,0.0009990339514775884,0.33350158491573795,1.0,,,,
535,29,2500090,0.5206549280226194,0.0013665383801090975,0.5184069723873399,1.0,,,,
536,29,1250074,0.6461558582636818,0.0006978803720360028,0.6450078450516826,1.0,,,,
537,29,1875082,0.5817665919799591,0.0006955320336750157,0.5806224417845637,1.0,,,,
538,29,1562578,0.6156336730920023,0.0009982200417877026,0.6139916011232616,1.0,,,,
539,29,1718830,0.598436114123953,0.0021143282082056822,0.5949580442214547,1.0,,,,
540,29,1640704,0.6078127610686139,0.0005214188969496564,0.6069550269831318,1.0,,,,
541,29,1679796,0.6046299292679521,0.000489619564920026,0.6038245050836587,1.0,,,,
542,29,1660250,0.6068324227196464,0.00046976274582848147,0.6060596630027586,1.0,,,,
543,29,1670052,0.6052477301698017,0.0008160543016303264,0.6039053208436198,1.0,,,,
544,29,1665180,0.606347001602547,0.0012121515785548653,0.6043530122558242,1.0,,,,
545,29,1662744,0.6060379094895922,0.0006616166460348794,0.6049495501068649,1.0,,,,
546,29,1661526,0.606441870222631,0.001011895956106638,0.6047773013748355,1.0,,,,
547,29,1660888,0.6063450720372341,0.0008888607574615776,0.6048828960912098,1.0,,,,
548,29,1660598,0.6067967104475325,0.0008596268295764945,0.6053826243128791,1.0,,,,
549,29,1660772,0.6065804452253164,0.0008432563115632793,0.6051932885927948,1.0,,,,
550,29,1660830,0.6064959705964306,0.000443329659814049,0.6057666933060365,1.0,,,,
551,30,60,0.7690289852348725,4.6596544201911967e-07,0.7690282187217203,1.0,,,,
552,30,5000040,0.2715443016339805,0.0015759333324229824,0.2689518913021447,1.0,,,,
553,30,2500080,0.4704615993368253,0.0006616689659295554,0.46937315388787115,1.0,,,,
554,30,1250100,0.6178537337861874,0.000894453615044346,0.6163823575894394,1.0,,,,
555,30,1875120,0.5413400934153556,0.0012421297952376173,0.5392967899021898,1.0,,,,
556,30,1562640,0.5815515898642609,0.0006552764569753783,0.5804736600925364,1.0,,,,
557,30,1406400,0.6003565851064165,0.0005933236343132612,0.5993805677279712,1.0,,,,
558,30,1328280,0.6085301863067902,0.00039038827324100516,0.6078879975973088,1.0,,,,
559,30,1367340,0.6045157254682065,0.000546901041119478,0.603616073255565,1.0,,,,
560,30,1347840,0.6066291683775108,0.0009571872986318585,0.6050545952712614,1.0,,,,
561,30,1357620,0.605759553747781,0.0009005547919937354,0.6042781411149513,1.0,,,,
562,30,1352760,0.6061532220543656,0.0007633339523157926,0.6048975377028062,1.0,,,,
563,30,1350300,0.6066430584253246,0.0009126770398039534,0.6051417046948471,1.0,,,,
564,30,1351560,0.6062821591267592,0.00046349817737642953,0.605519704624975,1.0,,,,
565,30,1350960,0.6067629834295384,0.0007270921148530585,0.6055669169006052,1.0,,,,
566,30,1351260,0.6060249859351543,0.0006468251717041414,0.604960958527701,1.0,,,,
567,30,1351140,0.6064871169686362,0.0006383904430855413,0.6054369646897605,1.0,,,,
568,30,1351080,0.6063238926555744,0.0006575147874677277,0.6052422808301899,1.0,,,,
569,30,1351020,0.6060036459520851,0.0006968292016415527,0.6048573619153848,1.0,,,,
570,31,62,0.7690357320026868,4.843199391793873e-07,0.7690349352963869,1.0,,,,
571,31,5000052,0.19110547869467703,0.0012746042191424181,0.18900875475418777,1.0,,,,
572,31,2500088,0.39870949437878367,0.0014083209104853026,0.39639280648103536,1.0,,,,
573,31,1250106,0.5736278521868755,0.000840379236146494,0.5722454283434145,1.0,,,,
574,31,625084,0.6684096518124273,0.0004364334373856803,0.6676917188079279,1.0,,,,
575,31,937626,0.6198746686662326,0.0005822964740595368,0.6189167909664047,1.0,,,,
576,31,1093866,0.5965302597838521,0.0007022913442121903,0.595374990522623,1.0,,,,
577,31,1015746,0.6080379503922451,0.0006695764765507329,0.6069364970883191,1.0,,,,
578,31,1054806,0.6022011235896989,0.0005323611262176754,0.6013253895370708,1.0,,,,
579,31,1035276,0.605211631407305,0.0011365987277372725,0.6033419265001773,1.0,,,,
580,31,1025542,0.6066014911115377,0.000914003798859816,0.6050979548624134,1.0,,,,
581,31,1030440,0.6057881430034023,0.0006677165758326568,0.6046897492361576,1.0,,,,
582,31,1028022,0.6064261691819305,0.0006686343040546643,0.6053262657517605,1.0,,,,
583,31,1026782,0.6062013560234065,0.0008862432017461613,0.604743485956534,1.0,,,,
584,31,1026162,0.6068882503340268,0.0010853372922734333,0.6051028704882371,1.0,,,,
585,31,1026472,0.6063485155771079,0.0009083514412982036,0.6048542774561724,1.0,,,,
586,31,1026348,0.6059160151171213,0.0006893923160588426,0.6047819647572046,1.0,,,,
587,31,1026286,0.6066646094004262,0.0007864324885959259,0.6053709279566859,1.0,,,,
588,32,64,0.7690406286722646,2.0464772785332204e-07,0.7690402920267523,1.0,,,,
589,32,5000064,0.09373402964548164,0.0014135421836031215,0.0914087527534545,1.0,,,,
590,32,2500096,0.28498930016403634,0.0012686986752644793,0.28290229084322627,1.0,,,,
591,32,1250112,0.49489221973806136,0.0010243721913324067,0.4932071274833196,1.0,,,,
592,32,625088,0.6225484553474603,0.0008660961153400051,0.621123727237726,1.0,,,,
593,32,937600,0.5558605706235081,0.0007629895587914423,0.5546054527992962,1.0,,,,
594,32,781376,0.5887105968111112,0.0010018676604476985,0.5870625245096747,1.0,,,,
595,32,703232,0.6052939974043735,0.0006573544907481476,0.6042126492670928,1.0,,,,
596,32,664192,0.6138880598760965,0.00037055342067357803,0.6132784994990885,1.0,,,,
597,32,683712,0.609611943485387,0.00034925435267284873,0.6090374200752402,1.0,,,,
598,32,693504,0.6073862257300808,0.0007590563928777289,0.606137577963797,1.0,,,,
599,32,698368,0.60650322575053,0.001098605297430582,0.6046960200362567,1.0,,,,
600,32,695936,0.6070747077564267,0.0005862543633745762,0.6061103193286755,1.0,,,,
601,32,697152,0.6064411127635245,0.0005581580473079644,0.605522942775703,1.0,,,,
602,32,696576,0.606664354586132,0.0004244717875963303,0.6059660984955361,1.0,,,,
603,32,696896,0.6067667217112338,0.0004584555392840995,0.6060125623491115,1.0,,,,
604,32,697024,0.6068110895997931,0.0009372189780528457,0.6052693643808962,1.0,,,,
605,32,697088,0.606533482329584,0.0007478107789204174,0.6053033335982599,1.0,,,,
606,33,66,0.7690410698650656,9.991823995362125e-08,0.7690409054995608,1.0,,,,
607,33,5000094,0.011269099044277852,0.00021249144588905553,0.010919550615790355,1.0,,,,
608,33,2500080,0.10480776214993481,0.000719300294909291,0.10362451316480903,1.0,,,,
609,33,1250106,0.3172511637006862,0.0016195653612428136,0.31458697868144175,1.0,,,,
610,33,625086,0.5037150320855713,0.001131136782889378,0.5018543120777184,1.0,,,,
611,33,312576,0.6288772370025023,0.0006533298251898389,0.627802509440065,1.0,,,,
612,33,468864,0.5631702777250472,0.0011815950659970042,0.5612265538414821,1.0,,,,
613,33,390720,0.5956250183336976,0.0010601108486008178,0.5938811359877493,1.0,,,,
614,33,351648,0.6125331312463809,0.00047499662412152176,0.6117517617997009,1.0,,,,
615,33,371184,0.6039059258935797,0.0006652240386122773,0.6028116323500625,1.0,,,,
616,33,361416,0.6078343721053449,0.0010168992762915425,0.6061615727958453,1.0,,,,
617,33,366300,0.60627987406011,0.0009804703791356278,0.6046670002864318,1.0,,,,
618,33,363858,0.606816715857778,0.0008065145455709902,0.6054899994303137,1.0,,,,
619,33,365112,0.6070822248764521,0.0006470719460461597,0.6060177915252062,1.0,,,,
620,33,365706,0.6062769568272145,0.0008233781367886501,0.6049224997921971,1.0,,,,
621,33,365442,0.606631017187609,0.0007118000572832294,0.6054601060933781,1.0,,,,
622,33,365574,0.6065851116928777,0.0006671131121792262,0.6054877106233428,1.0,,,,
623,33,365640,0.6066203671325738,0.0008127034399837908,0.6052834699738004,1.0,,,,
624,34,68,0.7690435186885335,9.820059656038732e-08,0.7690433571485521,1.0,,,,
625,34,5000040,0.002878542430779867,8.984206366808088e-05,0.002730752236045874,1.0,,,,
626,34,2500088,0.055405237077572875,0.0006003057374329928,0.054417734139495605,1.0,,,,
627,34,1250112,0.2433443789224487,0.0014312546155814722,0.24098996507981718,1.0,,,,
628,34,625124,0.44262116115203043,0.0014671760223364072,0.44020765659528704,1.0,,,,
629,34,312596,0.5913615562978126,0.0005041392934604395,0.5905322471600702,1.0,,,,
630,34,156332,0.682938267731087,0.0005540595606097307,0.682026839753884,1.0,,,,
631,34,234464,0.6385214025002421,0.0010328667926228993,0.6368223366263774,1.0,,,,
632,34,273564,0.6148155792472166,0.0008531033035946073,0.6134122243128035,1.0,,,,
633,34,293080,0.6031931623209597,0.0012250337383544793,0.6011779818213665,1.0,,,,
634,34,283356,0.6091237348252204,0.0004932923367042153,0.6083122689313419,1.0,,,,
635,34,288252,0.6058983763324415,0.0008713849368037762,0.6044649481113993,1.0,,,,
636,34,285804,0.6074743201874828,0.0005369412118501703,0.6065910518939893,1.0,,,,
637,34,287028,0.606611600671439,0.000967199442124346,0.6050205575891445,1.0,,,,
638,34,287640,0.6069359582617941,0.0010276009260840836,0.6052455547383858,1.0,,,,
639,34,287980,0.6069038042547913,0.0007407210858575547,0.6056853180685556,1.0,,,,
640,34,288116,0.6061573775166708,0.0011626301088441039,0.6042448509876223,1.0,,,,
641,34,288048,0.6066540065832335,0.0006754259642566231,0.6055429308720314,1.0,,,,
642,35,70,0.769046917731219,7.173446607705442e-08,0.7690467997280224,1.0,,,,
643,35,5000100,0.0013999453095754006,3.7759687218550263e-05,0.0013378306241008855,1.0,,,,
644,35,2500120,0.039797536168522205,0.0007937982739050465,0.0384917380079484,1.0,,,,
645,35,1250130,0.20925643065353033,0.001184422818204547,0.20730805511758385,1.0,,,,
646,35,625100,0.4122245489361112,0.001538391071147466,0.40969389562407366,1.0,,,,
647,35,312620,0.5726900713724524,0.001372654054671289,0.5704320554525182,1.0,,,,
648,35,156380,0.6724817937573182,0.000745679771051708,0.6712551505339381,1.0,,,,
649,35,234500,0.6233551117332082,0.001417507364498995,0.6210233121186074,1.0,,,,
650,35,273560,0.5969066033597292,0.001452637341556233,0.5945170149328692,1.0,,,,
651,35,254030,0.6101804516944782,0.0008975283397242587,0.6087040175756318,1.0,,,,
652,35,263830,0.6028567172671162,0.001429535369324031,0.6005051315845782,1.0,,,,
653,35,258930,0.6061413585032001,0.0009852989039839976,0.6045205418061463,1.0,,,,
654,35,256480,0.6077176515781222,0.0011271959961715516,0.60586341416442,1.0,,,,
655,35,257740,0.6070302681203295,0.001133855772089136,0.6051650753752428,1.0,,,,
656,35,258370,0.6070427372062661,0.0011817797091597398,0.6050987095846984,1.0,,,,
657,35,258650,0.6072094415941647,0.0019967161940492883,0.6039248434549536,1.0,,,,
658,35,258790,0.6058617348790777,0.0011033321107047872,0.6040467535569684,1.0,,,,
659,35,258720,0.6057910810178246,0.001030250050033842,0.604096319685519,1.0,,,,
660,36,72,0.7690491331408662,1.6810308297505024e-07,0.7690488566112947,1.0,,,,
661,36,5000040,0.0005448335885032255,2.1977549477460358e-05,0.0005086805196128033,1.0,,,,
662,36,2500056,0.025444380305533993,0.00034174976140109806,0.024882201948029186,1.0,,,,
663,36,1250064,0.17289786708698623,0.0015083064297186854,0.170416703010099,1.0,,,,
664,36,625104,0.37582367346043355,0.0014097819550880283,0.37350458214431376,1.0,,,,
665,36,312624,0.5474897761509647,0.0011799034607039994,0.5455488349581067,1.0,,,,
666,36,156384,0.6590852312248562,0.0006891723541997775,0.6579515427021976,1.0,,,,
667,36,234504,0.6039223939053817,0.0010075735231016077,0.6022649354598796,1.0,,,,
668,36,195480,0.630755548992883,0.0012815332677860976,0.6286474267673748,1.0,,,,
669,36,214992,0.6174780442282758,0.0013373718856066995,0.6152780674764528,1.0,,,,
670,36,224784,0.6104351822654024,0.0008993240858501315,0.6089557941441789,1.0,,,,
671,36,229680,0.6070312001307279,0.001280433645528834,0.6049248867838329,1.0,,,,
672,36,232128,0.6053327129071658,0.0005161991671031477,0.6044835652772812,1.0,,,,
673,36,230904,0.6070378832183003,0.0014212842832458503,0.6046998705723609,1.0,,,,
674,36,231552,0.6063721180549919,0.0010930713195859798,0.6045740157342729,1.0,,,,
675,36,231264,0.6058977734708276,0.0008182244214628662,0.6045517942975213,1.0,,,,
676,36,231120,0.6063265766090536,0.0010260561982972764,0.6046387141628546,1.0,,,,
677,36,231048,0.6061373613968921,0.000880912473875057,0.6046882603773677,1.0,,,,
678,36,230976,0.6068101841842034,0.0012821927707772675,0.6047009770762748,1.0,,,,
679,37,74,0.7690497620703839,1.9950618423172753e-07,0.7690494338827109,1.0,,,,
680,37,5000106,0.00015611875227543206,5.917509101053728e-06,0.0001463844498041987,1.0,,,,
681,37,2500090,0.014130306825776451,0.0001928582582885988,0.013813054990891705,1.0,,,,
682,37,1250082,0.13412501208647387,0.0010896104152614931,0.1323326029533687,1.0,,,,
683,37,625078,0.33372428568127555,0.0012911322581645303,0.3316003731165949,1.0,,,,
684,37,312576,0.5166772892223899,0.0015340915712894652,0.5141537085876187,1.0,,,,
685,37,156362,0.642329875055439,0.000635582699953688,0.6412843415140153,1.0,,,,
686,37,234506,0.5798936742775122,0.0012359102843085825,0.5778606018598246,1.0,,,,
687,37,195434,0.6099779785755086,0.0007865975989198925,0.6086840255252854,1.0,,,,
688,37,214970,0.5942281825444781,0.0014368132839205365,0.5918646246924287,1.0,,,,
689,37,205202,0.60177195090785,0.001077508179732092,0.5999994499521907,1.0,,,,
690,37,200318,0.6062211516961551,0.0011220059165873467,0.604375451963369,1.0,,,,
691,37,197876,0.6078742720281223,0.0008784187608577211,0.6064292731665113,1.0,,,,
692,37,199134,0.6072299511042021,0.0007814932019971466,0.6059443947869168,1.0,,,,
693,37,199726,0.6055637503845485,0.0006647061698946773,0.6044703087350717,1.0,,,,
694,37,199430,0.6061657650661114,0.0008527501297722049,0.6047629911026361,1.0,,,,
695,37,199282,0.6066252646448749,0.0014408225694652786,0.6042551115181045,1.0,,,,
696,37,199356,0.6065672439435927,0.0011220984043723587,0.6047213920684003,1.0,,,,
697,38,76,0.769048508306594,5.067734251136038e-07,0.7690476746643097,1.0,,,,
698,38,5000040,2.669565568343176e-05,1.4919293457304538e-06,2.4241431909705162e-05,1.0,,,,
699,38,2500096,0.00620054125688251,0.0001269906722421317,0.005991641601044203,1.0,,,,
700,38,1250124,0.0938314323143598,0.0011225777856788428,0.0919847918569181,1.0,,,,
701,38,625100,0.2810521828614616,0.0016852254981980389,0.27827998691692585,1.0,,,,
702,38,312588,0.4764722897019805,0.001131260840307937,0.474611365619674,1.0,,,,
703,38,156332,0.6188045885001221,0.0008516735383433145,0.6174035855295473,1.0,,,,
704,38,234460,0.5472145875219444,0.0013726432401421113,0.5449565893919106,1.0,,,,
705,38,195396,0.5814858628115535,0.001186427782805025,0.5795341891088391,1.0,,,,
706,38,175864,0.6000821549817995,0.0009142263858276852,0.598578252577113,1.0,,,,
707,38,166136,0.6096673441309625,0.0010036635112675427,0.6080163176549274,1.0,,,,
708,38,171000,0.6060218849866843,0.0011455776962353943,0.6041374096763771,1.0,,,,
709,38,168568,0.6075749483748385,0.0012128933536228776,0.6055797388081289,1.0,,,,
710,38,169784,0.6073580947622619,0.0006453566939628354,0.606296483000693,1.0,,,,
711,38,170392,0.605974119892238,0.0008587518177596448,0.6045614731520235,1.0,,,,
712,38,170088,0.6068302922932666,0.0008216774528974657,0.6054786328832502,1.0,,,,
713,38,170240,0.6061375513712031,0.0015669888950070826,0.6035598546389164,1.0,,,,
714,38,170164,0.6063993985058549,0.0012403493197324404,0.604359023874895,1.0,,,,
715,39,78,0.7690438494885512,6.17123545806824e-07,0.7690428343203184,1.0,,,,
716,39,5000112,1.9371255092358154e-06,6.42907875934194e-08,1.8313671636446405e-06,1.0,,,,
717,39,2500134,0.001786499928450117,3.959137332053924e-05,0.0017213721193378299,1.0,,,,
718,39,1250106,0.0546811610722732,0.0007197688045634849,0.05349714138876627,1.0,,,,
719,39,625092,0.21848622833523823,0.001719622250966446,0.21565744973239842,1.0,,,,
720,39,312624,0.4217504813011129,0.0017264865388255694,0.41891041094474485,1.0,,,,
721,39,156390,0.5862877762323285,0.0009769111383597792,0.5846807574097267,1.0,,,,
722,39,78234,0.6780008441526494,0.0007068509198311936,0.676838074389527,1.0,,,,
723,39,117312,0.631003263356193,0.0009718256957595775,0.6294046100866685,1.0,,,,
724,39,136890,0.6075069344880176,0.0008993395316119879,0.6060275209585159,1.0,,,,
725,39,146640,0.5964263984867741,0.0009390605839001203,0.5948816438262584,1.0,,,,
726,39,141804,0.6018426699699164,0.0007820299008339942,0.6005562307830445,1.0,,,,
727,39,139386,0.6045851376342182,0.0015076500380995872,0.6021050533215444,1.0,,,,
728,39,138138,0.6065237322689425,0.0011466276663176487,0.60463752975785,1.0,,,,
729,39,137514,0.60664594341809,0.0015002299725458345,0.6041780651132521,1.0,,,,
730,39,137826,0.6063086049873841,0.0012588641447551846,0.6042377734692619,1.0,,,,
731,39,137670,0.6067902204207417,0.001202444253366197,0.6048121996239543,1.0,,,,
732,39,137748,0.6063266622036043,0.001209925142611807,0.6043363353440079,1.0,,,,
733,40,80,0.7690322594201919,1.165659027379439e-06,0.7690303419110919,1.0,,,,
734,40,5000080,2.365558904518625e-08,2.355198871889332e-09,1.97812869009283e-08,1.0,,,,
735,40,2500080,0.00022914449167649257,7.803835964136779e-06,0.00021630718151548756,1.0,,,,
736,40,1250080,0.022772633465474017,0.000523376810960124,0.021911678611444614,1.0,,,,
737,40,625120,0.14157013177683478,0.0018486972492839325,0.1385290248017627,1.0,,,,
738,40,312640,0.3438517467078078,0.001946616925169237,0.34064956186590445,1.0,,,,
739,40,156400,0.5350826754491782,0.001549071482888701,0.5325344528598263,1.0,,,,
740,40,78240,0.6497857841636054,0.0006663586563466255,0.6486896241739153,1.0,,,,
741,40,117360,0.5910254247315394,0.0017613153378777922,0.5881280610007305,1.0,,,,
742,40,97840,0.6196919875323086,0.0006020983954344924,0.6187015356718188,1.0,,,,
743,40,107600,0.6048635425498521,0.0007890883458022706,0.6035654922210073,1.0,,,,
744,40,102720,0.6123368776603291,0.0010347280281129958,0.6106347500540832,1.0,,,,
745,40,105200,0.6079123156369748,0.0008280268882510766,0.6065502114058018,1.0,,,,
746,40,106400,0.6061298080500256,0.0014177213390320486,0.6037976564473179,1.0,,,,
747,40,105840,0.6070455151147393,0.0017400775502597113,0.6041830875445621,1.0,,,,
748,40,106160,0.6063694595451237,0.0009536165575596142,0.6048007603079381,1.0,,,,
749,40,106000,0.6077867121165119,0.0012996776391109152,0.6056487424001744,1.0,,,,
750,40,106080,0.6067766514844184,0.0010594603455916572,0.6050338392159201,1.0,,,,
751,41,82,0.7690037412954033,2.5465341505350496e-06,0.7689995522467257,1.0,,,,
752,41,5000114,3.681929063034088e-12,4.478460380496902e-13,2.9452223304423476e-12,1.0,,,,
753,41,2500098,3.701495052719051e-06,1.593604835221988e-07,3.439347057325034e-06,1.0,,,,
754,41,1250090,0.0037635325740164927,0.0001045723889019489,0.003591510994272787,1.0,,,,
755,41,625086,0.0602721343298732,0.0006961513188307751,0.05912696541039658,1.0,,,,
756,41,312584,0.2296819345141526,0.0017337064282655834,0.22682998743965574,1.0,,,,
757,41,156374,0.4449639336097141,0.0019459274448483184,0.4417628829629386,1.0,,,,
758,41,78228,0.5971374335251147,0.0016702123819655383,0.5943899341567814,1.0,,,,
759,41,39196,0.682646707693634,0.0005088146623140401,0.6818097075741274,1.0,,,,
760,41,58712,0.6389680909287623,0.0010381414825562482,0.6372603481899572,1.0,,,,
761,41,68470,0.6176218223588998,0.0010211342718132567,0.615942056481767,1.0,2627.0,,6886.757772435346,
762,41,73390,0.6074517878140491,0.0012803039232307997,0.6053456878603344,1.0,,,,
763,41,75850,0.6023951742520196,0.000999106197142576,0.6007516445577201,1.0,,,,
764,41,74620,0.6043865115394983,0.0011947755510098891,0.602421105758087,1.0,,,,
765,41,74046,0.606632980846671,0.0010888161153943332,0.6048418783368473,1.0,,,,
766,41,74374,0.6057926303886781,0.001400102313758509,0.6034894620825454,1.0,,,,
767,41,74210,0.6063126562195276,0.0014466430148611896,0.603932928460081,1.0,,,,
768,41,74128,0.605932525130101,0.0002791768952535508,0.6054732791374089,1.0,,,,
769,42,84,0.7689328842044969,4.751182553670621e-06,0.7689250685091961,1.0,,,,
770,42,5000100,5.557149882554761e-22,1.131065072749576e-22,3.6965478378817076e-22,1.0,,,,
771,42,2500092,1.1264410693939107e-10,1.171684159574625e-11,9.336990251438849e-11,1.0,,,,
772,42,1250088,4.5443981300876635e-05,1.952117884550778e-06,4.223274738079061e-05,1.0,,,,
773,42,625128,0.007257971714914412,0.00024405962326853078,0.006856493634637678,1.0,,,,
774,42,312648,0.08497547520015199,0.0008071164322384958,0.08364776866911966,1.0,,,,
775,42,156408,0.28551710688395077,0.002288330291301376,0.28175280355476,1.0,,,,
776,42,78288,0.48869238928274655,0.0019462105158094393,0.48549087298424004,1.0,,,,
777,42,39228,0.6211140241759417,0.0010281234899733,0.6194227610349357,1.0,,,,
778,42,58800,0.5512483371162957,0.0016594352508144982,0.5485185661287059,1.0,,,,
779,42,49056,0.584978150202867,0.00101850992385226,0.5833027013781301,1.0,,,,
780,42,44184,0.6016527470237361,0.0012517637642626234,0.599593595631524,1.0,,,,
781,42,41748,0.6125236633078972,0.0014370463987576907,0.6101597219819408,1.0,,,,
782,42,43008,0.6062110137693161,0.0007344237213579887,0.6050028867476822,1.0,,,,
783,42,42420,0.6085412096658336,0.0009694448567893692,0.6069464728764151,1.0,,,,
784,42,42756,0.6081249349651647,0.0013046505931370422,0.6059787847394543,1.0,,,,
785,42,42924,0.60710157286224,0.0013890261672118796,0.6048166248171765,1.0,,,,
786,43,86,0.7689166263409206,2.9743912761471702e-06,0.7689117334672714,1.0,,,,
787,43,5000126,8.824873745278706e-24,2.5462745942650413e-24,4.636252037712713e-24,1.0,,,,
788,43,2500106,1.3945088400827405e-11,1.4904359603142634e-12,1.1493321246110442e-11,1.0,,,,
789,43,1250096,1.9960234768353553e-05,1.1074360314671026e-06,1.813850249659017e-05,1.0,,,,
790,43,625134,0.004900028144181506,0.00025113697412850253,0.00448690782174012,1.0,,,,
791,43,312610,0.06956340692880908,0.0006418085397603564,0.0685076318809033,1.0,,,,
792,43,156348,0.2633605671170091,0.0016587755352161792,0.2606318813615785,1.0,,,,
793,43,78260,0.46827820759747174,0.0015758899767667133,0.4656858685856905,1.0,,,,
794,43,39216,0.6095962352694821,0.0011397017942059613,0.6077214258180134,1.0,,,,
795,43,58738,0.5356050211133991,0.0011296851377221473,0.5337466890618462,1.0,,,,
796,43,49020,0.5717505968556389,0.0016301164226217356,0.5690690553404262,1.0,,,,
797,43,44118,0.590003849568501,0.0013331636095261555,0.5878107954308305,1.0,,,,
798,43,41710,0.5996209801177949,0.0017614373053605463,0.5967234157504767,1.0,,,,
799,43,40506,0.604820286476099,0.0015950756817970147,0.6021963869795429,1.0,,,,
800,43,39904,0.6074416812030086,0.000971501209250359,0.6058435617137917,1.0,,,,
801,43,40248,0.6052147669000764,0.0014262494322370624,0.6028685865840464,1.0,,,,
802,43,40076,0.6060209124973761,0.0013765171540548735,0.6037565417789559,1.0,,,,
803,43,39990,0.6070659275854997,0.0008592263331920631,0.6056525002673988,1.0,,,,
804,44,88,0.7688983670330003,4.716193629013719e-06,0.7688906088944806,1.0,,,,
805,44,5000072,4.9186704425410034e-26,7.601101635876421e-27,3.668289223439332e-26,1.0,,,,
806,44,2500080,1.3411181234902744e-12,1.6243941126093653e-13,1.0739052919660337e-12,1.0,,,,
807,44,1250128,7.359438266632685e-06,4.778468929650428e-07,6.57338012770519e-06,1.0,,,,
808,44,625152,0.0030132056944730035,0.00011112608879953514,0.0028304032783977684,1.0,,,,
809,44,312664,0.05614087195241461,0.0009053090240426266,0.05465163860786448,1.0,,,,
810,44,156376,0.23811940458044303,0.0015968233973436732,0.2354926300918127,1.0,,,,
811,44,78232,0.44881646072739195,0.0016149606745968657,0.4461598504176801,1.0,,,,
812,44,39160,0.5962932190996533,0.0011692830003897123,0.5943697485640121,1.0,,,,
813,44,19624,0.6833913559731949,0.0007761651600764402,0.6821145642848692,1.0,,,,
814,44,29392,0.6396518511489506,0.0009384382090851273,0.6381081202950056,1.0,,,,
815,44,34320,0.6169288635447586,0.0007916164231817676,0.6156266545286246,1.0,,,,
816,44,36784,0.6056785825986812,0.000568363002598434,0.6047436254594069,1.0,,,,
817,44,35552,0.6122488139490747,0.0009453538018875636,0.6106937069449697,1.0,,,,
818,44,36168,0.6094471098888491,0.0004892987752921218,0.6086422134034936,1.0,,,,
819,44,36520,0.607565560943445,0.0013618905874942546,0.6053252509270171,1.0,,,,
820,44,36696,0.607139736249713,0.0009804009565474656,0.6055269766761924,1.0,,,,
821,45,90,0.7688748490310472,6.156787039468419e-06,0.7688647211163673,1.0,,,,
822,45,5000130,1.136663800401048e-28,4.067038965431162e-29,4.6763589058762175e-29,1.0,,,,
823,45,2500110,7.513241842106314e-14,8.933204464336099e-15,6.043729707723026e-14,1.0,,,,
824,45,1250100,2.1475436865973912e-06,1.0977220574525041e-07,1.9669684081464543e-06,1.0,,,,
825,45,625140,0.0016528931525511517,5.3361894910161e-05,0.0015651128354239369,1.0,,,,
826,45,312660,0.04249308290363339,0.0005022746564443825,0.04166684109378238,1.0,,,,
827,45,156420,0.20947702241738203,0.0011421748558470002,0.20759814477951372,1.0,,,,
828,45,78300,0.4241774451956477,0.0023242650425158553,0.42035402920070913,1.0,,,,
829,45,39240,0.5805765754979292,0.001263973202160344,0.5784973395803754,1.0,,,,
830,45,19710,0.6751373292602801,0.0008388539233549778,0.6737574145563612,1.0,,,,
831,45,29520,0.6265559248174877,0.0010769807579411996,0.6247842914706744,1.0,,,,
832,45,34380,0.6032670944076344,0.001193715614815265,0.6013034322212633,1.0,,,,
833,45,31950,0.614643311504541,0.0006483976604001669,0.6135766973531828,1.0,,,,
834,45,33210,0.6084904211980025,0.0007665109782022217,0.6072295106388598,1.0,,,,
835,45,33840,0.6054265840425178,0.0010701956036303114,0.6036661122745459,1.0,,,,
836,45,33570,0.6068905030998589,0.001455213141485253,0.6044966774821157,1.0,,,,
837,45,33750,0.6061661154313522,0.0009556053447235746,0.604594144639282,1.0,,,,
838,45,33660,0.6067284135900755,0.0010534033065212885,0.604995565150848,1.0,,,,
839,46,92,0.7688418439434349,3.1311153187135133e-06,0.7688366932587356,1.0,,,,
840,46,5000108,6.380733997012847e-32,2.1643407662145406e-32,2.8203934365899275e-32,1.0,,,,
841,46,2500100,2.1926964872780896e-15,2.1035910746701225e-16,1.8466557554948547e-15,1.0,,,,
842,46,1250096,5.038033197269926e-07,4.0190625049855726e-08,4.3768974151998e-07,1.0,,,,
843,46,625140,0.0008273919837923163,2.9857696749739402e-05,0.000778276072638995,1.0,,,,
844,46,312616,0.03073466134342042,0.0006431981198051829,0.029676600436340895,1.0,,,,
845,46,156400,0.18209066644700272,0.0025472617658489883,0.17790042084218113,1.0,,,,
846,46,78292,0.3957906561269176,0.001768952530431552,0.3928807292143577,1.0,,,,
847,46,39192,0.5624479586546298,0.0013587647829823855,0.5602127905866238,1.0,,,,
848,46,19688,0.6650078752090167,0.0009168028624814144,0.6634997345002348,1.0,,,,
849,46,29440,0.6118602562222639,0.0012473726137023913,0.6098083282727235,1.0,,,,
850,46,34316,0.5873447910010084,0.0015182972189385997,0.5848471920758544,1.0,,,,
851,46,31924,0.5993551245827101,0.001254427402919509,0.5972915915049075,1.0,,,,
852,46,30728,0.6058402051941307,0.001234652441379157,0.603809201928062,1.0,,,,
853,46,30084,0.6094442892325421,0.0009688244429523063,0.6078505730238856,1.0,,,,
854,46,30452,0.606828008250668,0.0007128528478182934,0.6056553653160068,1.0,,,,
855,46,30636,0.6067315079315257,0.0017954280322842286,0.6037780288184182,1.0,,,,
856,47,94,0.7688073695651219,4.408116504832945e-06,0.7688001182134714,1.0,,,,
857,47,5000048,5.4573203771956406e-36,1.2993714802422835e-36,3.319854292197084e-36,1.0,,,,
858,47,2500118,3.017565992526584e-17,4.508875949056539e-18,2.2758558989067835e-17,1.0,,,,
859,47,1250106,8.232785507909273e-08,1.0305102701831518e-08,6.537596113457988e-08,1.0,,,,
860,47,625100,0.00034963017090587287,1.0742048920540065e-05,0.00033195950043158446,1.0,,,,
861,47,312644,0.0201599684461388,0.00045402076461496885,0.019413104288347176,1.0,,,,
862,47,156416,0.15040998330805416,0.0023406725525051304,0.14655957695918323,1.0,,,,
863,47,78302,0.3625479939564472,0.0023040524045944907,0.35875782775088927,1.0,,,,
864,47,39198,0.5408582546467429,0.0014151563627010024,0.5385303224300997,1.0,,,,
865,47,19646,0.6528037789135716,0.0008094116275136898,0.6514722967863116,1.0,,,,
866,47,29422,0.5950283824555875,0.0012708152555716233,0.5929378913601722,1.0,,,,
867,47,24534,0.6234648124370732,0.0008963824062653453,0.6219902633787667,1.0,,,,
868,47,26978,0.6098085119280559,0.0016694010253720415,0.6070623472413188,1.0,,,,
869,47,28200,0.6019766111022792,0.0015133462142403328,0.5994871565798539,1.0,,,,
870,47,27636,0.6057618246114068,0.0011559895351623353,0.6038602218260648,1.0,,,,
871,47,27354,0.6074760008272968,0.0012154418909043239,0.6054765989167592,1.0,,,,
872,47,27542,0.6063536437068773,0.0012913448838589889,0.6042293813729293,1.0,,,,
873,47,27448,0.6064466970625647,0.0011391792070590437,0.6045727472669525,1.0,,,,
874,48,96,0.7687488249669189,8.42738756164833e-06,0.76873496191438,1.0,,,,
875,48,5000064,3.200524391685165e-41,1.4393392710750197e-41,8.328112907667575e-42,1.0,,,,
876,48,2500128,1.0684084508273292e-19,2.1402604307307705e-20,7.163356099721175e-20,1.0,,,,
877,48,1250112,7.1899586397442585e-09,3.1826890947486737e-10,6.666406283658102e-09,1.0,,,,
878,48,625152,0.0001098645381105231,6.130887957798309e-06,9.977922741994489e-05,1.0,,,,
879,48,312672,0.011701220402959183,0.0003435325960348125,0.011136109282481916,1.0,,,,
880,48,156384,0.11795742043409582,0.0011646261506428684,0.1160416104162883,1.0,,,,
881,48,78240,0.3256452368130479,0.002387242231341434,0.3217182233424912,1.0,,,,
882,48,39168,0.5143729592006385,0.0013292015220031362,0.5121864226969434,1.0,,,,
883,48,19680,0.6374300608560499,0.0010872524583451606,0.6356415305620722,1.0,,,,
884,48,29472,0.5731519743514915,0.0019708546676824716,0.5699099184231537,1.0,,,,
885,48,24576,0.605026664717486,0.0012317963777219657,0.6030003596761334,1.0,,,,
886,48,22176,0.621095254722374,0.0011032633154173127,0.6192803865685126,1.0,,,,
887,48,23424,0.6130689760905871,0.0010620943688543552,0.6113218308538216,1.0,,,,
888,48,24000,0.6085911755266198,0.0014301388421582397,0.6062385971312695,1.0,,,,
889,48,24288,0.6067586574046622,0.0012957101630201205,0.6046272141864941,1.0,,,,
890,48,24480,0.6058877913947877,0.0011007477598574504,0.6040770613298222,1.0,,,,
891,48,24384,0.6058534438781736,0.0011356490213242565,0.6039853012380952,1.0,,,,
892,49,98,0.7686763868418639,8.055507022977488e-06,0.7686631355328111,1.0,,,,
893,49,5000058,4.80939972277395e-48,2.6886305802702038e-48,3.8660241822946466e-49,1.0,,,,
894,49,2500078,6.03246618880395e-23,1.856991571576967e-23,2.977715053559839e-23,1.0,,,,
895,49,1250088,3.081780443737995e-10,3.407716866788432e-11,2.521211019151298e-10,1.0,,,,
896,49,625142,2.5871857802796405e-05,2.0112572299819732e-06,2.256333965947606e-05,1.0,,,,
897,49,312620,0.005764556391160439,0.0001421262036877034,0.0055307587860941665,1.0,,,,
898,49,156408,0.08530870813039289,0.0013049301887079463,0.08316209796996832,1.0,,,,
899,49,78302,0.2811418478468197,0.0024056290498901864,0.2771845880597504,1.0,,,,
900,49,39200,0.47995322189397827,0.0016408702348978815,0.47725399035757127,1.0,,,,
901,49,19698,0.6174290401515483,0.0009769193026997452,0.6158220078986072,1.0,,,,
902,49,29498,0.5450888296299425,0.0021523540295576944,0.5415482072513201,1.0,,,,
903,49,24598,0.5812483602730344,0.0012372773624297606,0.5792130390118374,1.0,,,,
904,49,22148,0.5988518966744748,0.0009226674991610199,0.5973341086383549,1.0,,,,
905,49,20972,0.6070508383998799,0.0009119469372143523,0.6055506856881623,1.0,,,,
906,49,21560,0.60345565724759,0.0017633947574544006,0.6005548728715775,1.0,,,,
907,49,21266,0.6052217707309783,0.0015496979066467714,0.6026725176745443,1.0,,,,
908,49,21168,0.6054079004760989,0.001003437385656876,0.6037572459766933,1.0,,,,
909,49,21070,0.606590402046234,0.0016874995555096841,0.6038144652774207,1.0,,,,
910,50,100,0.7685845521743547,5.3866695061115955e-06,0.7685756911030172,1.0,,,,
911,50,5000100,6.3633596459949104e-58,1.8672055976441746e-58,3.291806437870243e-58,1.0,,,,
912,50,2500100,1.6259777975040944e-27,5.3329742280121406e-28,7.487035369960973e-28,1.0,,,,
913,50,1250100,3.922186121089455e-12,6.232531512923449e-13,2.8969346872135477e-12,1.0,,,,
914,50,625100,2.9193881109190767e-06,2.1465886006115627e-07,2.5662742861184745e-06,1.0,,,,
915,50,312600,0.0021411107298701286,4.3581137262765974e-05,0.0020694197590728786,1.0,,,,
916,50,156400,0.05521148763484244,0.0016689741194463282,0.05246602520835323,1.0,,,,
917,50,78300,0.23004278002345724,0.0031314916180612998,0.2248914763117464,1.0,,,,
918,50,39200,0.4365160572012618,0.0025044369653144487,0.4323962583933195,1.0,,,,
919,50,19700,0.5902284063172616,0.0009433239489238696,0.5886766384212818,1.0,,,,
920,50,9900,0.6782443842473157,0.0005421248952732958,0.6773525887945911,1.0,,,,
921,50,14800,0.6334390099401573,0.0009739511003425511,0.6318368603800938,1.0,,,,
922,50,17300,0.6119413483800853,0.0014988526247099957,0.6094757358124373,1.0,,,,
923,50,18500,0.6002788390946892,0.0006165123976879318,0.5992646762004925,1.0,,,,
924,50,17900,0.6065992959127049,0.0014253944426063218,0.6042545220546175,1.0,,,,
925,50,18200,0.6042584127573499,0.0012610405456748863,0.6021840010597147,1.0,,,,
926,50,18100,0.6047469961682991,0.0017045829939511088,0.6019429571432495,1.0,,,,
927,50,18000,0.6055695694582922,0.001731881563398576,0.6027206242865015,1.0,,,,
928,51,102,0.7684350591571898,1.0007468663122165e-05,0.7684185968712389,1.0,,,,
929,51,5000142,1.476414725017288e-72,5.811232158293838e-73,5.2046703497795157e-73,1.0,,,,
930,51,2500122,2.682013084370509e-34,6.969741371884485e-35,1.535490628695511e-34,1.0,,,,
931,51,1250112,5.062692522314337e-15,8.371174413471471e-16,3.68563433129828e-15,1.0,,,,
932,51,625158,1.2209168011884741e-07,7.085289015838762e-09,1.1043637968779265e-07,1.0,,,,
933,51,312630,0.00048490777238403246,2.486017027210344e-05,0.0004440127922864223,1.0,,,,
934,51,156366,0.02819593967164072,0.0006438235370642477,0.02713684995317003,1.0,,,,
935,51,78234,0.1688701370679492,0.0013498287825500642,0.16664966872065434,1.0,,,,
936,51,39168,0.3772528991480039,0.0027961464932065366,0.37265323816667917,1.0,,,,
937,51,19686,0.55193308800909,0.0023483961271281383,0.5480699763799642,1.0,,,,
938,51,9894,0.6580538064255508,0.0007630795855952763,0.6567985405072465,1.0,,,,
939,51,14790,0.6041316835265412,0.0013886811265386258,0.6018473030733852,1.0,,,,
940,51,12342,0.6311127031819935,0.0014655389192086248,0.6287018916598953,1.0,,,,
941,51,13566,0.6164731429133552,0.0010571001573019797,0.6147342131545934,1.0,,,,
942,51,14178,0.6105215370816282,0.001608697832350378,0.6078752291474118,1.0,,,,
943,51,14484,0.6071252475152903,0.0013106698716413086,0.6049691955764404,1.0,,,,
944,51,14688,0.6046617595907544,0.0013297898836615513,0.6024742552321312,1.0,,,,
945,51,14586,0.606789265435158,0.0010666944488868387,0.6050345530667391,1.0,,,,
946,52,104,0.7681807959399819,1.4463294650833282e-05,0.7681570038202813,1.0,,,,
947,52,5000112,1.3309292496806725e-96,9.769348610589917e-97,-2.761285967613689e-97,1.0,,,,
948,52,2500160,1.4593701430142072e-45,1.1642044022131563e-45,-4.557460986264351e-46,1.0,,,,
949,52,1250184,9.080750202240477e-20,2.1690860735769495e-20,5.512603611206395e-20,1.0,,,,
950,52,625144,6.195236365532103e-10,2.7933898875402107e-11,5.735723729031738e-10,1.0,,,,
951,52,312624,3.867660314635903e-05,2.519121516048673e-06,3.453264825245896e-05,1.0,,,,
952,52,156416,0.009116291388572352,0.00023103555001681113,0.008736237908794697,1.0,,,,
953,52,78312,0.10096090786793802,0.0016300154587532891,0.09827953243828885,1.0,,,,
954,52,39208,0.29787593100164095,0.00201884245942104,0.2945549351558933,1.0,,,,
955,52,19656,0.4935865059120633,0.0022967986607610753,0.48980827211511135,1.0,,,,
956,52,9880,0.6247437394140622,0.0009658592130085647,0.6231549010086631,1.0,,,,
957,52,14768,0.5565133588941611,0.0014372320503568958,0.554149112171324,1.0,,,,
958,52,12376,0.5889009313030762,0.001705259460447232,0.5860957794906405,1.0,,,,
959,52,11128,0.6064228870844173,0.0012518355598853924,0.6043636175884058,1.0,,,,
960,52,10504,0.6146547323497056,0.0011929886875170865,0.6126922659587399,1.0,,,,
961,52,10816,0.6109512674687589,0.000998459528763017,0.6093088015439437,1.0,,,,
962,52,11024,0.6073890606315696,0.0008274050339796968,0.606027979350673,1.0,,,,
963,53,106,0.76768688918765,4.1668942464210164e-05,0.7676183437772964,1.0,,,,
964,53,5000126,4.312240047749881e-145,5.0762685384822455e-145,-4.038221698053412e-145,1.0,,,,
965,53,2500116,1.9610235642260075e-68,1.3029939562229356e-68,-1.8240149376072157e-69,1.0,,,,
966,53,1250164,2.0018376508623204e-29,7.384289647548082e-30,7.871220038406608e-30,1.0,,,,
967,53,625188,1.6120886118768708e-14,3.2989812668451583e-15,1.0694061934808422e-14,1.0,,,,
968,53,312700,2.5131319033679107e-07,2.1714822375941315e-08,2.155923075283676e-07,1.0,,,,
969,53,156456,0.0010190524617037138,5.262771023143451e-05,0.000932479878373004,1.0,,,,
970,53,78334,0.036833270653225704,0.00047921332541466335,0.036044964732918586,1.0,,,,
971,53,39220,0.1835757747007895,0.002659262723677731,0.17920128752033965,1.0,,,,
972,53,19716,0.3955038136108001,0.003206249632294275,0.39022953296567603,1.0,,,,
973,53,9964,0.5606637345304987,0.0009457333501634968,0.5591080031694797,1.0,,,,
974,53,5088,0.6631104586375656,0.0006232058366832489,0.6620852850362217,1.0,,,,
975,53,7526,0.6087143714317103,0.0015569997317170922,0.6061531068730356,1.0,,,,
976,53,8798,0.5821983925088098,0.0009882837621025963,0.580572665720151,1.0,,,,
977,53,8162,0.5957844550158393,0.0012485730606284166,0.5937305523311056,1.0,,,,
978,53,7844,0.6016447520852347,0.00143201301695973,0.5992890906723359,1.0,,,,
979,53,7738,0.604834936023021,0.0018087263473210691,0.6018595811816778,1.0,,,,
980,53,7632,0.6058296375794903,0.0010448193587133101,0.6041109097344068,1.0,,,,
981,54,108,0.7673646419293737,3.88067035960042e-05,0.7673008049019583,1.0,,,,
982,54,5000076,1.1804574974799602e-186,0.0,1.1804574974799602e-186,1.0,,,,
983,54,2500092,4.631507030134725e-87,5.07960553991479e-87,-3.724444083025105e-87,1.0,,,,
984,54,1250100,1.6361359152650828e-36,7.900100807598138e-37,3.3656933241518904e-37,1.0,,,,
985,54,625104,5.1606324362019894e-18,8.36221033218335e-19,3.785048836557828e-18,1.0,,,,
986,54,312660,6.374535843517008e-09,5.652265186378175e-10,5.444738220357798e-09,1.0,,,,
987,54,156384,0.00020886843623781968,8.80444917798909e-06,0.00019438511734002763,1.0,,,,
988,54,78300,0.01867154810000522,0.00041833071172999673,0.017983394079209375,1.0,,,,
989,54,39204,0.13270381977594348,0.0015915660201349473,0.1300856936728215,1.0,,,,
990,54,19656,0.34295424350574394,0.0032562122146722735,0.3375977744126081,1.0,,,,
991,54,9936,0.5237235951509722,0.002090941899060708,0.5202839957270173,1.0,,,,
992,54,5076,0.6436627698815335,0.0016985223966246759,0.6408687005390858,1.0,,,,
993,54,7560,0.5779502824750244,0.001317100195317682,0.5757836526537269,1.0,,,,
994,54,6372,0.6097269887464077,0.0011879131194503663,0.6077728716649119,1.0,,,,
995,54,7020,0.5924069250699027,0.0019589837239709904,0.5891843968439704,1.0,,,,
996,54,6696,0.6007819675810796,0.0012440861601380354,0.5987354458476525,1.0,,,,
997,54,6588,0.6027221924861799,0.0011536896851310735,0.6008243729541393,1.0,,,,
998,54,6480,0.6060402064946672,0.0012508773784625973,0.6039825132070962,1.0,,,,
999,55,110,0.7672343422007668,4.493293225318658e-05,0.7671604275272104,1.0,,,,
1000,55,5000160,1.1227300351267354e-196,0.0,1.1227300351267354e-196,1.0,,,,
1001,55,2500190,6.591796540422937e-92,4.705431974217595e-92,-1.148639057165007e-92,1.0,,,,
1002,55,1250150,1.6581792068952954e-38,5.812513040538695e-39,7.0202081172668e-39,1.0,,,,
1003,55,625130,6.43087749716122e-19,2.594951203781144e-19,2.1621827669412377e-19,1.0,,,,
1004,55,312620,2.5111998716798134e-09,2.905108405463148e-10,2.0333095389811256e-09,1.0,,,,
1005,55,156420,0.00013479619669574204,8.117221599087574e-06,0.00012144336716524298,1.0,,,,
1006,55,78320,0.014912725582828612,0.00042208599618286563,0.014218394119107797,1.0,,,,
1007,55,39270,0.12198580043446712,0.0018267304373611234,0.11898082886500808,1.0,,,,
1008,55,19690,0.3289213034517058,0.002165091858570195,0.3253597273443578,1.0,,,,
1009,55,9900,0.514211029074948,0.0018063190145517888,0.5112396342960103,1.0,,,,
1010,55,5060,0.6373501721730523,0.00089237933595844,0.6358822081654008,1.0,,,,
1011,55,7480,0.5699291253155758,0.001613502452550926,0.5672749137811296,1.0,,,,
1012,55,6270,0.6044683614710742,0.0014159633251511242,0.6021391018012006,1.0,,,,
1013,55,5720,0.620345818789607,0.002095232639792442,0.6168991610971485,1.0,,,,
1014,55,6050,0.6099282502178889,0.0009429317468026532,0.6083771274943985,1.0,,,,
1015,55,6160,0.6080898098948563,0.0014593696198337291,0.6056891468702298,1.0,,,,
1016,56,112,0.7670892112605772,6.015426007826563e-05,0.7669902575027484,1.0,,,,
1017,56,5000128,4.50948973121704e-208,0.0,4.50948973121704e-208,1.0,,,,
1018,56,2500176,1.7764759923824477e-97,1.4546231228728812e-97,-6.163790447434419e-98,1.0,,,,
1019,56,1250144,7.531619222497582e-41,2.6078697178119406e-41,3.24167353669694e-41,1.0,,,,
1020,56,625184,4.8164256727419815e-20,1.2820705834020469e-20,2.7074195630456145e-20,1.0,,,,
1021,56,312704,7.288025951709541e-10,1.006915565339945e-10,5.631649846725332e-10,1.0,,,,
1022,56,156464,8.053052940515818e-05,3.263807263366397e-06,7.516156645692045e-05,1.0,,,,
1023,56,78288,0.012077820104952505,0.0006684774415963814,0.010978174713526457,1.0,,,,
1024,56,39200,0.10915186159945434,0.0012650042274777922,0.10707092964525337,1.0,,,,
1025,56,19712,0.31209194834395476,0.0037759546760735376,0.3058805029018138,1.0,,,,
1026,56,9968,0.49921433345978306,0.0020045218261613104,0.4959168950557477,1.0,,,,
1027,56,5040,0.6313119029612031,0.0015243971961440166,0.6288042695735462,1.0,,,,
1028,56,7504,0.5605457541359109,0.0016914477624041706,0.5577633225667561,1.0,,,,
1029,56,6272,0.5959183848698131,0.0017871438554526232,0.5929785332275935,1.0,,,,
1030,56,5712,0.6123571282029936,0.0009467858140628903,0.6107996655388601,1.0,,,,
1031,56,6048,0.6025688732282266,0.0009335332863142172,0.6010332109722397,1.0,,,,
1032,56,5936,0.6062142883628698,0.00123481071482561,0.6041830247369817,1.0,,,,
1033,56,5824,0.6089217199325266,0.0015085943092584782,0.6064400822937964,1.0,,,,
1034,57,114,0.7669065560045183,3.796934550484172e-05,0.7668440964311628,1.0,,,,
1035,57,5000154,1.0834163968823855e-221,0.0,1.0834163968823855e-221,1.0,,,,
1036,57,2500134,1.1267961775261403e-103,8.543992753605486e-104,-2.7869063044196222e-104,1.0,,,,
1037,57,1250124,2.0509645976860412e-43,1.185246693119547e-43,1.0123378750438634e-44,1.0,,,,
1038,57,625176,3.693341561112586e-21,7.367695174586293e-22,2.481355704893141e-21,1.0,,,,
1039,57,312702,1.972909083507757e-10,2.6398242445200345e-11,1.5386579952842111e-10,1.0,,,,
1040,57,156408,4.527168599880513e-05,2.6488237631851384e-06,4.091437090836558e-05,1.0,,,,
1041,57,78318,0.009183269604146756,0.0003296211182406521,0.008641042864640883,1.0,,,,
1042,57,39216,0.09719413313238377,0.0026359415795948436,0.09285800923395025,1.0,,,,
1043,57,19722,0.29462367511134235,0.0025050809128579527,0.290502817009691,1.0,,,,
1044,57,9918,0.48858853273718383,0.0018946065647056887,0.485471904938243,1.0,,,,
1045,57,5016,0.6243053422078673,0.0011803898435549538,0.6223636009152194,1.0,,,,
1046,57,7524,0.5487529591305402,0.0022396264220585944,0.5450687736662538,1.0,,,,
1047,57,6270,0.5868501544392861,0.0021492556611570645,0.5833146288766827,1.0,,,,
1048,57,5700,0.6045120666580724,0.0012097771300109733,0.6025219832792044,1.0,,,,
1049,57,5358,0.6137257383575649,0.0011217316558553574,0.6118804897836829,1.0,,,,
1050,57,5586,0.6072676727053727,0.001353675653066768,0.6050408762560779,1.0,,,,
1051,58,116,0.7667097488402215,5.203383930054419e-05,0.7666241531745721,1.0,,,,
1052,58,5000064,3.031183858654599e-237,0.0,3.031183858654599e-237,1.0,,,,
1053,58,2500148,1.6419709611417143e-110,1.89187806623326e-110,-1.4701684578119985e-110,1.0,,,,
1054,58,1250132,4.591245776773116e-46,2.4183468884489063e-46,6.130651452746657e-47,1.0,,,,
1055,58,625124,1.569604880551863e-22,2.4062595048764398e-23,1.1737751919996886e-22,1.0,,,,
1056,58,312620,4.0365717026489065e-11,4.95809958955777e-12,3.2209643201666535e-11,1.0,,,,
1057,58,156368,2.4038525789115188e-05,1.7454606321929587e-06,2.116724304915777e-05,1.0,,,,
1058,58,78300,0.00686416822025126,0.0002626437128718432,0.006432119312577078,1.0,,,,
1059,58,39208,0.08533272834279589,0.001409002984782764,0.08301491843282824,1.0,,,,
1060,58,19720,0.27558212148498656,0.0016817888029148473,0.2728155789041916,1.0,,,,
1061,58,9976,0.47286993979181713,0.0017800069275550438,0.4699418283959891,1.0,,,,
1062,58,5104,0.6123779945157016,0.0009582889575276904,0.6108016091805686,1.0,,,,
1063,58,7540,0.5369536786978781,0.0019373172833494412,0.5337667917667683,1.0,,,,
1064,58,6380,0.5725508674409842,0.0017276011658968588,0.5697089635230839,1.0,,,,
1065,58,5800,0.5914557672048979,0.0017590513821191813,0.5885621276813119,1.0,,,,
1066,58,5452,0.6028974205655768,0.0012384250317724209,0.6008602113883111,1.0,,,,
1067,58,5336,0.6050022707151741,0.00150553374367735,0.6025256677068248,1.0,,,,
1068,58,5220,0.6101593252627185,0.0010432725084057995,0.608443141986391,1.0,,,,
1069,59,118,0.7664974187741768,4.9141945081328744e-05,0.766416580274518,1.0,,,,
1070,59,5000132,5.544488182643905e-253,0.0,5.544488182643905e-253,1.0,,,,
1071,59,2500184,2.125937044289189e-118,2.3907727763935365e-118,-1.8068841728781783e-118,1.0,,,,
1072,59,1250210,3.515387000814058e-49,2.0618868873747246e-49,1.2358307108263602e-50,1.0,,,,
1073,59,625164,4.4358902398825276e-24,1.0607784720134388e-24,2.690909653420421e-24,1.0,,,,
1074,59,312700,7.949928463567854e-12,1.3430063984577344e-12,5.7406829381048805e-12,1.0,,,,
1075,59,156468,1.1425734495265422e-05,9.097339276676977e-07,9.92922218425206e-06,1.0,,,,
1076,59,78352,0.0048804518456027155,0.00018444848961145867,0.004577034080191866,1.0,,,,
1077,59,39294,0.0723157407809023,0.0015001524819451269,0.06984798994810257,1.0,,,,
1078,59,19706,0.2572024088961431,0.002732504554610904,0.25270743890380815,1.0,,,,
1079,59,9912,0.4591962075874226,0.0017900748230600153,0.4562515345034889,1.0,,,,
1080,59,5074,0.6052819124307705,0.0009567997643424108,0.6037079768184271,1.0,,,,
1081,59,2596,0.6867362336020638,0.0007308419652766627,0.6855339985691837,1.0,,,,
1082,59,3894,0.6443353750335008,0.0011280434573396915,0.642479743546177,1.0,,,,
1083,59,4484,0.6241077811695405,0.0012187873865548637,0.6221028759186578,1.0,,,,
1084,59,4838,0.6130792035074224,0.0016932396937268314,0.6102938242112418,1.0,,,,
1085,59,4956,0.6097016879178431,0.0014219406245747199,0.6073625955904176,1.0,,,,
1086,60,120,0.7662663855381386,6.436094961124261e-05,0.7661605117760282,1.0,,,,
1087,60,5000160,4.332427357576681e-273,0.0,4.332427357576681e-273,1.0,,,,
1088,60,2500200,1.2101454813185592e-127,9.895188811166156e-128,-4.1761307811827345e-128,1.0,,,,
1089,60,1250160,4.9897477633625745e-53,2.9662464769091304e-53,1.1027230884705532e-54,1.0,,,,
1090,60,625200,8.300166541164547e-26,2.770914930034456e-26,3.7420114812578675e-26,1.0,,,,
1091,60,312720,1.2867048449824255e-12,1.9429152243512744e-13,9.670952905766408e-13,1.0,,,,
1092,60,156480,5.066388945370513e-06,3.7935958253075116e-07,4.442342432107427e-06,1.0,,,,
1093,60,78360,0.0034474918277634737,0.00016989939008988882,0.0031680073310656064,1.0,,,,
1094,60,39240,0.06061700459193949,0.0010399160758834296,0.058906342647111254,1.0,,,,
1095,60,19680,0.23924576489097013,0.0026761378050260444,0.2348435182017023,1.0,,,,
1096,60,9960,0.4387242863424937,0.003068573748250817,0.4336764825266211,1.0,,,,
1097,60,5040,0.5953573341154168,0.0022338368753417473,0.5916826724554797,1.0,,,,
1098,60,2640,0.6799333752155406,0.0008356139144377841,0.6785587903262905,1.0,,,,
1099,60,3840,0.6377897371841315,0.0014868104461359455,0.6353439340002378,1.0,,,,
1100,60,4440,0.6157925296135048,0.001120897650079765,0.6139486529791236,1.0,,,,
1101,60,4800,0.6035855301156805,0.001424583666781508,0.6012420899838249,1.0,,,,
1102,60,4680,0.6082752314588824,0.0011812986744985348,0.6063319951393323,1.0,,,,
1103,61,122,0.765962494644488,4.524501653332952e-05,0.7658880665922906,1.0,,,,
1104,61,5000170,2.4291072801173259e-296,0.0,2.4291072801173259e-296,1.0,,,,
1105,61,2500146,7.164702632562057e-138,5.907838008203816e-138,-2.5536908909332216e-138,1.0,,,,
1106,61,1250134,3.6722075256960113e-57,2.4413450807354834e-57,-3.438051321138588e-58,1.0,,,,
1107,61,625128,8.599936887893608e-28,3.2608012515579513e-28,3.2359188290807773e-28,1.0,,,,
1108,61,312686,1.440359865361912e-13,1.971488556022354e-14,1.1160499978962348e-13,1.0,,,,
1109,61,156404,1.8734367876941444e-06,1.4676639911853617e-07,1.6320060611441524e-06,1.0,,,,
1110,61,78324,0.002194578903877341,8.259421386561741e-05,0.0020587114220684006,1.0,,,,
1111,61,39284,0.04951886256762304,0.0011299065203191822,0.047660166341697986,1.0,,,,
1112,61,19764,0.2150187772456525,0.0019920698277907756,0.21174182237893666,1.0,,,,
1113,61,10004,0.4192185072674047,0.0026504629303461306,0.41485849574698536,1.0,,,,
1114,61,5124,0.5806577590581405,0.0013371543407973661,0.5784581401675288,1.0,,,,
1115,61,2684,0.6710894186874785,0.0005954742357397335,0.6701098635696866,1.0,,,,
1116,61,3904,0.6267629691480097,0.001744260096545963,0.6238936612891915,1.0,,,,
1117,61,4514,0.6036567996513805,0.0016562077814570334,0.6009323378508837,1.0,,,,
1118,61,4270,0.6130885973201872,0.0018335396901970613,0.610072424529813,1.0,,,,
1119,61,4392,0.6085599571529928,0.000990810230788533,0.6069300743233457,1.0,,,,
1120,62,124,0.7656414432766561,0.00010484874668759753,0.765468967088355,1.0,,,,
1121,62,5000176,4.445e-320,0.0,4.445e-320,1.0,,,,
1122,62,2500212,5.559223392207625e-150,6.007634822500991e-150,-4.3233358908065034e-150,1.0,,,,
1123,62,1250168,3.4543375133833285e-62,1.7798696291523595e-62,5.26451973427697e-63,1.0,,,,
1124,62,625208,2.876655959770659e-30,2.0528462083207162e-30,-5.002760529169191e-31,1.0,,,,
1125,62,312728,1.2367791223932019e-14,3.4130977040491084e-15,6.753245500771236e-15,1.0,,,,
1126,62,156488,6.201814275232331e-07,4.1170472067852046e-08,5.524560009716165e-07,1.0,,,,
1127,62,78368,0.001310977165946779,7.11177090427318e-05,0.0011939885345714852,1.0,,,,
1128,62,39308,0.03900785957740155,0.0005711943575080387,0.038068244859300826,1.0,,,,
1129,62,19716,0.19530438526619348,0.003016524969572919,0.19034220169124602,1.0,,,,
1130,62,9920,0.4007599403462322,0.00160320984381755,0.39812266015315234,1.0,,,,
1131,62,5084,0.5681350512235476,0.001807531670717288,0.5651616616252176,1.0,,,,
1132,62,2604,0.6662590959270671,0.0005918185577007664,0.6652855543996493,1.0,,,,
1133,62,3844,0.6170530205020783,0.0015008756416822818,0.614584080071511,1.0,,,,
1134,62,4464,0.5925254219926013,0.0013254112390360072,0.590345120504387,1.0,,,,
1135,62,4216,0.6022981070282644,0.0011663923743387924,0.600379391572477,1.0,,,,
1136,62,4092,0.6075240467048091,0.001291012324874464,0.6054003314303906,1.0,,,,
1137,63,126,0.7652133637376656,7.8244696058587e-05,0.7650846512126492,1.0,,,,
1138,63,5000184,0.0,0.0,0.0,1.0,,,,
1139,63,2500218,2.169278283904601e-164,0.0,2.169278283904601e-164,1.0,,,,
1140,63,1250172,6.137997298287447e-68,6.897059811901209e-68,-5.207666092290043e-68,1.0,,,,
1141,63,625212,4.200442082411274e-33,1.5746919788979814e-33,1.6100737771240942e-33,1.0,,,,
1142,63,312732,6.10158017449491e-16,1.195146057866311e-16,4.1355649093048284e-16,1.0,,,,
1143,63,156492,1.8209383226354378e-07,1.891932585594688e-08,1.5097154123051116e-07,1.0,,,,
1144,63,78372,0.0007208197752114887,3.779720144400282e-05,0.0006586433788361041,1.0,,,,
1145,63,39312,0.02939032926871916,0.0008732703489075208,0.02795379954476629,1.0,,,,
1146,63,19782,0.16891575733984604,0.0018515855629917873,0.16586989908872454,1.0,,,,
1147,63,9954,0.3782217953436772,0.0022883883546251788,0.3744573965003188,1.0,,,,
1148,63,5040,0.5540686359349497,0.0014549038360039588,0.5516753191247232,1.0,,,,
1149,63,2646,0.656075526985177,0.0013816517432637487,0.6538027098675081,1.0,,,,
1150,63,3906,0.6020475335257095,0.001176385781322118,0.6001123789154346,1.0,,,,
1151,63,3276,0.6282981011758527,0.0010823487410339479,0.6265176374968519,1.0,,,,
1152,63,3654,0.6134291650336872,0.0015699947639189232,0.6108465236470405,1.0,,,,
1153,63,3780,0.6074525847916343,0.0012908842001596792,0.6053290802823716,1.0,,,,
1154,64,128,0.7647334236968528,9.773996418130245e-05,0.7645726414557745,1.0,,,,
1155,64,5000192,0.0,0.0,0.0,1.0,,,,
1156,64,2500224,4.4519830556301723e-181,0.0,4.4519830556301723e-181,1.0,,,,
1157,64,1250176,1.1624788881341087e-74,1.1948969210301784e-74,-8.031265469605349e-75,1.0,,,,
1158,64,625152,2.680949848953708e-36,1.394535639854473e-36,3.869387213931e-37,1.0,,,,
1159,64,312704,1.4930294243256475e-17,3.613101259916954e-18,8.986742670693085e-18,1.0,,,,
1160,64,156416,3.556569213616982e-08,4.472892084728349e-09,2.8207784656791684e-08,1.0,,,,
1161,64,78336,0.00035998323138147087,2.379440866321142e-05,0.0003208414291304881,1.0,,,,
1162,64,39296,0.02149454651824292,0.0006924755483811927,0.02035542424115586,1.0,,,,
1163,64,19712,0.14605715325241073,0.002759770621406142,0.1415173305801976,1.0,,,,
1164,64,9984,0.3481720610472901,0.0030351011333590253,0.3431793196829145,1.0,,,,
1165,64,5120,0.532738815584103,0.0017729528819592285,0.52982230809328,1.0,,,,
1166,64,2688,0.643720248278353,0.0011871871964763726,0.6417673253401494,1.0,,,,
1167,64,3968,0.584345525192598,0.0015341539478820687,0.581821841948332,1.0,,,,
1168,64,3328,0.614453512919543,0.0016294581877848724,0.6117730542006369,1.0,,,,
1169,64,3712,0.5955920057975577,0.0015012069180740705,0.5931225204173258,1.0,,,,
1170,64,3584,0.6019597374677569,0.0015586776815503277,0.5993957126816066,1.0,,,,
1171,64,3456,0.6076249647979736,0.0011973141899104464,0.6056553829555709,1.0,,,,
1172,65,130,0.7641690826794593,6.490125473512627e-05,0.76406232011542,1.0,,,,
1173,65,5000190,0.0,0.0,0.0,1.0,,,,
1174,65,2500160,1.1468723107984292e-201,0.0,1.1468723107984292e-201,1.0,,,,
1175,65,1250210,3.681182434274706e-83,2.864996994428717e-83,-1.0317376215605334e-83,1.0,,,,
1176,65,625170,2.4198830932506475e-40,1.6887780295584877e-40,-3.58156765373065e-41,1.0,,,,
1177,65,312650,1.9211807780997061e-19,3.269746889711427e-20,1.3833074147421764e-19,1.0,,,,
1178,65,156390,5.120236017460684e-09,6.120415732923896e-10,4.113427629394703e-09,1.0,,,,
1179,65,78260,0.00015393211012080797,1.217064282750564e-05,0.0001339114026695612,1.0,,,,
1180,65,39260,0.01418300853114933,0.0004941459476231943,0.013370138447309176,1.0,,,,
1181,65,19760,0.12108253958008797,0.0013966010763867632,0.11878513080943175,1.0,,,,
1182,65,10010,0.31864771508194956,0.0022042330153470946,0.3150217517717036,1.0,,,,
1183,65,5070,0.5135609807429132,0.0024737628984225707,0.5094916407750081,1.0,,,,
1184,65,2600,0.635270625707075,0.0013443036533529046,0.6330592461973095,1.0,,,,
1185,65,3900,0.5688294024813951,0.002144762007279538,0.5653012689794202,1.0,,,,
1186,65,3250,0.6017925869158842,0.0016323416981763766,0.5991073848223841,1.0,,,,
1187,65,2990,0.6162149189741712,0.0009326379775351711,0.6146807295011258,1.0,,,,
1188,65,3120,0.608499416084584,0.0008952928030912817,0.6070266594234989,1.0,,,,
1189,66,132,0.7634443067904537,0.00011288583872216175,0.7632586095857558,1.0,,,,
1190,66,5000160,0.0,0.0,0.0,1.0,,,,
1191,66,2500212,6.132617492595466e-228,0.0,6.132617492595466e-228,1.0,,,,
1192,66,1250172,4.121546937006866e-94,3.4173029152979187e-94,-1.4999163586582102e-94,1.0,,,,
1193,66,625152,1.516358227509543e-45,9.522247585485182e-46,-5.005150030276939e-47,1.0,,,,
1194,66,312708,6.13342619485117e-22,1.6169944011338244e-22,3.473470404986029e-22,1.0,,,,
1195,66,156420,4.028200743161305e-10,4.566372278602529e-11,3.277032503331189e-10,1.0,,,,
1196,66,78276,5.0131981925015376e-05,2.9569257196195434e-06,4.5267839116241225e-05,1.0,,,,
1197,66,39204,0.008391828027451953,0.0003327518314124868,0.007844451264778412,1.0,,,,
1198,66,19668,0.09654289049199309,0.0013614904705046456,0.09430323866801295,1.0,,,,
1199,66,9900,0.2875493280642328,0.003371645962264571,0.28200297045630757,1.0,,,,
1200,66,5016,0.4904702100535,0.002043888334324896,0.4871080137435356,1.0,,,,
1201,66,2640,0.6172055075305563,0.001339447991171977,0.6150021155850783,1.0,,,,
1202,66,3828,0.5523959976777368,0.0014577618012908801,0.5499979795146134,1.0,,,,
1203,66,3300,0.5804789341925026,0.0019740769564632883,0.5772315775991205,1.0,,,,
1204,66,3036,0.5951299646358089,0.0020948903500072123,0.5916838700100471,1.0,,,,
1205,66,2904,0.6028082567217329,0.0018152778152152975,0.5998221247157037,1.0,,,,
1206,66,2772,0.6103728547456043,0.0014003651344891917,0.6080692540993696,1.0,,,,
1207,67,134,0.7625091544499906,0.00014643839876900464,0.7622682632840155,1.0,,,,
1208,67,5000076,0.0,0.0,0.0,1.0,,,,
1209,67,2500172,6.101453925153208e-261,0.0,6.101453925153208e-261,1.0,,,,
1210,67,1250220,2.5780059275165824e-107,3.290490857794592e-107,-2.8348515335555215e-107,1.0,,,,
1211,67,625244,5.164679887661493e-52,2.5891014095848897e-52,9.056080688943493e-53,1.0,,,,
1212,67,312756,5.504982406638458e-25,1.894905201941566e-25,2.3878633494445824e-25,1.0,,,,
1213,67,156512,2.155872863341629e-11,6.097285378267841e-12,1.1528694186165692e-11,1.0,,,,
1214,67,78390,1.2439261449535555e-05,1.1038397589451924e-06,1.0623445046070714e-05,1.0,,,,
1215,67,39262,0.004400570827933253,0.00022679962339795643,0.004027485447443614,1.0,,,,
1216,67,19698,0.07077083728893854,0.0013972051493702778,0.06847243481822443,1.0,,,,
1217,67,9916,0.24880443943025546,0.0033597515146593397,0.24327764818864084,1.0,,,,
1218,67,5092,0.45471016754376625,0.0020749532031394484,0.45129686952460185,1.0,,,,
1219,67,2680,0.5960697659975526,0.0013504597408448245,0.5938482597238628,1.0,,,,
1220,67,1474,0.673741662359827,0.0007203825813765646,0.6725566330134626,1.0,,,,
1221,67,2144,0.6298821349029771,0.0014504353488254392,0.6274961687541593,1.0,,,,
1222,67,2412,0.6131313808340464,0.0010419733610912705,0.6114173346550512,1.0,,,,
1223,67,2546,0.6054509322328746,0.0018020403172257149,0.6024865759110383,1.0,,,,
1224,68,136,0.7611298923966541,0.00010034007091093478,0.7609648329800056,1.0,,,,
1225,68,5000176,0.0,0.0,0.0,1.0,,,,
1226,68,2500224,2.2116563830111562e-306,0.0,2.2116563830111562e-306,1.0,,,,
1227,68,1250248,1.1721823563290154e-125,1.5950592042323777e-125,-1.451690034633246e-125,1.0,,,,
1228,68,625192,2.1389722933466456e-60,2.521305847347701e-60,-2.0085758255403224e-60,1.0,,,,
1229,68,312664,4.997927734722428e-29,2.6086255709157005e-29,7.067386705661008e-30,1.0,,,,
1230,68,156400,3.2035424090293705e-13,7.667053302209804e-14,1.9423121408158578e-13,1.0,,,,
1231,68,78336,1.983082086256764e-06,1.8347821641147377e-07,1.68126042025989e-06,1.0,,,,
1232,68,39304,0.0017928096078052486,8.06113385244703e-05,0.001660203955932495,1.0,,,,
1233,68,19720,0.046668046449081825,0.0009058071560462378,0.045177993677385765,1.0,,,,
1234,68,9928,0.20456825433519893,0.002102743936825878,0.20110924055912036,1.0,,,,
1235,68,5032,0.42006857747497495,0.0023031238314973595,0.4162799387721618,1.0,,,,
1236,68,2584,0.5776149540014537,0.002097731760049696,0.574164185256172,1.0,,,,
1237,68,1360,0.6674561669874266,0.0012176679633063637,0.6654531031877876,1.0,,,,
1238,68,2040,0.6166648743082334,0.0014337384687849728,0.614306374527082,1.0,,,,
1239,68,2312,0.5962349941213918,0.0016984147861703962,0.5934411017981415,1.0,,,,
1240,68,2176,0.6079219551968539,0.0022738378208336627,0.6041814919815826,1.0,,,,
1241,69,138,0.7594934872200515,8.327277701563414e-05,0.7593565035018608,1.0,,,,
1242,69,5000154,0.0,0.0,0.0,1.0,,,,
1243,69,2500146,0.0,0.0,0.0,1.0,,,,
1244,69,1250142,1.4231788132313017e-151,1.556336001009874e-151,-1.1369939084299411e-151,1.0,,,,
1245,69,625140,3.716158549223796e-73,3.075370931058768e-73,-1.3428266323678773e-73,1.0,,,,
1246,69,312708,9.950550406432894e-35,6.3563788967385e-35,-5.056928787019375e-36,1.0,,,,
1247,69,156492,1.0531155548694225e-15,2.925494870539667e-16,5.718716486656473e-16,1.0,,,,
1248,69,78384,1.3450682764873214e-07,1.8098086946232412e-08,1.0473547462217982e-07,1.0,,,,
1249,69,39330,0.0005264038986294508,3.3997843757770324e-05,0.00047047744564791865,1.0,,,,
1250,69,19734,0.026633023813754726,0.0006037858144331191,0.025639796149012246,1.0,,,,
1251,69,9936,0.15736489665003733,0.002956718197278265,0.15250109521551458,1.0,,,,
1252,69,5106,0.3662990729825688,0.0022689249971278827,0.3625666913622934,1.0,,,,
1253,69,2622,0.5427409871482719,0.0017384083410710558,0.53988130542721,1.0,,,,
1254,69,1380,0.6459923674352802,0.0008461909375319289,0.6446003833430402,1.0,,,,
1255,69,2070,0.5877066513701938,0.0014908273225410955,0.5852542404246137,1.0,,,,
1256,69,1794,0.6104511529298001,0.002002671592197927,0.6071567581606345,1.0,,,,
1257,69,1932,0.5992002572747528,0.0013313634765613892,0.5970101643558093,1.0,,,,
1258,70,140,0.7566833725302539,0.00019142677080279867,0.7563684754922833,1.0,,,,
1259,70,5000100,0.0,0.0,0.0,1.0,,,,
1260,70,2500120,0.0,0.0,0.0,1.0,,,,
1261,70,1250200,7.374865875083535e-190,0.0,7.374865875083535e-190,1.0,,,,
1262,70,625240,2.582474691658536e-91,2.550488413865542e-91,-1.613078749150281e-91,1.0,,,,
1263,70,312760,1.731566454532962e-43,8.859401032866435e-44,2.741949846264335e-44,1.0,,,,
1264,70,156520,1.5963108832063946e-19,5.712660699837001e-20,6.565781980832079e-20,1.0,,,,
1265,70,78400,2.7049518998336602e-09,4.3965928221175606e-10,1.9817123805953215e-09,1.0,,,,
1266,70,39340,8.482969952108622e-05,1.0270097551703953e-05,6.793538904853322e-05,1.0,,,,
1267,70,19740,0.011384124831793244,0.0004106613802935763,0.01070858686121031,1.0,,,,
1268,70,9940,0.10411650634471659,0.0020961094469178817,0.10066840630453668,1.0,,,,
1269,70,5040,0.3083788519827829,0.0029823338940588202,0.3034729127270562,1.0,,,,
1270,70,2660,0.4903502209894019,0.001736003492564233,0.48749449524413374,1.0,,,,
1271,70,1400,0.6165261207331101,0.0017007475580458574,0.6137283910001247,1.0,,,,
1272,70,2100,0.5462103511630062,0.0021295767272744986,0.5427071974466396,1.0,,,,
1273,70,1820,0.5732545777342437,0.0013875791221236364,0.5709720100783503,1.0,,,,
1274,70,1680,0.5874341442101565,0.0020529660484130277,0.5840570150605171,1.0,,,,
1275,70,1540,0.6020782337654021,0.0017015805152429653,0.5992791338178275,1.0,,,,
1276,71,142,0.7521948496610894,0.0002313685282200631,0.7518142484321674,1.0,,,,
1277,71,5000104,0.0,0.0,0.0,1.0,,,,
1278,71,2500194,0.0,0.0,0.0,1.0,,,,
1279,71,1250168,6.281905396270811e-252,0.0,6.281905396270811e-252,1.0,,,,
1280,71,625226,7.968850758731601e-122,9.382090054249506e-122,-7.464687380508836e-122,1.0,,,,
1281,71,312684,8.234892613441129e-58,6.86589794095341e-58,-3.05950949942723e-58,1.0,,,,
1282,71,156484,7.577694417876173e-26,2.2039051860170068e-26,3.9522703868781966e-26,1.0,,,,
1283,71,78384,4.032466943588923e-12,7.170107020586016e-13,2.852984338702524e-12,1.0,,,,
1284,71,39334,4.2299997565164145e-06,4.387605668662797e-07,3.5082386240213843e-06,1.0,,,,
1285,71,19738,0.002804591676389882,0.00015541334491301725,0.0025489367240079685,1.0,,,,
1286,71,9940,0.05343705495059312,0.0011018292645364493,0.05162454581043066,1.0,,,,
1287,71,5112,0.221921338001391,0.001565086355907065,0.21934677094592386,1.0,,,,
1288,71,2698,0.41818012627208895,0.0023686652207392934,0.4142836719839728,1.0,,,,
1289,71,1420,0.5687235704521799,0.0016051310817147876,0.5660831298227591,1.0,,,,
1290,71,852,0.6492954107514718,0.0016892755076244486,0.6465165525414296,1.0,,,,
1291,71,1136,0.6082036907275827,0.0010958408189057681,0.6064010325804827,1.0,,,,
1292,71,1278,0.5901644334347622,0.0015208864362817104,0.5876625752470788,1.0,,,,
1293,72,144,0.7493706815466779,0.0003341797301605565,0.7488209558905637,1.0,,,,
1294,72,5000112,0.0,0.0,0.0,1.0,,,,
1295,72,2500128,0.0,0.0,0.0,1.0,,,,
1296,72,1250208,1.5659661985e-313,0.0,1.5659661985e-313,1.0,,,,
1297,72,625248,3.345281652849151e-150,8.876298488372931e-150,-1.125622936052432e-149,1.0,,,,
1298,72,312768,2.2158890881621237e-71,2.094005168878034e-71,-1.2287494146422427e-71,1.0,,,,
1299,72,156528,3.2718540302699333e-31,1.5446912300853157e-31,7.30836956779589e-32,1.0,,,,
1300,72,78336,1.9234270632408077e-14,3.6266248548668715e-15,1.3268472746152074e-14,1.0,,,,
1301,72,39312,3.554148518966354e-07,3.302650822403579e-08,3.0108624586809653e-07,1.0,,,,
1302,72,19728,0.0009171952248046633,3.663687248502015e-05,0.0008569275695668051,1.0,,,,
1303,72,9936,0.031777527275313536,0.0007848574825637121,0.03048643671649623,1.0,,,,
1304,72,5040,0.184052168119278,0.002731591878035054,0.17955869947991032,1.0,,,,
1305,72,2592,0.39208886753000666,0.003256240330325698,0.3867323521866209,1.0,,,,
1306,72,1440,0.5388812684567769,0.0029215025238596825,0.5340753968050277,1.0,,,,
1307,72,864,0.6294094882685163,0.0017018635335864576,0.6266099227557665,1.0,,,,
1308,72,1152,0.5833799987841081,0.002110542167904723,0.5799081569179048,1.0,,,,
1309,72,1008,0.6054259979137459,0.0020384536597299,0.6020727416434901,1.0,,,,
1310,73,146,0.7483107055017015,0.0003030670637706101,0.7478121601817989,1.0,,,,
1311,73,5000208,0.0,0.0,0.0,1.0,,,,
1312,73,2500250,0.0,0.0,0.0,1.0,,,,
1313,73,1250198,0.0,0.0,0.0,1.0,,,,
1314,73,625172,4.5898882543741614e-155,1.1622523992492513e-154,-1.4529163713276022e-154,1.0,,,,
1315,73,312732,8.520516042519352e-74,4.771711854719361e-74,6.710500415060039e-75,1.0,,,,
1316,73,156512,2.9994319846277427e-32,1.856326558120079e-32,-5.422520347978722e-34,1.0,,,,
1317,73,78402,6.19259110920014e-15,1.4892657639060282e-15,3.742748927574723e-15,1.0,,,,
1318,73,39274,2.2608114438991213e-07,2.880121910258243e-08,1.7870313896616403e-07,1.0,,,,
1319,73,19710,0.0007651493839425121,6.590692627763584e-05,0.0006567324902158012,1.0,,,,
1320,73,9928,0.029668882341996817,0.0007060920751673764,0.02850736087834648,1.0,,,,
1321,73,5110,0.16922127091356226,0.002310005709307517,0.1654213115217514,1.0,,,,
1322,73,2628,0.37775702993638915,0.002660343008212071,0.3733807656878803,1.0,,,,
1323,73,1460,0.5304829096747268,0.002019573576687466,0.5271607111410759,1.0,,,,
1324,73,876,0.6227191127490241,0.0017622951154226873,0.6198201372841539,1.0,,,,
1325,73,1168,0.5745500835799203,0.0019103548570568016,0.5714075498400619,1.0,,,,
1326,73,1022,0.5973468120788817,0.0019086423147510088,0.5942070954711163,1.0,,,,
1327,74,148,0.7473258263406284,0.0004450546238377622,0.7465937114844152,1.0,,,,
1328,74,5000180,0.0,0.0,0.0,1.0,,,,
1329,74,2500164,0.0,0.0,0.0,1.0,,,,
1330,74,1250156,0.0,0.0,0.0,1.0,,,,
1331,74,625152,8.654229905005723e-162,1.8991259080537812e-161,-2.258639128247898e-161,1.0,,,,
1332,74,312724,1.305378907324928e-76,1.0595833837949128e-76,-4.376357590177037e-77,1.0,,,,
1333,74,156436,2.8334662763923067e-33,1.2914708467329957e-33,7.089967335165287e-34,1.0,,,,
1334,74,78292,2.1730402084406964e-15,5.628994568827881e-16,1.24707060186851e-15,1.0,,,,
1335,74,39220,1.3269012703050392e-07,1.6793235973646333e-08,1.050652538538557e-07,1.0,,,,
1336,74,19684,0.000596934698066354,2.5238740080097857e-05,0.000555416970634593,1.0,,,,
1337,74,9916,0.025973881149251865,0.0011501489730637777,0.02408188608856195,1.0,,,,
1338,74,5032,0.16440313833460835,0.0026304283147428175,0.16007608375685642,1.0,,,,
1339,74,2664,0.36530293704232686,0.0030829261190850024,0.360231523576432,1.0,,,,
1340,74,1480,0.5200365601636945,0.001726036148599868,0.5171972306992477,1.0,,,,
1341,74,888,0.6172448895977706,0.0012696086835925764,0.6151563833132608,1.0,,,,
1342,74,1184,0.5662245869083031,0.0014009983122564224,0.5639199446846413,1.0,,,,
1343,74,1036,0.5913084254499782,0.0017233148773017814,0.5884735724768168,1.0,,,,
1344,75,150,0.7461927104845886,0.00044408732148574256,0.7454621868407445,1.0,,,,
1345,75,5000100,0.0,0.0,0.0,1.0,,,,
1346,75,2500200,0.0,0.0,0.0,1.0,,,,
1347,75,1250250,0.0,0.0,0.0,1.0,,,,
1348,75,625200,4.853996456576776e-168,0.0,4.853996456576776e-168,1.0,,,,
1349,75,312750,5.799618441544325e-79,7.570586284678758e-79,-6.653995996752233e-79,1.0,,,,
1350,75,156450,1.220049641116294e-34,8.999529611297594e-35,-2.603729799421604e-35,1.0,,,,
1351,75,78300,6.461313112974194e-16,1.2659354383984623e-16,4.378849316808723e-16,1.0,,,,
1352,75,39300,7.759383350801133e-08,1.2991775148166316e-08,5.6222363389277746e-08,1.0,,,,
1353,75,19800,0.0004500373310343581,2.3459409524778624e-05,0.00041144660236609726,1.0,,,,
1354,75,10050,0.021735489743821917,0.000613914631942837,0.02072560017427595,1.0,,,,
1355,75,5100,0.15357789867129917,0.0020072769429367483,0.1502759281001682,1.0,,,,
1356,75,2700,0.3505262907493692,0.0029271160241386616,0.34571118488966107,1.0,,,,
1357,75,1500,0.5084126428299802,0.0013169117784220356,0.506246322954476,1.0,,,,
1358,75,900,0.6084361239712723,0.0017297461378997347,0.6055906915744272,1.0,,,,
1359,75,1200,0.5580065588764465,0.0016083657404310228,0.5553607972334375,1.0,,,,
1360,75,1050,0.5833988303566912,0.001776733518435378,0.5804761037188649,1.0,,,,
1361,76,152,0.7449098832569253,0.0003814535648780309,0.744282392142701,1.0,,,,
1362,76,5000192,0.0,0.0,0.0,1.0,,,,
1363,76,2500248,0.0,0.0,0.0,1.0,,,,
1364,76,1250200,0.0,0.0,0.0,1.0,,,,
1365,76,625176,2.3174160946895232e-175,0.0,2.3174160946895232e-175,1.0,,,,
1366,76,312664,3.297653556784196e-82,4.1691904668113595e-82,-3.56066476112049e-82,1.0,,,,
1367,76,156408,6.331346077000527e-36,4.246477476835859e-36,-6.5410937239446105e-37,1.0,,,,
1368,76,78280,1.4078657972614293e-16,4.77894029368283e-17,6.217301189506038e-17,1.0,,,,
1369,76,39216,4.394508442212583e-08,8.526187327201007e-09,2.9919506268880174e-08,1.0,,,,
1370,76,19760,0.0003299360351436412,2.3306404776826586e-05,0.0002915969992857615,1.0,,,,
1371,76,10032,0.01901643545386848,0.0005491942991115126,0.01811301083183004,1.0,,,,
1372,76,5168,0.1406168278434021,0.003096509162459148,0.1355230702711568,1.0,,,,
1373,76,2736,0.33495648290533625,0.00247575329416843,0.33088386873642917,1.0,,,,
1374,76,1520,0.4987431825496279,0.0024936442724822054,0.4946411377213947,1.0,,,,
1375,76,912,0.6011293251979983,0.0014477916495649593,0.598747707934464,1.0,,,,
1376,76,608,0.6579978879073227,0.0013386040110021928,0.6557958843092241,1.0,,,,
1377,76,760,0.6285264147849132,0.0014141738183657557,0.6262000988537015,1.0,,,,
1378,77,154,0.7438170488863736,0.00050652740234921,0.7429838113095091,1.0,,,,
1379,77,5000226,0.0,0.0,0.0,1.0,,,,
1380,77,2500190,0.0,0.0,0.0,1.0,,,,
1381,77,1250172,0.0,0.0,0.0,1.0,,,,
1382,77,625240,2.3976783729924588e-181,0.0,2.3976783729924588e-181,1.0,,,,
1383,77,312774,2.925834552552258e-85,5.702537900655493e-85,-6.454840294026028e-85,1.0,,,,
1384,77,156464,2.770453864964561e-37,1.1116073834401393e-37,9.418597192055317e-38,1.0,,,,
1385,77,78386,3.473532810032441e-17,7.612829603212922e-18,2.221222340303915e-17,1.0,,,,
1386,77,39270,2.105345828846405e-08,2.411678932283555e-09,1.7086246444857602e-08,1.0,,,,
1387,77,19712,0.00025451865404134985,2.3027938314440454e-05,0.0002166376955140953,1.0,,,,
1388,77,10010,0.01695580984752288,0.0005320532973011338,0.016080582173462515,1.0,,,,
1389,77,5082,0.13471095471442895,0.0015356612141917813,0.13218479201708347,1.0,,,,
1390,77,2618,0.33958969752406526,0.003066264988366804,0.33454569161820186,1.0,,,,
1391,77,1386,0.5115304805990284,0.0018214304211566633,0.5085342275562257,1.0,,,,
1392,77,770,0.6221746433083853,0.002290327116089055,0.6184070552024189,1.0,,,,
1393,77,1078,0.5655910087636608,0.0014517796000924712,0.5632028313215086,1.0,,,,
1394,77,924,0.5925305555414813,0.0030118643817657197,0.5875760386334766,1.0,,,,
1395,78,156,0.7423228040335839,0.0005457173387695321,0.7414250990113079,1.0,,,,
1396,78,5000112,0.0,0.0,0.0,1.0,,,,
1397,78,2500212,0.0,0.0,0.0,1.0,,,,
1398,78,1250184,0.0,0.0,0.0,1.0,,,,
1399,78,625248,4.967854187871166e-190,0.0,4.967854187871166e-190,1.0,,,,
1400,78,312780,1.8318297053789455e-89,1.4162577039937657e-89,-4.979142176907992e-90,1.0,,,,
1401,78,156468,9.744342001650289e-39,8.245298585485556e-39,-3.81917417147345e-39,1.0,,,,
1402,78,78312,6.6274651752882286e-18,3.632270964808747e-18,6.523794381778395e-19,1.0,,,,
1403,78,39312,9.592729417107926e-09,1.5602972713220155e-09,7.026040405783211e-09,1.0,,,,
1404,78,19812,0.0001739501564708971,1.75535355472567e-05,0.00014507459049565983,1.0,,,,
1405,78,9984,0.014530623670764548,0.0004189736646807856,0.013841411992364655,1.0,,,,
1406,78,5148,0.12244513631792124,0.001420403692588094,0.12010857224361382,1.0,,,,
1407,78,2652,0.3235613163965354,0.001835928191956014,0.3205412145207678,1.0,,,,
1408,78,1404,0.5002565119745579,0.0018207919870077485,0.49726130915593014,1.0,,,,
1409,78,780,0.6149727839159651,0.0021431949964912248,0.611447228146737,1.0,,,,
1410,78,1092,0.5554231995801444,0.0018347896193033834,0.5524049706563904,1.0,,,,
1411,78,936,0.585147270658586,0.0017578400469071157,0.5822556237814237,1.0,,,,
1412,79,158,0.7408748042583498,0.0005202336276035609,0.740019019940942,1.0,,,,
1413,79,5000226,0.0,0.0,0.0,1.0,,,,
1414,79,2500192,0.0,0.0,0.0,1.0,,,,
1415,79,1250254,0.0,0.0,0.0,1.0,,,,
1416,79,625206,4.3707504263567165e-197,0.0,4.3707504263567165e-197,1.0,,,,
1417,79,312682,4.6840042742855986e-93,5.593572812496254e-93,-4.517423002270739e-93,1.0,,,,
1418,79,156420,2.4132862788314264e-40,8.065999551094056e-41,1.0864293526764543e-40,1.0,,,,
1419,79,78368,1.488669895667064e-18,4.502626581744721e-19,7.479878229700573e-19,1.0,,,,
1420,79,39342,4.780187813177378e-09,6.668585890887423e-10,3.6832054341263974e-09,1.0,,,,
1421,79,19750,0.00012572873423309663,1.4648693487111856e-05,0.00010163163344679762,1.0,,,,
1422,79,9954,0.012370908100858072,0.0005472610973102655,0.011470663595782684,1.0,,,,
1423,79,5056,0.1171550904455411,0.001603797731743158,0.1145168431768236,1.0,,,,
1424,79,2686,0.30847085547644965,0.0036811130732048065,0.30241542447102776,1.0,,,,
1425,79,1422,0.4877436612843227,0.0021377199014425466,0.48422711204644975,1.0,,,,
1426,79,790,0.6091447159114216,0.001953839565413265,0.6059306498263168,1.0,,,,
1427,79,1106,0.5449721446337545,0.0015977863477548851,0.5423437860916978,1.0,,,,
1428,79,948,0.5764469280196967,0.0035307598051114927,0.5706388281402882,1.0,,,,
1429,80,160,0.7392012965799791,0.000543094523860701,0.7383079060882283,1.0,,,,
1430,80,5000160,0.0,0.0,0.0,1.0,,,,
1431,80,2500160,0.0,0.0,0.0,1.0,,,,
1432,80,1250240,0.0,0.0,0.0,1.0,,,,
1433,80,625280,5.642927075144281e-205,0.0,5.642927075144281e-205,1.0,,,,
1434,80,312800,3.497175617722901e-97,3.733007526713223e-97,-2.643621763720351e-97,1.0,,,,
1435,80,156480,2.7008719090854166e-42,1.0763147666791615e-42,9.303341178981958e-43,1.0,,,,
1436,80,78400,2.229227904795753e-19,5.719965807530169e-20,1.2882935294570404e-19,1.0,,,,
1437,80,39360,1.9848707244472136e-09,1.984646989221852e-10,1.658396294720219e-09,1.0,,,,
1438,80,19840,7.76771171799149e-05,6.041983652079993e-06,6.773805407224331e-05,1.0,,,,
1439,80,10080,0.00980905309116769,0.00020347248681879245,0.009474340850350775,1.0,,,,
1440,80,5120,0.10570533314373816,0.0022827204253314656,0.1019502580440679,1.0,,,,
1441,80,2720,0.2915660849592069,0.00414454999391964,0.28474830021920905,1.0,,,,
1442,80,1440,0.474719192995771,0.002739877529354554,0.47021209445998274,1.0,,,,
1443,80,800,0.5986761114473994,0.0014837389595354457,0.5962353608589636,1.0,,,,
1444,80,480,0.6672412731846858,0.0009786263968086595,0.6656314327619356,1.0,,,,
1445,80,640,0.6329430707776998,0.0021521870842258818,0.6294027230241482,1.0,,,,
1446,81,162,0.7371575056577121,0.0006594563796049625,0.736072699913262,1.0,,,,
1447,81,5000130,0.0,0.0,0.0,1.0,,,,
1448,81,2500146,0.0,0.0,0.0,1.0,,,,
1449,81,1250154,0.0,0.0,0.0,1.0,,,,
1450,81,625158,4.784366218595282e-216,0.0,4.784366218595282e-216,1.0,,,,
1451,81,312660,1.353330181531498e-101,1.0978168430714776e-101,-4.525785253210827e-102,1.0,,,,
1452,81,156492,2.633952789141575e-44,1.8824110416227638e-44,-4.6261337432787125e-45,1.0,,,,
1453,81,78408,3.535731544295247e-20,9.659979117870635e-21,1.9466649794055276e-20,1.0,,,,
1454,81,39366,7.041836272133506e-10,8.43208179602994e-11,5.654758816686581e-10,1.0,,,,
1455,81,19764,5.819893366985816e-05,5.151746924173355e-06,4.9724309979592986e-05,1.0,,,,
1456,81,10044,0.008241735032896418,0.000344959572408672,0.007674276536284153,1.0,,,,
1457,81,5184,0.0934846220778903,0.0019403204066187644,0.09029279500900243,1.0,,,,
1458,81,2754,0.2751881283758677,0.002227405534044761,0.2715240462723641,1.0,,,,
1459,81,1458,0.46177914707346235,0.002233471146045772,0.45810508703821706,1.0,,,,
1460,81,810,0.5897976491563293,0.0027177842203051457,0.5853268941139272,1.0,,,,
1461,81,486,0.6620434334855181,0.0013229351374453831,0.6598672051844204,1.0,,,,
1462,81,648,0.6257415327631615,0.0015266964852093685,0.6232301170449921,1.0,,,,
1463,82,164,0.7354279114195836,0.0007963326631238764,0.7341179441887449,1.0,,,,
1464,82,5000196,0.0,0.0,0.0,1.0,,,,
1465,82,2500180,0.0,0.0,0.0,1.0,,,,
1466,82,1250172,0.0,0.0,0.0,1.0,,,,
1467,82,625168,4.901257343429256e-226,0.0,4.901257343429256e-226,1.0,,,,
1468,82,312748,5.289783670633074e-107,4.169818061007923e-107,-1.5695670397249593e-107,1.0,,,,
1469,82,156456,3.355418077651282e-46,2.9721946017834092e-46,-1.5338420422824259e-46,1.0,,,,
1470,82,78392,3.747759564411462e-21,1.1928191707035775e-21,1.7855720286040772e-21,1.0,,,,
1471,82,39360,2.7976360322347434e-10,6.15874475496016e-11,1.784522520043797e-10,1.0,,,,
1472,82,19844,3.2834752636150896e-05,1.5108755595644382e-06,3.0349362340667396e-05,1.0,,,,
1473,82,10004,0.00654478961345521,0.0003559649813535708,0.005959227219128586,1.0,,,,
1474,82,5084,0.08891947241626622,0.001347808593772855,0.08670232727950987,1.0,,,,
1475,82,2624,0.2771012305101348,0.0024952392006144645,0.272996562025124,1.0,,,,
1476,82,1476,0.44658356975051783,0.0026800052379481773,0.4421749611340931,1.0,,,,
1477,82,820,0.5806015168096829,0.001732575573987879,0.5777514299904728,1.0,,,,
1478,82,492,0.6559893052885558,0.0012659285009930944,0.6539068529044222,1.0,,,,
1479,82,656,0.6175486322100439,0.0022106823530101674,0.6139120597393422,1.0,,,,
1480,83,166,0.7330952956970791,0.0005900259465296179,0.7321247030150378,1.0,,,,
1481,83,5000086,0.0,0.0,0.0,1.0,,,,
1482,83,2500126,0.0,0.0,0.0,1.0,,,,
1483,83,1250146,0.0,0.0,0.0,1.0,,,,
1484,83,625156,1.3607346573809417e-237,0.0,1.3607346573809417e-237,1.0,,,,
1485,83,312744,4.6711749053665185e-112,7.619577355254775e-112,-7.8630298440275875e-112,1.0,,,,
1486,83,156538,1.4973468846369498e-48,1.1103516481596891e-48,-3.291815765857389e-49,1.0,,,,
1487,83,78352,3.794116019945315e-22,2.18042397442901e-22,2.0731858200959336e-23,1.0,,,,
1488,83,39342,1.0456434800345599e-10,1.9351369562338414e-11,7.273134507340929e-11,1.0,,,,
1489,83,19754,2.1603604386556847e-05,1.8142488980476156e-06,1.8619164949268517e-05,1.0,,,,
1490,83,9960,0.005432353212663952,0.00021333999405443512,0.005081408922444406,1.0,,,,
1491,83,5146,0.07764416967416239,0.0013019136194042328,0.07550252177024243,1.0,,,,
1492,83,2656,0.26026173535185276,0.0016681388063600954,0.2575176470153904,1.0,,,,
1493,83,1494,0.43231624469944263,0.0038826071575198432,0.4259293559253225,1.0,,,,
1494,83,830,0.5691785770683904,0.0024022996696037506,0.5652267941118923,1.0,,,,
1495,83,498,0.6497317526588413,0.001722417622442832,0.6468983756699228,1.0,,,,
1496,83,664,0.6080925436239152,0.0018296222552144053,0.6050828150140874,1.0,,,,
1497,84,168,0.7309010318764105,0.0007120070978319973,0.7297297802004769,1.0,,,,
1498,84,5000184,0.0,0.0,0.0,1.0,,,,
1499,84,2500176,0.0,0.0,0.0,1.0,,,,
1500,84,1250256,0.0,0.0,0.0,1.0,,,,
1501,84,625296,8.256702742045765e-251,0.0,8.256702742045765e-251,1.0,,,,
1502,84,312816,5.507226923203905e-118,4.100486035000972e-118,-1.238072604372694e-118,1.0,,,,
1503,84,156576,3.878921563038707e-51,2.9981352480864206e-51,-1.0530109200634548e-51,1.0,,,,
1504,84,78456,2.9256810923696003e-23,9.456231813939493e-24,1.3701309589765536e-23,1.0,,,,
1505,84,39312,2.962006028720385e-11,6.9180913038152466e-12,1.8239800092427766e-11,1.0,,,,
1506,84,19824,1.1776837631361554e-05,1.6459344827689737e-06,9.069275407206593e-06,1.0,,,,
1507,84,10080,0.0039031400353353347,0.00017839820752535201,0.0036096749839561308,1.0,,,,
1508,84,5208,0.066879203602176,0.0014792986256792543,0.06444575736293363,1.0,,,,
1509,84,2688,0.24242748217968296,0.002383942469360757,0.23850589681758452,1.0,,,,
1510,84,1512,0.4156921974826778,0.0019171499024970907,0.41253848589307013,1.0,,,,
1511,84,840,0.5574996434027448,0.0024663510706161395,0.5534424958915812,1.0,,,,
1512,84,504,0.6437448746308256,0.0010183849805598896,0.6420696313378046,1.0,,,,
1513,84,672,0.59908549247397,0.0015920884213124593,0.5964665070209111,1.0,,,,
1514,85,170,0.7280596710660556,0.0007828684340456849,0.7267718524920505,1.0,,,,
1515,85,5000210,0.0,0.0,0.0,1.0,,,,
1516,85,2500190,0.0,0.0,0.0,1.0,,,,
1517,85,1250180,0.0,0.0,0.0,1.0,,,,
1518,85,625260,2.5543619098493457e-264,0.0,2.5543619098493457e-264,1.0,,,,
1519,85,312800,1.3083814999359945e-124,1.3152866544958873e-124,-8.552650467097401e-125,1.0,,,,
1520,85,156570,1.727254354054225e-53,2.5767326744566684e-53,-2.5114708954269947e-53,1.0,,,,
1521,85,78370,1.7086137669703926e-24,9.87464410539344e-25,8.423481163317187e-26,1.0,,,,
1522,85,39270,7.83106162292911e-12,1.6819761637956505e-12,5.064210833485265e-12,1.0,,,,
1523,85,19720,6.9173309906808855e-06,6.436268819297746e-07,5.858564769906406e-06,1.0,,,,
1524,85,10030,0.0030080851065122627,0.00012170361511245076,0.0028078826596522814,1.0,,,,
1525,85,5100,0.062185614480672134,0.001567711507576512,0.059606729050708775,1.0,,,,
1526,85,2720,0.2228700125303616,0.0034345372166234693,0.217220198809016,1.0,,,,
1527,85,1530,0.39990177731791643,0.0030856543422369967,0.39482587592493656,1.0,,,,
1528,85,850,0.545786255900156,0.0021183568801425552,0.5423015588323215,1.0,,,,
1529,85,510,0.6339756331178569,0.001648623388299015,0.631263647644105,1.0,,,,
1530,85,680,0.5886135146522901,0.002331762146490379,0.5847777659213134,1.0,,,,
1531,86,172,0.725481160065125,0.0009576952329085688,0.7239057514069904,1.0,,,,
1532,86,5000212,0.0,0.0,0.0,1.0,,,,
1533,86,2500192,0.0,0.0,0.0,1.0,,,,
1534,86,1250268,0.0,0.0,0.0,1.0,,,,
1535,86,625220,2.206753646037487e-280,0.0,2.206753646037487e-280,1.0,,,,
1536,86,312696,2.5875001189044347e-131,3.3811786988223516e-131,-2.9745388406583343e-131,1.0,,,,
1537,86,156520,5.994826044291704e-57,5.338596776366769e-57,-2.7871656528316307e-57,1.0,,,,
1538,86,78432,5.729886116703972e-26,2.9931824888588326e-26,8.06100922531193e-27,1.0,,,,
1539,86,39388,1.8712318795875394e-12,4.1387351492045905e-13,1.1904099475433842e-12,1.0,,,,
1540,86,19780,3.262334162859869e-06,4.4469607717319035e-07,2.530809115909971e-06,1.0,,,,
1541,86,9976,0.00227904825839246,0.00013935737645219713,0.0020498053741285958,1.0,,,,
1542,86,5160,0.05127621365023314,0.0013806733496354985,0.04900500599008274,1.0,,,,
1543,86,2752,0.20359643930175225,0.002977199842098853,0.19869894556149964,1.0,,,,
1544,86,1548,0.38122263740374007,0.003355696346778371,0.37570251691328965,1.0,,,,
1545,86,860,0.5327329984966273,0.0024010317119544304,0.5287833013304623,1.0,,,,
1546,86,516,0.6249086194100725,0.0013517404132243234,0.6226850064303184,1.0,,,,
1547,86,688,0.5773952110988498,0.003485430412370471,0.5716616780705004,1.0,,,,
1548,87,174,0.7221779772403356,0.0007540119373698956,0.7209376276033621,1.0,,,,
1549,87,5000238,0.0,0.0,0.0,1.0,,,,
1550,87,2500206,0.0,0.0,0.0,1.0,,,,
1551,87,1250190,0.0,0.0,0.0,1.0,,,,
1552,87,625182,1.7375868726417895e-297,0.0,1.7375868726417895e-297,1.0,,,,
1553,87,312678,2.839296054372872e-139,6.7027272472636e-139,-8.18669026737575e-139,1.0,,,,
1554,87,156426,1.1296449685984402e-60,1.0924934200686109e-60,-6.675067074144247e-61,1.0,,,,
1555,87,78300,1.5170967485840222e-27,7.822855811517562e-28,2.302369675893832e-28,1.0,,,,
1556,87,39324,3.1070782296257337e-13,6.114000118681323e-14,2.101325210102656e-13,1.0,,,,
1557,87,19836,1.462930900361167e-06,1.8662353937226194e-07,1.1559351780937961e-06,1.0,,,,
1558,87,10092,0.0014445164841264753,8.288473836686639e-05,0.00130817108951298,1.0,,,,
1559,87,5220,0.042222411880702276,0.0010547208117172107,0.040487396145427464,1.0,,,,
1560,87,2784,0.18446577914397275,0.0020402126220919266,0.18110962938063152,1.0,,,,
1561,87,1566,0.36235460017338694,0.002651924337982955,0.357992184637405,1.0,,,,
1562,87,870,0.5191715180737726,0.0018800649537522361,0.5160788112248502,1.0,,,,
1563,87,522,0.6162422557549966,0.001474354862659604,0.6138169420059215,1.0,,,,
1564,87,696,0.5664977897512918,0.0019589724628958994,0.5632752800498281,1.0,,,,
1565,88,176,0.7186244569763999,0.000576145447618507,0.7176766977150675,1.0,,,,
1566,88,5000160,0.0,0.0,0.0,1.0,,,,
1567,88,2500256,0.0,0.0,0.0,1.0,,,,
1568,88,1250304,0.0,0.0,0.0,1.0,,,,
1569,88,625328,1.4740345e-317,0.0,1.4740345e-317,1.0,,,,
1570,88,312752,2.4370804842198183e-148,4.951540953611155e-148,-5.7082043844705326e-148,1.0,,,,
1571,88,156464,4.0999224336517954e-64,4.719510756465957e-64,-3.6636727607347046e-64,1.0,,,,
1572,88,78320,3.726079487489308e-29,1.9380124170722595e-29,5.380490614054406e-30,1.0,,,,
1573,88,39248,6.073783019741776e-14,1.150223171757499e-14,4.18166590220069e-14,1.0,,,,
1574,88,19712,7.087009902863687e-07,4.2764221076114784e-08,6.383538466161599e-07,1.0,,,,
1575,88,10032,0.000992291719304877,7.917637991498008e-05,0.0008620465743447347,1.0,,,,
1576,88,5104,0.037821782435325024,0.0010659062487357303,0.036068366656154746,1.0,,,,
1577,88,2640,0.18360075290561131,0.0031668505133632925,0.1783912838111287,1.0,,,,
1578,88,1408,0.37451991615488217,0.0020414165061627006,0.37116178600224453,1.0,,,,
1579,88,880,0.503456812550124,0.0018626155356835775,0.5003928099939245,1.0,,,,
1580,88,528,0.6045612151633509,0.0014255953747291657,0.6022161107719215,1.0,,,,
1581,88,352,0.6627781011854283,0.002394969438883753,0.6588383764584645,1.0,,,,
1582,89,178,0.7152802927010347,0.0008445213944464708,0.7138910550071702,1.0,,,,
1583,89,5000198,0.0,0.0,0.0,1.0,,,,
1584,89,2500188,0.0,0.0,0.0,1.0,,,,
1585,89,1250272,0.0,0.0,0.0,1.0,,,,
1586,89,625314,0.0,0.0,0.0,1.0,,,,
1587,89,312746,1.3701811299180467e-158,2.3706374918008145e-158,-2.529517544094293e-158,1.0,,,,
1588,89,156462,2.0303167270663568e-68,2.3351510159668637e-68,-1.8110066941991343e-68,1.0,,,,
1589,89,78320,4.224477521717741e-31,2.3165807247560775e-31,4.137022294939935e-32,1.0,,,,
1590,89,39338,7.040372124564823e-15,2.0685513327016926e-15,3.6376051822705385e-15,1.0,,,,
1591,89,19758,2.660784759540917e-07,3.1450063167818235e-08,2.143431220430307e-07,1.0,,,,
1592,89,9968,0.0006635469550197467,4.730292026719557e-05,0.00058573365118021,1.0,,,,
1593,89,5162,0.0297334823859228,0.0008146816839915875,0.028393331015756636,1.0,,,,
1594,89,2670,0.16401716016399254,0.0021592004723117496,0.1604652753870397,1.0,,,,
1595,89,1424,0.35240978113899313,0.002027031674622517,0.3490753140342391,1.0,,,,
1596,89,890,0.48584574820357884,0.0012834109984649943,0.4837345371111039,1.0,,,,
1597,89,534,0.5930870281350175,0.0010672144111326376,0.5913314604287042,1.0,,,,
1598,89,356,0.6546435791719387,0.0025027901495017534,0.6505264893760083,1.0,,,,
1599,90,180,0.7097719811575044,0.0008882578532862409,0.7083107969888486,1.0,,,,
1600,90,5000220,0.0,0.0,0.0,1.0,,,,
1601,90,2500200,0.0,0.0,0.0,1.0,,,,
1602,90,1250280,0.0,0.0,0.0,1.0,,,,
1603,90,625320,0.0,0.0,0.0,1.0,,,,
1604,90,312840,1.111653467529964e-171,0.0,1.111653467529964e-171,1.0,,,,
1605,90,156600,1.578709246496243e-73,2.7976274831102954e-73,-3.023387963220193e-73,1.0,,,,
1606,90,78480,2.0496160319253553e-33,1.8459027101428775e-33,-9.868939262596782e-34,1.0,,,,
1607,90,39420,5.162736845753581e-16,1.5085247651672378e-16,2.6812136070534746e-16,1.0,,,,
1608,90,19800,7.997656749790261e-08,9.379248921809079e-09,6.454770302152667e-08,1.0,,,,
1609,90,10080,0.0003609127624915362,2.221012894046501e-05,0.00032437710038447123,1.0,,,,
1610,90,5220,0.02230171652666219,0.0008254156533213272,0.020943907776948607,1.0,,,,
1611,90,2700,0.14337389049005683,0.0023774280716505405,0.13946302131219168,1.0,,,,
1612,90,1440,0.33295031009784876,0.004843680026905146,0.3249824564535898,1.0,,,,
1613,90,900,0.4682993664833871,0.00289686421935535,0.4635340248425476,1.0,,,,
1614,90,540,0.5804903776458399,0.0021795160222387276,0.5769050737892572,1.0,,,,
1615,90,360,0.6436096552237515,0.0028565528768130185,0.638910625741394,1.0,,,,
1616,91,182,0.704461666999373,0.001716186430818466,0.7016385403206766,1.0,,,,
1617,91,5000268,0.0,0.0,0.0,1.0,,,,
1618,91,2500316,0.0,0.0,0.0,1.0,,,,
1619,91,1250340,0.0,0.0,0.0,1.0,,,,
1620,91,625352,0.0,0.0,0.0,1.0,,,,
1621,91,312858,2.0289749054829315e-184,0.0,2.0289749054829315e-184,1.0,,,,
1622,91,156520,1.6249897732757285e-79,1.9259003531782445e-79,-1.5431163077024836e-79,1.0,,,,
1623,91,78442,5.789815909679556e-36,3.366964250310817e-36,2.5115971791826253e-37,1.0,,,,
1624,91,39312,4.398748070919752e-17,1.7014945753874842e-17,1.5997894944073402e-17,1.0,,,,
1625,91,19838,2.0807145353769053e-08,4.409718284255784e-09,1.3553158776168288e-08,1.0,,,,
1626,91,10010,0.00021223504858632996,1.7986837304421923e-05,0.0001826467012205559,1.0,,,,
1627,91,5096,0.018686757180652696,0.0004358451113560785,0.017969791972471946,1.0,,,,
1628,91,2730,0.12285420656530441,0.0019500089075420283,0.11964644191239777,1.0,,,,
1629,91,1456,0.30678868903647694,0.003319054089068374,0.30132884505995944,1.0,,,,
1630,91,910,0.4461702642177997,0.0028156309776456215,0.44153855125957264,1.0,,,,
1631,91,546,0.5656985781191721,0.0026548986546338924,0.5613312698322994,1.0,,,,
1632,91,364,0.6344483575969648,0.0020574911383225243,0.6310637846744243,1.0,,,,
1633,92,184,0.6981926731683548,0.0007429339157549047,0.6969705468769379,1.0,,,,
1634,92,5000200,0.0,0.0,0.0,1.0,,,,
1635,92,2500192,0.0,0.0,0.0,1.0,,,,
1636,92,1250280,0.0,0.0,0.0,1.0,,,,
1637,92,625232,0.0,0.0,0.0,1.0,,,,
1638,92,312800,1.143224249520175e-198,0.0,1.143224249520175e-198,1.0,,,,
1639,92,156584,2.6465186191180664e-86,3.2441224929335326e-86,-2.6900628817575946e-86,1.0,,,,
1640,92,78384,5.3371207120847514e-39,3.868025929196094e-39,-1.0257819414428233e-39,1.0,,,,
1641,92,39376,1.4603585641270432e-18,3.869945264339656e-19,8.237525681431698e-19,1.0,,,,
1642,92,19872,5.111585314665511e-09,8.195873108607423e-10,3.76336418829959e-09,1.0,,,,
1643,92,10120,9.241827940056586e-05,4.530684667430365e-06,8.496530312264291e-05,1.0,,,,
1644,92,5152,0.012812347094956992,0.0004344048158922406,0.012097751172814256,1.0,,,,
1645,92,2760,0.10187412106991094,0.0018093606178158732,0.09889772285360382,1.0,,,,
1646,92,1472,0.280730084303874,0.0029884271182809515,0.2758141216943018,1.0,,,,
1647,92,920,0.42235255680489725,0.0034144361959304757,0.4167358092625916,1.0,,,,
1648,92,552,0.5483563778581516,0.002239021605641878,0.5446731873168708,1.0,,,,
1649,92,368,0.6222464635779928,0.0019205488415822872,0.6190871607335899,1.0,,,,
1650,93,186,0.6920988998636803,0.0021121069613351646,0.688624483912284,1.0,,,,
1651,93,5000238,0.0,0.0,0.0,1.0,,,,
1652,93,2500212,0.0,0.0,0.0,1.0,,,,
1653,93,1250292,0.0,0.0,0.0,1.0,,,,
1654,93,625332,0.0,0.0,0.0,1.0,,,,
1655,93,312852,5.94270421729695e-219,0.0,5.94270421729695e-219,1.0,,,,
1656,93,156612,1.0876485105032481e-94,1.1104526258287294e-94,-7.390460589850117e-95,1.0,,,,
1657,93,78492,2.2437821941207344e-42,1.7693008996731992e-42,-6.667177858416783e-43,1.0,,,,
1658,93,39432,3.8117587715869204e-20,1.3810041344187584e-20,1.5400069704680628e-20,1.0,,,,
1659,93,19902,8.288236814902832e-10,1.5146154748270679e-10,5.796694358812305e-10,1.0,,,,
1660,93,10044,4.412294275166536e-05,4.426115674687086e-06,3.6841982466805103e-05,1.0,,,,
1661,93,5208,0.008263939074314313,0.00029870233634312623,0.00777257373102987,1.0,,,,
1662,93,2790,0.0823500850553299,0.002052969626735128,0.0789729500193506,1.0,,,,
1663,93,1488,0.2515321041428652,0.003444270630589436,0.24586627895554558,1.0,,,,
1664,93,930,0.395314116958757,0.004223210477285853,0.3883669357236218,1.0,,,,
1665,93,558,0.5310597853395601,0.0026542134127917646,0.5266936042755177,1.0,,,,
1666,93,372,0.6078946412136427,0.001685541800050963,0.6051219249525588,1.0,,,,
1667,94,188,0.6821146574772351,0.0010432032036248563,0.6803985882072722,1.0,,,,
1668,94,5000236,0.0,0.0,0.0,1.0,,,,
1669,94,2500212,0.0,0.0,0.0,1.0,,,,
1670,94,1250200,0.0,0.0,0.0,1.0,,,,
1671,94,625288,0.0,0.0,0.0,1.0,,,,
1672,94,312832,2.4157958706338384e-240,0.0,2.4157958706338384e-240,1.0,,,,
1673,94,156604,2.2407142517664424e-104,2.864476179365771e-104,-2.4713490632902504e-104,1.0,,,,
1674,94,78396,7.42856142452848e-47,4.173735485378618e-47,5.627665510806531e-48,1.0,,,,
1675,94,39292,3.4093206406237734e-22,1.0658597717642773e-22,1.6559813160715373e-22,1.0,,,,
1676,94,19740,1.2256754812365247e-10,2.756839881737881e-11,7.721753206906432e-11,1.0,,,,
1677,94,9964,1.7957962151584748e-05,3.123262281793446e-06,1.2820195698034528e-05,1.0,,,,
1678,94,5076,0.005932769395336348,0.00020297653340868303,0.0055988729978790645,1.0,,,,
1679,94,2632,0.07715785318294266,0.0012288862416663894,0.07513633531540145,1.0,,,,
1680,94,1504,0.21996144289351469,0.002674811604884861,0.2155613778034791,1.0,,,,
1681,94,940,0.3664088780806324,0.00349485408257704,0.36065984311479315,1.0,,,,
1682,94,564,0.5073153125719638,0.003937024409947048,0.500838907417601,1.0,,,,
1683,94,376,0.5929047476103556,0.002926649828656061,0.5880904086422164,1.0,,,,
1684,95,190,0.6722925657399406,0.0019906748416279323,0.6690179056254626,1.0,,,,
1685,95,5000230,0.0,0.0,0.0,1.0,,,,
1686,95,2500210,0.0,0.0,0.0,1.0,,,,
1687,95,1250200,0.0,0.0,0.0,1.0,,,,
1688,95,625290,0.0,0.0,0.0,1.0,,,,
1689,95,312740,3.1206559758273405e-270,0.0,3.1206559758273405e-270,1.0,,,,
1690,95,156560,2.2500631644712406e-115,5.010765649878878e-115,-5.992646329579513e-115,1.0,,,,
1691,95,78470,7.680098153789443e-52,1.297386288987445e-51,-1.3661906300054028e-51,1.0,,,,
1692,95,39330,1.6742271951169486e-24,9.645099598960646e-25,8.76083110879222e-26,1.0,,,,
1693,95,19760,8.663957914090344e-12,2.5145270709948627e-12,4.527560882303795e-12,1.0,,,,
1694,95,10070,4.432601967070959e-06,3.7874309258653745e-07,3.809569579766105e-06,1.0,,,,
1695,95,5130,0.00318991779274945,0.00012613992151711112,0.002982417621853802,1.0,,,,
1696,95,2660,0.05747061321311211,0.001283945001049687,0.05535852368638537,1.0,,,,
1697,95,1520,0.18858917873776387,0.0042057138472887815,0.18167077945897384,1.0,,,,
1698,95,950,0.33327906564486326,0.003588593963000601,0.3273758285757273,1.0,,,,
1699,95,570,0.47948955658809467,0.003534043356709509,0.4736760552663075,1.0,,,,
1700,95,380,0.5728102006467052,0.0028844948221478295,0.568065206664272,1.0,,,,
1701,96,192,0.6600810687776149,0.0016707922881596718,0.6573326154635922,1.0,,,,
1702,96,5000256,0.0,0.0,0.0,1.0,,,,
1703,96,2500224,0.0,0.0,0.0,1.0,,,,
1704,96,1250304,0.0,0.0,0.0,1.0,,,,
1705,96,625344,0.0,0.0,0.0,1.0,,,,
1706,96,312768,6.74230417651224e-303,0.0,6.74230417651224e-303,1.0,,,,
1707,96,156480,6.0383394235273775e-130,1.6082194321039173e-129,-2.041687023458206e-129,1.0,,,,
1708,96,78336,1.0412353396518168e-58,1.1738245119128853e-58,-8.897059824448795e-59,1.0,,,,
1709,96,39360,1.0923394102306654e-27,5.809976902550595e-28,1.3659820976109257e-28,1.0,,,,
1710,96,19776,3.349899673270473e-13,8.816932795402604e-14,1.8995142284267444e-13,1.0,,,,
1711,96,9984,1.1197448799509045e-06,1.2901739718911864e-07,9.075112615748044e-07,1.0,,,,
1712,96,5184,0.0015515522970909103,0.00010486433021134819,0.0013790504738932425,1.0,,,,
1713,96,2688,0.03961229667614034,0.0009484318574066521,0.0380521262707064,1.0,,,,
1714,96,1536,0.15445723257783375,0.002452208927411627,0.15042334889224163,1.0,,,,
1715,96,960,0.29896077471550553,0.0023060947294384327,0.2951672488855793,1.0,,,,
1716,96,576,0.4495413211992679,0.00229392453538579,0.44576781533855825,1.0,,,,
1717,96,384,0.5482607254130989,0.003279874507677289,0.5428653318479697,1.0,,,,
1718,97,194,0.6448422722367504,0.001551597860833789,0.6422898937556788,1.0,,,,
1719,97,5000156,0.0,0.0,0.0,1.0,,,,
1720,97,2500272,0.0,0.0,0.0,1.0,,,,
1721,97,1250330,0.0,0.0,0.0,1.0,,,,
1722,97,625262,0.0,0.0,0.0,1.0,,,,
1723,97,312728,0.0,0.0,0.0,1.0,,,,
1724,97,156558,8.044166779979471e-150,1.6896407614053101e-149,-1.975042374513788e-149,1.0,,,,
1725,97,78376,9.202897667456461e-67,8.36199561663884e-67,-4.5525851219144304e-67,1.0,,,,
1726,97,39382,1.0582602830826187e-31,4.8882961108865756e-32,2.54135572841777e-32,1.0,,,,
1727,97,19788,5.9803175357642395e-15,2.2439147822208357e-15,2.289077719010965e-15,1.0,,,,
1728,97,10088,1.2560915691727083e-07,1.7803135163398228e-08,9.632299957348075e-08,1.0,,,,
1729,97,5238,0.000535629310285849,2.8446051811701273e-05,0.0004888355550556004,1.0,,,,
1730,97,2716,0.025043239490490993,0.0005702386623375467,0.02410519689094573,1.0,,,,
1731,97,1552,0.12132746016264714,0.0018891157293664525,0.11821986478783933,1.0,,,,
1732,97,970,0.2561780016546274,0.003051493649415864,0.2511582946013383,1.0,,,,
1733,97,582,0.4146009540884175,0.003843929171347349,0.4082776906015511,1.0,,,,
1734,97,388,0.5212519009312654,0.0015495268658449273,0.5187029292369505,1.0,,,,
1735,98,196,0.622442170118843,0.0016969019889862798,0.6196507663469605,1.0,,,,
1736,98,5000156,0.0,0.0,0.0,1.0,,,,
1737,98,2500176,0.0,0.0,0.0,1.0,,,,
1738,98,1250284,0.0,0.0,0.0,1.0,,,,
1739,98,625240,0.0,0.0,0.0,1.0,,,,
1740,98,312816,0.0,0.0,0.0,1.0,,,,
1741,98,156604,8.566520631757623e-175,0.0,8.566520631757623e-175,1.0,,,,
1742,98,78400,2.9762317844104336e-78,2.439137598795531e-78,-1.0361495656082147e-78,1.0,,,,
1743,98,39396,1.0069483778958678e-36,7.21839167504523e-37,-1.8047705264907258e-37,1.0,,,,
1744,98,19796,2.2903579980731976e-17,8.001427016274005e-18,9.741232538961238e-18,1.0,,,,
1745,98,9996,1.244999267398043e-08,1.681967777503291e-09,9.683155679987516e-09,1.0,,,,
1746,98,5096,0.00022226563904410596,2.3253076070277667e-05,0.0001840143289084992,1.0,,,,
1747,98,2744,0.013504048947332661,0.0006253863351147759,0.012475288426068855,1.0,,,,
1748,98,1568,0.08663223791121484,0.0023419170858754636,0.0827797843049497,1.0,,,,
1749,98,980,0.20801203211758854,0.0017641867617116983,0.2051099448945728,1.0,,,,
1750,98,588,0.36862930099147073,0.0025168013563295092,0.3644891627603087,1.0,,,,
1751,98,392,0.4840675788402461,0.00323636969121043,0.47874375069820496,1.0,,,,
1752,99,198,0.5959007524357236,0.0025485476442134694,0.5917083915609924,1.0,,,,
1753,100,200,0.5678782764380783,0.0038337540129208016,0.5615717510868236,1.0,,,,
1754,101,202,0.5643671298527442,0.0035356122922652116,0.558551047631968,1.0,,,,
1755,102,204,0.5567508197341746,0.002945454828253229,0.5519055465416981,1.0,,,,
1756,103,206,0.5520746235854072,0.0019200589375836172,0.5489161266330821,1.0,,,,
1757,104,208,0.5458323837288763,0.004402392861947386,0.5385904474709728,1.0,,,,
1758,105,210,0.540354662740789,0.0034574779748030434,0.534667111472238,1.0,,,,
1759,106,212,0.533115442144034,0.0029453351334688214,0.5282703658494777,1.0,,,,
1760,107,214,0.5259261380545517,0.002155982728951636,0.5223795464654263,1.0,,,,
1761,108,216,0.5182221032887122,0.003384573747326527,0.51265447947436,1.0,,,,
1762,109,218,0.5145790138856191,0.0026929543900194104,0.5101491039140372,1.0,,,,
1763,110,220,0.5064013161575202,0.005052367686900139,0.49809017131256944,1.0,,,,
1764,111,222,0.4980599210134626,0.004769409962889563,0.4902142416245093,1.0,,,,
1765,112,224,0.49240684928203615,0.0037402587972270407,0.48625412356059766,1.0,,,,
1766,113,226,0.48322110962613385,0.0031010264257072717,0.4781199211558454,1.0,,,,
1767,114,228,0.47422114650120284,0.005709443602890634,0.46482911177444775,1.0,,,,
1768,115,230,0.4672363089992734,0.004001828850396682,0.46065330054037085,1.0,,,,
1769,116,232,0.45771429510306766,0.003760606994357412,0.4515280965973497,1.0,,,,
1770,117,234,0.4502735718071212,0.004226964709311079,0.4433202148603045,1.0,,,,
1771,118,236,0.4416115052035067,0.00387545088341633,0.43523638850028684,1.0,,,,
1772,119,238,0.42850333794672474,0.004344673038526586,0.4213563507983485,1.0,,,,
1773,120,240,0.4210602622989029,0.003959677525325678,0.4145465927697422,1.0,,,,
1774,121,242,0.40991940146451283,0.003466902437093347,0.4042163469554943,1.0,,,,
1775,122,244,0.40105539372006715,0.0037728563922995386,0.39484904495473444,1.0,,,,
1776,123,246,0.3888959177008467,0.005495966762440643,0.37985505237663186,1.0,,,,
1777,124,248,0.378710714285862,0.004409639444203285,0.3714568574001476,1.0,,,,
1778,125,250,0.36748704072431776,0.004862658573407039,0.3594879673710632,1.0,,,,
1779,126,252,0.3558675563360175,0.003377992904352465,0.3503107580083577,1.0,,,,
1780,127,254,0.343466951078813,0.003045284465625149,0.3384574581328596,1.0,,,,
1781,128,256,0.33067516151867765,0.004925222103487246,0.32257317115844114,1.0,,,,
1782,129,258,0.31810768857829597,0.004653957570527341,0.3104519283747785,1.0,,,,
1783,130,260,0.30674463161111565,0.005046478451781356,0.29844317455793534,1.0,,,,
1784,131,262,0.2871781127692445,0.004286835515959433,0.2801262683454912,1.0,,,,
1785,132,264,0.27553840095092125,0.004103217920297936,0.26878860747203115,1.0,,,,
1786,133,266,0.26297706754415084,0.007050271820137947,0.2513793704000239,1.0,,,,
1787,134,268,0.2442250266774623,0.005878526951319525,0.23455484984254169,1.0,,,,
1788,135,270,0.22680039113712147,0.004760047822119315,0.2189701124697352,1.0,,,,
1789,136,272,0.21179881531644842,0.007428069842993148,0.1995796404247247,1.0,,,,
1790,137,274,0.19358036851642413,0.004204011721600109,0.18666476923439196,1.0,,,,
1791,138,276,0.17837850638240144,0.0020506875209893275,0.175005125410374,1.0,,,,
1792,139,278,0.16146705961710112,0.004059176155711431,0.1547897148409558,1.0,,,,
1793,140,280,0.14361373052248716,0.004552413528344301,0.1361250102683608,1.0,,,,
1794,141,282,0.12607916628700622,0.0035713267666615434,0.12020433375584798,1.0,,,,
1795,142,284,0.11030243225218361,0.0026098270830688473,0.10600926670053536,1.0,,,,
1796,143,286,0.09291321638241859,0.0027261973415993244,0.0884286217554877,1.0,,,,
1797,144,288,0.07320362872364208,0.0021619026477893892,0.06964729886802853,1.0,,,,
1798,145,290,0.057218624825016176,0.0018020261442143624,0.05425429181778355,1.0,,,,
1799,146,292,0.04474561302719957,0.0018853230259631628,0.04164425664949017,1.0,,,,
1800,147,294,0.032325413891566075,0.0010902915411698337,0.030531884306341697,1.0,,,,
1801,148,296,0.021067290612223084,0.0013168539033555375,0.018901065941203225,1.0,,,,
1802,149,298,0.01727369695884386,0.0010332862714480138,0.015573941042311877,1.0,,,,
1803,150,300,0.01565098836426507,0.0009930439835421942,0.014017431011338162,1.0,,,,
1804,151,302,0.014599720073640274,0.0010584989494351934,0.012858489301819381,1.0,,,,
1805,152,304,0.013359115504337424,0.0009523111679699807,0.011792563633026805,1.0,,,,
1806,153,306,0.012868621734830466,0.0008514716362219149,0.011467950893245416,1.0,,,,
1807,154,308,0.011368934483727732,0.0005929430900052145,0.010393543100669155,1.0,,,,
1808,155,310,0.010700748436156982,0.0008584015557249183,0.00928867787698949,1.0,,,,
1809,156,312,0.00959532901338119,0.0005289264512839833,0.008725245001019037,1.0,,,,
1810,157,314,0.008990161896122572,0.0003391985554078567,0.008432180272476648,1.0,,,,
1811,158,316,0.008144641022944472,0.0004563928339399283,0.00739387481111329,1.0,,,,
1812,159,318,0.007867715272385648,0.0006000888751961411,0.006880569072687996,1.0,,,,
1813,160,320,0.007189166993423221,0.00040864965487145646,0.006516938311159675,1.0,,,,
1814,161,322,0.006698340141007272,0.00040513992926705463,0.006031884957362968,1.0,,,,
1815,162,324,0.006355965730492967,0.0004597431205104401,0.005599688297253293,1.0,,,,
1816,163,326,0.005313953715932112,0.00046407100571107607,0.0045505569115373914,1.0,,,,
1817,164,328,0.0047640176640883205,0.00039830006671809625,0.004108814054337052,1.0,,,,
1818,165,330,0.004222059986590658,0.0002639415665952841,0.003787876109541416,1.0,,,,
1819,166,332,0.004142732442121893,0.00027608190662278364,0.0036885777057274133,1.0,,,,
1820,167,334,0.003820846995330203,0.0003539709644544339,0.003238564758802659,1.0,,,,
1821,168,336,0.00322851631455127,0.0002514513350590815,0.0028148788683790807,1.0,,,,
1822,169,338,0.0029386678873677,0.00028554831744615394,0.002468940905168777,1.0,,,,
1823,170,340,0.0026763073381068647,0.0001031782344321028,0.0025065791424660555,1.0,,,,
1824,171,342,0.002362813962723246,0.0001515634236925632,0.002113492130748979,1.0,,,,
1825,172,344,0.002193980257044428,0.00019353320684907025,0.0018756181317777076,1.0,,,,
1826,173,346,0.0017961055746740686,0.0001169326534297326,0.0016037513597821585,1.0,,,,
1827,174,348,0.0016102563284837578,0.0001012767592058112,0.0014436560595901984,1.0,,,,
1828,175,350,0.0014914879805755289,0.0001209734435581552,0.0012924866659223635,1.0,,,,
1829,176,352,0.0012701973651044651,8.666856366042737e-05,0.0011276275778830621,1.0,,,,
1830,177,354,0.0011863811019990386,0.00011572039449668759,0.0009960210530519874,1.0,,,,
1831,178,356,0.0009915851810772683,0.00010347168969220641,0.0008213742515335888,1.0,,,,
1832,179,358,0.0008858989444581647,7.555792006770853e-05,0.0007616061659467842,1.0,,,,
1833,180,360,0.0007173345253047069,4.4853047787293334e-05,0.0006435512616946094,1.0,,,,
1834,181,362,0.0006294852014198779,5.1546599083570665e-05,0.0005446910459274042,1.0,,,,
1835,182,364,0.0005548413222132402,6.149185569016908e-05,0.00045368721960291206,1.0,,,,
1836,183,366,0.0004980330035806289,3.7855602251536025e-05,0.00043576053787685215,1.0,,,,
1837,184,368,0.00043289011433930816,6.29245960628134e-05,0.0003293791538159801,1.0,,,,
1838,185,370,0.0003614116482666309,5.096376338554065e-05,0.0002775762574974165,1.0,,,,
1839,186,372,0.0003160606550403165,5.938651389097553e-05,0.0002183698396896617,1.0,,,,
1840,187,374,0.0002548512115508689,2.6306400131980404e-05,0.00021157718333376113,1.0,,,,
1841,188,376,0.00021773980109705203,2.264872764478846e-05,0.000180482644121375,1.0,,,,
1842,189,378,0.00017521132442943247,2.7516077057717035e-05,0.00012994737766948796,1.0,,,,
1843,190,380,0.00015980599589294513,2.7845859621259827e-05,0.00011399955681597271,1.0,,,,
1844,191,382,0.0001161701747878509,1.2402766984032459e-05,9.57676230991175e-05,1.0,,,,
1845,192,384,9.952740681457042e-05,1.9187343175359326e-05,6.796422729110433e-05,1.0,,,,
1846,193,386,8.256295534054136e-05,1.1848861783702592e-05,6.30715777063506e-05,1.0,,,,
1847,194,388,6.277430835819459e-05,6.349022536951757e-06,5.233016628490895e-05,1.0,,,,
1848,195,390,5.227529320236795e-05,8.961173199037173e-06,3.75341632899518e-05,1.0,,,,
1849,196,392,3.8012089653379794e-05,3.7736291388242988e-06,3.180446972001382e-05,1.0,,,,
1850,197,394,3.295599887988906e-05,3.382495787019664e-06,2.7391793310241712e-05,1.0,,,,
1851,198,396,2.5993595395965258e-05,3.523908442569164e-06,2.0196766007938982e-05,1.0,,,,
1852,199,398,2.150534669502687e-05,4.053454533123339e-06,1.4837413988038976e-05,1.0,,,,
1853,200,400,1.6154900048511718e-05,2.562475799566199e-06,1.1939627358225321e-05,1.0,,,,
1854,201,402,1.2193790794282582e-05,2.137633013731521e-06,8.67738448669423e-06,1.0,,,,
1855,202,404,9.372313345164382e-06,1.8414746104348535e-06,6.3430876109990475e-06,1.0,,,,
1856,203,406,6.6905086442196265e-06,1.106947167057673e-06,4.869580554409754e-06,1.0,,,,
1857,204,408,4.8585672065535235e-06,1.1264400817380405e-06,3.005573272094447e-06,1.0,,,,
1858,205,410,3.930034752157662e-06,8.934971848764177e-07,2.4602318830359548e-06,1.0,,,,
1859,206,412,3.094091448825011e-06,7.663271458289836e-07,1.833483293936333e-06,1.0,,,,
1860,207,414,2.015905272345573e-06,3.572668180459826e-07,1.4282013566599318e-06,1.0,,,,
1861,208,416,1.448280957293943e-06,2.2088014435408928e-07,1.0849331198314661e-06,1.0,,,,
1862,209,418,1.0403489316098973e-06,2.009886232348282e-07,7.097226463886049e-07,1.0,,,,
1863,210,420,7.296928325795232e-07,8.44774169496821e-08,5.907274816972961e-07,1.0,,,,
1864,211,422,5.24524932443222e-07,1.0611541522612044e-07,3.4996507439625385e-07,1.0,,,,
1865,212,424,3.6508458645807986e-07,9.324774859492778e-08,2.1169204001942366e-07,1.0,,,,
1866,213,426,2.5469563999894665e-07,6.32776469423906e-08,1.506039107787141e-07,1.0,,,,
1867,214,428,1.3911345182554868e-07,2.8114154076273764e-08,9.286566837007834e-08,1.0,,,,
1868,215,430,9.157333248812969e-08,2.4408767262705067e-08,5.1420910340979855e-08,1.0,,,,
1869,216,432,5.886396577024669e-08,1.1226588362213193e-08,4.039622791440599e-08,1.0,,,,
1870,217,434,3.4028652757337454e-08,6.0463339311444764e-09,2.408243344060479e-08,1.0,,,,
1871,218,436,1.9599167434754423e-08,3.751992650515198e-09,1.3427139524656922e-08,1.0,,,,
1872,219,438,1.0150338735777901e-08,1.586041963257812e-09,7.541299706218801e-09,1.0,,,,
1873,220,440,6.681507105304124e-09,1.7371223826974252e-09,3.82394078576686e-09,1.0,,,,
1874,221,442,3.5800502680812165e-09,1.1507449660815163e-09,1.687074798877122e-09,1.0,,,,
1875,222,444,2.4710662898643586e-09,1.2875473514180044e-09,3.5305089678174134e-10,1.0,,,,
1876,223,446,1.1077253537562086e-09,3.7632440919489503e-10,4.886717006306063e-10,1.0,,,,
1877,224,448,4.27974910971639e-10,1.3516805520613052e-10,2.056234601575543e-10,1.0,,,,
1878,225,450,2.3424872079256505e-10,9.432496339495785e-11,7.908415600785937e-11,1.0,,,,
1879,226,452,1.3359482848561718e-10,5.869941517663101e-11,3.7034290520059174e-11,1.0,,,,
1880,227,454,4.3590462897447696e-11,1.9441645806639413e-11,1.1608955545525863e-11,1.0,,,,
1881,228,456,1.9305139600703557e-11,5.347820983292687e-12,1.0507974083187087e-11,1.0,,,,
1882,229,458,8.193730392118568e-12,2.3772465845113882e-12,4.283159760597334e-12,1.0,,,,
1883,230,460,1.9404621748965245e-12,7.827170186660414e-13,6.528926791908863e-13,1.0,,,,
1884,231,462,6.915577467308069e-13,3.102943679832002e-13,1.8112351139844256e-13,1.0,,,,
1885,232,464,3.0937108323239205e-13,1.7508519254713148e-13,2.135594149236077e-14,1.0,,,,
1886,233,466,8.227096655173744e-14,5.51995911394164e-14,-8.532360872602549e-15,1.0,,,,
1887,234,468,1.9406056503252817e-14,1.0528887583466006e-14,2.086036428451238e-15,1.0,,,,
1888,235,470,3.785327864035317e-15,1.1448816190208042e-15,1.9019976007460938e-15,1.0,,,,
1889,236,472,6.387215890974305e-16,6.194047686726902e-16,-3.80199255369145e-16,1.0,,,,
1890,237,474,1.8160772193461183e-16,1.9348310841978904e-16,-1.3667199141594113e-16,1.0,,,,
1891,238,476,2.712744370055633e-17,2.4352855711643352e-17,-1.2933003945096987e-17,1.0,,,,
1892,239,478,1.8519633516524958e-18,8.399765031244853e-19,4.702020040127174e-19,1.0,,,,
1893,240,480,2.5875414086341414e-19,1.369445771958619e-19,3.348031137622131e-20,1.0,,,,
1894,241,482,2.080299013951519e-20,1.419554835496557e-20,-2.5486869044031737e-21,1.0,,,,
1895,242,484,1.5017744937261934e-21,1.2354470847224732e-21,-5.30535960642275e-22,1.0,,,,
1896,243,486,4.8916492687732295e-23,2.7815024440323605e-23,3.160777483399961e-24,1.0,,,,
1897,244,488,9.757147174148497e-25,6.346231282453718e-25,-6.824032854878687e-26,1.0,,,,
1898,245,490,3.5808117462446837e-26,1.6702781520585924e-26,8.332041861082993e-27,1.0,,,,
1899,246,492,5.929459793667728e-26,3.4027542893784186e-26,3.319289876402285e-27,1.0,,,,
1900,247,494,3.4899952957863563e-26,3.269025749640613e-26,-1.8875520623724515e-26,1.0,,,,
1901,248,496,1.50953564528333e-26,2.4431872770792426e-26,-2.5095074255120238e-26,1.0,,,,
1902,249,498,7.02798349539359e-27,6.391449274998868e-27,-3.4859505619795485e-27,1.0,,,,
1903,250,500,2.3212345949354815e-27,1.2964270949011004e-27,1.8861202382317117e-28,1.0,,,,
1904,251,502,1.4520006757300912e-27,1.046432001638935e-27,-2.6937996696595667e-28,1.0,,,,
1905,252,504,1.8141010456669564e-27,1.3909685942793557e-27,-4.7404229192258395e-28,1.0,,,,
1906,253,506,9.108180175781664e-28,1.270059846496584e-27,-1.1784304299087144e-27,1.0,,,,
1907,254,508,5.913217744497856e-28,7.2430148769864515e-28,-6.001541728144857e-28,1.0,,,,
1908,255,510,3.195503299256711e-28,4.328304097080415e-28,-3.924556940440571e-28,1.0,,,,
1909,256,512,2.050893196436415e-28,2.1070382707129394e-28,-1.4151847588863703e-28,1.0,,,,
1910,257,514,1.0184981504745952e-28,1.358133384232631e-28,-1.2156312665880825e-28,1.0,,,,
1911,258,516,4.120328665908043e-29,4.1636996495194735e-29,-2.7289572575514917e-29,1.0,,,,
1912,259,518,1.2549915750592375e-29,4.4742182514204615e-30,5.189826727005716e-30,1.0,,,,
1913,260,520,6.29374705834517e-30,5.315218205197049e-30,-2.4497868892039748e-30,1.0,,,,
1914,261,522,5.177285608135426e-30,8.215374848422939e-30,-8.337006017520309e-30,1.0,,,,
1915,262,524,3.114394426769412e-30,2.6839299761873362e-30,-1.3006703840587559e-30,1.0,,,,
1916,263,526,3.8851718822297276e-30,4.6961131020071235e-30,-3.839934170571991e-30,1.0,,,,
1917,264,528,6.05051410310805e-31,5.976858207536208e-31,-3.7814176482890125e-31,1.0,,,,
1918,265,530,3.422686106042269e-31,2.974849542447204e-31,-1.4709413912833818e-31,1.0,,,,
1919,266,532,1.8476740269517712e-31,1.6434381252451328e-31,-8.557816890764724e-32,1.0,,,,
1920,267,534,6.869399492644672e-32,4.70378666120778e-32,-8.683295650421258e-33,1.0,,,,
1921,268,536,6.015696649473064e-32,5.810028845899804e-32,-3.541800802032113e-32,1.0,,,,
1922,269,538,4.2856166648660476e-32,6.214999021096117e-32,-5.938056724837065e-32,1.0,,,,
1923,270,540,1.1120862505212325e-32,1.4192988441372428e-32,-1.222660348084532e-32,1.0,,,,
1924,271,542,1.1286131222131125e-32,1.0422960935211441e-32,-5.859639516291695e-33,1.0,,,,
1925,272,544,2.5799435431279367e-33,2.5559331634799587e-33,-1.6245665107965956e-33,1.0,,,,
1926,273,546,2.3857951497001405e-33,3.382212757865208e-33,-3.177944836988126e-33,1.0,,,,
1927,274,548,5.881765985222641e-34,4.221240024331078e-34,-1.0621738548019822e-34,1.0,,,,
1928,275,550,3.310490628082953e-34,3.705400201394968e-34,-2.7848927032117692e-34,1.0,,,,
1929,276,552,1.9334055162216933e-34,1.8878476965118572e-34,-1.1721039445403119e-34,1.0,,,,
1930,277,554,5.967227777306843e-35,5.405328197696308e-35,-2.924537107903584e-35,1.0,,,,
1931,278,556,3.212491004462233e-35,4.3819559997720053e-35,-3.9958266151627156e-35,1.0,,,,
1932,279,558,4.165998068776816e-35,5.099624335016247e-35,-4.2228839623249107e-35,1.0,,,,
1933,280,560,1.5624591234118642e-35,1.461355140375114e-35,-8.414700825051982e-36,1.0,,,,
1934,281,562,2.4179602567523266e-36,1.36910949275242e-36,1.6577514117459564e-37,1.0,,,,
1935,282,564,2.3280976400218632e-36,2.5276939452584897e-36,-1.8299588999283524e-36,1.0,,,,
1936,283,566,1.4482628445473483e-36,1.698365056135768e-36,-1.34554767279599e-36,1.0,,,,
1937,284,568,4.507091964269625e-37,9.695777948648445e-37,-1.1442462761257067e-36,1.0,,,,
1938,285,570,9.101509813932994e-37,1.3473138864520104e-36,-1.3061803618202577e-36,1.0,,,,
1939,286,572,7.178324731330672e-38,5.643086658408068e-38,-2.1045528217506e-38,1.0,,,,
1940,287,574,2.7119413110413815e-38,3.0197323197996493e-38,-2.2555183550290412e-38,1.0,,,,
1941,288,576,3.451846422843032e-38,6.132094588936067e-38,-6.635449175956797e-38,1.0,,,,
1942,289,578,3.5651424628353195e-39,3.0411175187790884e-39,-1.4374958555562807e-39,1.0,,,,
1943,290,580,3.0201151766786805e-39,2.3602394420465347e-39,-8.624787054878693e-40,1.0,,,,
1944,291,582,5.044120135114146e-39,7.009047183140063e-39,-6.485762481151258e-39,1.0,,,,
1945,292,584,7.417091008129284e-40,6.685719563256446e-40,-3.5809176734275705e-40,1.0,,,,
1946,293,586,1.2598629930704922e-40,1.0442898721731448e-40,-4.579938466543309e-41,1.0,,,,
1947,294,588,1.3175895721263684e-40,1.8296685955199493e-40,-1.6922152675039481e-40,1.0,,,,
1948,295,590,4.4300162916433174e-41,6.978829629481658e-41,-7.050158448854011e-41,1.0,,,,
1949,296,592,1.6034047015888226e-41,1.1702197963108228e-41,-3.2160686334248085e-42,1.0,,,,
1950,297,594,1.4016520019182444e-41,1.9321701216032882e-41,-1.776767848119165e-41,1.0,,,,
1951,298,596,7.47180211406951e-42,6.622224043328449e-42,-3.4217564372057884e-42,1.0,,,,
1952,299,598,4.7185029432515453e-42,9.869019245086854e-42,-1.151603371491633e-41,1.0,,,,
1953,300,600,1.0791602460786541e-42,2.3395682276204313e-42,-2.7694294883569554e-42,1.0,,,,
