{"loss": [20310.86328125, 8632.482421875, 7571.94140625, 6981.05224609375, 6737.24951171875, 6524.12255859375, 6497.57763671875, 6394.43701171875, 6185.11572265625, 6309.2509765625, 6172.90234375, 6176.56396484375, 5961.8603515625, 6244.11474609375, 6265.78466796875, 6134.5556640625, 5896.90771484375, 6183.9951171875, 6065.44873046875, 6002.47998046875, 5908.42236328125, 6002.7724609375], "val_loss": [7818.96728515625, 6473.91357421875, 6069.3955078125, 5790.7998046875, 5688.09375, 5622.1953125, 5573.4638671875, 5507.36669921875, 5470.0771484375, 5458.3935546875, 5486.357421875, 5419.05810546875, 5430.69775390625, 5532.2392578125, 5498.40771484375, 5419.810546875, 5416.7587890625, 5444.22314453125, 5446.9853515625, 5558.77099609375, 5410.60888671875, 5390.94873046875]}