{"loss": [14315.8173828125, 6398.39013671875, 5762.7119140625, 5689.20947265625, 5559.03369140625, 5466.3740234375, 5451.10107421875, 5009.59033203125, 4037.938720703125, 3029.516845703125, 2573.422119140625, 2427.09716796875, 2228.753662109375, 2012.6531982421875, 1621.0596923828125, 1333.7293701171875, 1173.545166015625, 1041.86328125, 849.937255859375, 775.692138671875, 615.1887817382812, 583.0602416992188, 471.93878173828125, 380.2103271484375, 344.4373779296875, 322.55767822265625, 286.4847717285156, 239.40933227539062, 211.89454650878906, 181.0185546875, 170.04840087890625, 170.46240234375, 151.21229553222656, 148.03138732910156, 137.49183654785156, 134.6490936279297, 115.68403625488281, 125.70895385742188, 108.64268493652344, 95.65061950683594, 80.23834228515625, 90.98705291748047, 101.41819763183594], "val_loss": [6585.0, 5535.4658203125, 5241.4052734375, 5395.80517578125, 5437.83203125, 5267.15380859375, 5213.2451171875, 4481.3974609375, 3184.673583984375, 2351.40185546875, 2265.079345703125, 2293.2490234375, 2004.6644287109375, 1653.079833984375, 1544.651123046875, 1543.7315673828125, 1716.373046875, 1429.549560546875, 1353.7325439453125, 1228.2952880859375, 1246.0985107421875, 1136.870361328125, 1174.6983642578125, 1018.5125732421875, 995.4415283203125, 1022.71923828125, 1020.4896240234375, 947.7257080078125, 927.6735229492188, 943.0632934570312, 920.7448120117188, 909.6956787109375, 884.4547729492188, 871.648193359375, 879.79736328125, 889.6112670898438, 955.7978515625, 867.6226196289062, 900.7457275390625, 905.62451171875, 846.51220703125, 875.8160400390625, 931.7339477539062]}